s0,r0,-0.5558390672442244,9.017169195260552,5.219765309753446,-0.011809401074608893,-0.011809401074608893,98.47287222154074,-38.11446982400023
s0,r1,-0.5354001610070014,9.017169195260552,4.724503063372932,-0.012567594045601642,-0.012567594045601631,91.41018770695194,-37.42005289685829
s0,r2,7.6091578483205184,9.017169195260552,5.470817383016856,0.1542460873927796,0.1542460873927795,80.51740235179275,-31.222416723023333
s1,r0,0.6674840306546058,8.25943416974276,5.219765309753446,0.01548244717758831,0.015482447177588326,89.30435002369185,-35.906457924282236
s1,r1,0.4225598605912772,8.25943416974276,4.724503063372932,0.010828836825655998,0.010828836825655995,72.77321761456338,-38.80234328478409
s1,r2,-5.871417261036302,8.25943416974276,5.470817383016856,-0.12993927252757004,-0.12993927252756998,81.23866900351734,-32.43529374018416
s2,r0,0.18733486345994957,14.069982350704512,5.219765309753446,0.002550786317211175,0.0025507863172111755,173.30399437831653,-52.62717054613461
s2,r1,-1.399198373281763,14.069982350704512,4.724503063372932,-0.021048909650744328,-0.02104890965074431,181.40358415512986,-32.07966435998526
s2,r2,23.678182350173895,14.069982350704512,5.470817383016856,0.3076115159561123,0.3076115159561122,157.27673215942423,-23.136779514503843
s0,r0,-1.2441849845116586,7.073512075984329,5.254825015206626,-0.033472765714118106,-0.033472765714118086,70.2154241109414,-29.381330680523686
s0,r1,-1.836036300881745,7.073512075984329,6.000090629906567,-0.043260183161215625,-0.04326018316121564,75.33114529643207,-27.118863241391544
s0,r2,5.52070175315197,7.073512075984329,6.030233880537467,0.12942704329017152,0.12942704329017143,71.8887467235423,-24.37182197968337
s1,r0,1.4392297481387337,8.992798880915139,5.254825015206626,0.030456289195760808,0.030456289195760804,97.8150024806906,-30.21263989444004
s1,r1,1.2039789471405562,8.992798880915139,6.000090629906567,0.02231342316734293,0.02231342316734296,107.72530334046914,-32.85829331971012
s1,r2,-7.224480286534483,8.992798880915139,6.030233880537467,-0.1332224981488619,-0.1332224981488619,108.3986411215173,-23.27456667503591
s2,r0,-1.2869198008339366,9.711165740871351,5.254825015206626,-0.025218651382763736,-0.025218651382763715,92.77212944579861,-31.121709773473953
s2,r1,-1.2005391580366733,9.711165740871351,6.000090629906567,-0.020603791831305222,-0.02060379183130523,118.37932280069909,-32.7111225176616
s2,r2,17.22416982051841,9.711165740871351,6.030233880537467,0.29412556605328194,0.2941255660532817,81.39661236291742,-18.169498059486024
s0,r0,0.44042328851317303,8.710203157984155,3.8015590942203223,0.013300876003739942,0.013300876003739946,72.78086026075603,-37.27932250839177
s0,r1,0.009512537535417382,8.710203157984155,3.417310796023839,0.00031958296388417143,0.00031958296388416736,74.81169911166047,-79.50256344944165
s0,r2,10.443371733060596,8.710203157984155,5.877523629497508,0.20399431691614206,0.2039943169161418,61.00864361176055,-19.328401599974107
s1,r0,-0.21653440462630896,7.1724165301925,3.8015590942203223,-0.007941447359780078,-0.00794144735978009,51.24851167501092,-41.88723951306893
s1,r1,0.10794732470803409,7.1724165301925,3.417310796023839,0.004404147972291019,0.0044041479722910035,53.556682802929316,-46.45661605032385
s1,r2,-7.118876164359441,7.1724165301925,5.877523629497508,-0.16886962994472476,-0.16886962994472465,71.406429398197,-20.226661257311015
s2,r0,-0.2057056612526162,5.945141145308839,3.8015590942203223,-0.009101696055820658,-0.009101696055820665,36.16936292517747,-39.707184938529316
s2,r1,0.14221560778082906,5.945141145308839,3.417310796023839,0.0070000414759893315,0.007000041475989302,35.434474624033676,-42.926463739508854
s2,r2,11.505908577440888,5.945141145308839,5.877523629497508,0.32927925109818873,0.3292792510981884,36.679411686251896,-16.072488185137935
s0,r0,-0.04421372762568299,5.151758337233822,3.6484309550415412,-0.0023523152118039292,-0.00235231521180393,36.04909964254468,-52.576575567374185
s0,r1,0.7711184930526114,5.151758337233822,4.690911530655011,0.03190864730163247,0.03190864730163246,40.0378211230076,-29.819610878992
s0,r2,2.9668350699695853,5.151758337233822,4.481005982568472,0.12851753813850705,0.1285175381385071,31.784721372381945,-25.4028906905435
s1,r0,-0.035267428728697564,6.204834333909908,3.6484309550415412,-0.0015578924585605838,-0.0015578924585605799,41.44198330992368,-55.79149625171251
s1,r1,0.12076760968687074,6.204834333909908,4.690911530655011,0.0041491872783898055,0.004149187278389812,45.04183406251827,-47.277814746140756
s1,r2,-3.455795472074545,6.204834333909908,4.481005982568472,-0.124291754053401,-0.12429175405340101,53.892906492225805,-26.330834220762142
s2,r0,0.3635418179566411,7.985170322588006,3.6484309550415412,0.012478548140532666,0.01247854814053267,60.62301580639474,-37.24033721815902
s2,r1,-0.5064329244957367,7.985170322588006,4.690911530655011,-0.013520118751158803,-0.013520118751158801,76.99014379742283,-36.43903303271939
s2,r2,10.055605721772624,7.985170322588006,4.481005982568472,0.2810273115075416,0.2810273115075416,48.92380366518385,-19.316653752133178
s0,r0,1.7493641670613442,8.37786859027401,5.360409346002273,0.038953701028586446,0.03895370102858642,75.01175780178741,-28.139200372320463
s0,r1,0.24477170697768913,8.37786859027401,4.953361898943348,0.005898310258504848,0.0058983102585048195,86.52623552627617,-44.69518612542958
s0,r2,3.1075305389369547,8.37786859027401,6.561782719803043,0.05652753086489426,0.05652753086489428,110.27364576176707,-34.974447805407216
s1,r0,-1.9259776211747937,8.80501382261709,5.360409346002273,-0.04080592610223408,-0.04080592610223406,91.85191448424759,-27.744310306589817
s1,r1,-0.7872337488119754,8.80501382261709,4.953361898943348,-0.018049850233417396,-0.018049850233417392,81.68717952566548,-34.867655988149174
s1,r2,-2.597906879919931,8.80501382261709,6.561782719803043,-0.044964699199693085,-0.0449646991996931,86.31111692827541,-40.27865159968922
s2,r0,1.0869690491972854,9.155089844703461,5.360409346002273,0.02214912691131612,0.022149126911316104,73.28170087584995,-32.56977214739151
s2,r1,1.5411118322647432,9.155089844703461,4.953361898943348,0.0339837644555515,0.03398376445555147,58.62252584307326,-28.822231355798365
s2,r2,6.05748850992834,9.155089844703461,6.561782719803043,0.10083426636246907,0.10083426636246909,88.38157173739602,-32.96563236822441
s0,r0,0.502960391816941,11.631444208259513,6.382762993141589,0.006774721169217679,0.006774721169217695,160.42811010050073,-43.20025254269411
s0,r1,-0.6117042266172279,11.631444208259513,4.275672472097359,-0.012299951804503741,-0.012299951804503727,147.57745092104474,-37.9669309562218
s0,r2,2.9718460384105594,11.631444208259513,9.636328572624446,0.026514354868107784,0.026514354868107774,164.14675361895326,-33.24532974410825
s1,r0,0.842254540092577,12.53531111748739,6.382762993141589,0.01052687643055746,0.010526876430557471,155.46715677539996,-39.52724626418466
s1,r1,0.5703330494243596,12.53531111748739,4.275672472097359,0.010641160449736412,0.010641160449736405,145.82195801101628,-39.25703959331292
s1,r2,-3.192454287308938,12.53531111748739,9.636328572624446,-0.02642883199397568,-0.026428831993975672,186.2563827382743,-37.04459915120659
s2,r0,-4.019684427435464,14.10727187082029,6.382762993141589,-0.04464164658701021,-0.04464164658701027,195.12098630035587,-26.008458821327462
s2,r1,-2.153156582374709,14.10727187082029,4.275672472097359,-0.03569670647263171,-0.035696706472631685,163.6007859264429,-27.774660216147964
s2,r2,18.98159132393767,14.10727187082029,9.636328572624446,0.1396297572209235,0.13962975722092347,173.97566390980586,-47.52627064216687
s0,r0,-0.1737920720721061,9.255727286810787,8.593045976702808,-0.0021851048238388303,-0.0021851048238388368,100.10693499164537,-54.01333047923407
s0,r1,-0.039696995674270596,9.255727286810787,2.92687351225653,-0.001465355961965472,-0.0014653559619654723,68.90674855258705,-55.18460088426405
s0,r2,-0.03880324211946902,9.255727286810787,2.2946893921351323,-0.0018269790009943188,-0.001826979000994316,73.04380020726772,-54.04893256269391
s1,r0,0.08119148470829304,6.246660898590693,8.593045976702808,0.0015125697718186843,0.0015125697718186876,98.79048693696805,-55.72074145910375
s1,r1,-0.0033296786346373214,6.246660898590693,2.92687351225653,-0.0001821169776212459,-0.00018211697762124764,39.23349370994239,-68.84696588366273
s1,r2,0.24168498984147727,6.246660898590693,2.2946893921351323,0.016860786921430605,0.01686078692143058,41.25829831564327,-35.50522058630435
s2,r0,-0.10596706583319183,8.907163880832329,8.593045976702808,-0.0013844724907196022,-0.0013844724907196065,90.44030024023822,-57.90096965188721
s2,r1,0.12931035119468856,8.907163880832329,2.92687351225653,0.004960093851245225,0.004960093851245219,62.873951015411826,-46.36618633558606
s2,r2,-0.23666702767243467,8.907163880832329,2.2946893921351323,-0.011579089361173371,-0.011579089361173349,65.89503167279905,-38.65566084357254
s0,r0,-0.20297084813428326,6.885012707897371,8.155442925095562,-0.003614775812022383,-0.0036147758120223853,52.90633873726024,-49.21592576483326
s0,r1,0.8677178517816739,6.885012707897371,2.755262332850602,0.0457415451713206,0.045741545171320674,36.9848092137556,-26.815468967546472
s0,r2,-0.4431655237941088,6.885012707897371,4.052565524724304,-0.015882950237130735,-0.01588295023713076,37.9735588237426,-36.03140385989452
s1,r0,-0.5666771504907471,8.762313745217494,8.155442925095562,-0.00792992991711332,-0.00792992991711333,106.21510997156172,-42.11715700064353
s1,r1,-0.8452577236713101,8.762313745217494,2.755262332850602,-0.035011232001485475,-0.03501123200148552,64.41724367072939,-29.07907577227833
s1,r2,0.31811661624577414,8.762313745217494,4.052565524724304,0.008958545610992396,0.008958545610992406,58.83078337589822,-40.89086248216851
s2,r0,0.7180121186414697,9.435994158893724,8.155442925095562,0.009330320415812185,0.009330320415812174,100.80005324024701,-40.520888939317494
s2,r1,0.8916290056955894,9.435994158893724,2.755262332850602,0.034295218150738056,0.03429521815073806,78.4818971642447,-29.314708362564
s2,r2,0.09078442543495516,9.435994158893724,4.052565524724304,0.002374070657650608,0.002374070657650615,77.76706546789421,-52.278435411352795
s0,r0,-0.14436442677183867,3.645161330182323,7.445582903190604,-0.005319180559361743,-0.005319180559361747,43.567278703309775,-45.704560693550064
s0,r1,-0.3171204500726382,3.645161330182323,2.6957633311816114,-0.0322719890272039,-0.032271989027203844,14.579692268867618,-29.70687161294519
s0,r2,0.06258563934813682,3.645161330182323,5.1554008555562,0.003330393110620074,0.003330393110620085,19.558746892471728,-49.56055760685061
s1,r0,-0.8638285826949093,10.067846324451306,7.445582903190604,-0.011523709151591448,-0.011523709151591453,110.7390319057258,-38.81759894138986
s1,r1,1.0881037720299325,10.067846324451306,2.6957633311816114,0.040091469625919564,0.0400914696259195,80.44284143820796,-27.96986289034398
s1,r2,-0.14956188438282628,10.067846324451306,5.1554008555562,-0.0028815218109340987,-0.0028815218109341013,92.84951631542664,-50.78541973251204
s2,r0,0.7203977967329409,9.060099413631514,7.445582903190604,0.010679248911757781,0.010679248911757783,91.08817701290636,-39.36060275350192
s2,r1,-0.9136692493355415,9.060099413631514,2.6957633311816114,-0.0374088436429824,-0.037408843642982345,56.461872654800764,-28.481564236000654
s2,r2,-0.1457848921538398,9.060099413631514,5.1554008555562,-0.0031211677981807886,-0.0031211677981807947,74.73228065296887,-50.09088424125712
s0,r0,0.2869590323978929,9.015251606485498,8.23879399015368,0.0038634776462549265,0.0038634776462549204,85.92727354808473,-47.38838065756873
s0,r1,-0.1623840293263661,9.015251606485498,1.9750556877390495,-0.009119816844096816,-0.009119816844096783,65.7521357826858,-40.28214163536026
s0,r2,-0.3430425322543377,9.015251606485498,3.769903493166193,-0.010093455784281877,-0.010093455784281856,64.0876873373874,-40.057482210198046
s1,r0,-0.4596607739746772,9.480930130614285,8.23879399015368,-0.005884680038613279,-0.0058846800386133016,109.16728983757058,-44.70090904652435
s1,r1,0.4163816036362148,9.480930130614285,1.9750556877390495,0.022236234331959533,0.02223623433195946,79.42427527147328,-33.08944144198314
s1,r2,0.17881064802018726,9.480930130614285,3.769903493166193,0.005002789138727587,0.0050027891387275794,91.75182534927515,-45.94996309968465
s2,r0,1.7466793950965234,8.895072515844557,8.23879399015368,0.023834171531939913,0.023834171531939927,69.65902448926444,-32.41785037499253
s2,r1,-0.3575682232468488,8.895072515844557,1.9750556877390495,-0.020353077122186924,-0.020353077122186883,63.502701691868076,-33.77164888975162
s2,r2,0.02296840607607016,8.895072515844557,3.769903493166193,0.0006849377962257951,0.0006849377962257944,70.97858894785504,-62.59532047484136
s0,r0,0.24307428847392554,7.277335708223247,7.146383681038781,0.0046739093413011735,0.0046739093413011926,51.36603304741163,-46.380352286278516
s0,r1,0.03203840799356625,7.277335708223247,2.8788446657696074,0.0015292563260798282,0.0015292563260798206,46.53981885316526,-57.403165066707864
s0,r2,-0.008491282794827651,7.277335708223247,3.2981224800641256,-0.00035378068260802,-0.0003537806826080128,40.67815868568489,-68.05417931338606
s1,r0,-0.6312833457757395,8.021840521223105,7.146383681038781,-0.011011943619262924,-0.011011943619262946,84.37219907162766,-39.22762880702343
s1,r1,-0.176526326362787,8.021840521223105,2.8788446657696074,-0.0076439392596254025,-0.007643939259625394,54.57443731347691,-42.18335525530859
s1,r2,0.21480470264906826,8.021840521223105,3.2981224800641256,0.008119008229152713,0.0081190082291527,61.142102067039886,-41.82930050845092
s2,r0,1.2462041545559364,8.393210836362845,7.146383681038781,0.02077661216049285,0.02077661216049289,47.166994926526186,-33.59715401129434
s2,r1,-0.06200864514015518,8.393210836362845,2.8788446657696074,-0.002566290861411081,-0.0025662908614111015,52.656657954749804,-51.24266972841924
s2,r2,-0.16522379400333387,8.393210836362845,3.2981224800641256,-0.005968671514755604,-0.005968671514755612,62.97802604542419,-44.43948078094099
s0,r0,-0.7078648190208846,7.398735701657485,5.477601519981964,-0.017466358879064843,-0.01746635887906485,57.796832370016986,-35.24556325247379
s0,r1,-0.7951290083858784,7.398735701657485,2.3045965239800377,-0.04663212234662421,-0.04663212234662434,45.03123673246695,-26.55074081282975
s0,r2,-0.6224812868154901,7.398735701657485,2.957537853583699,-0.0284471311191041,-0.028447131119104078,48.039909406995584,-30.966499849565096
s1,r0,1.58440868018461,6.995320591513204,5.477601519981964,0.04134939455307318,0.04134939455307322,38.8133145492194,-27.640935588944878
s1,r1,0.7136939949690925,6.995320591513204,2.3045965239800377,0.04426999952910221,0.044269999529102357,40.216873357808005,-27.093103490523678
s1,r2,0.042035320573238354,6.995320591513204,2.957537853583699,0.0020317788219694523,0.002031778821969456,38.12402639637596,-53.44086513057719
s2,r0,-1.6759655684265558,6.5839947458712045,5.477601519981964,-0.046471338455694455,-0.0464713384556945,41.137912293969144,-26.66678115718381
s2,r1,-0.6661431032123688,6.5839947458712045,2.3045965239800377,-0.04390188398286417,-0.04390188398286429,29.52474684760034,-27.09990779409983
s2,r2,-0.038391162608602425,6.5839947458712045,2.957537853583699,-0.0019715667108521255,-0.001971566710852135,39.1036450437982,-54.681498917164845
s0,r0,-0.8554811924322937,6.104727886500588,4.321363710488149,-0.03242823676310946,-0.03242823676310942,40.7132858076884,-29.774350723604144
s0,r1,1.7584132846580909,6.104727886500588,3.013296997586309,0.0955900539931495,0.09559005399314953,29.275869612686094,-20.353577408144346
s0,r2,0.029756155861238445,6.104727886500588,2.952493784946367,0.0016509028694875244,0.0016509028694875266,33.99577561966275,-55.660445017504216
s1,r0,1.0655385545167797,7.426000971651009,4.321363710488149,0.033204224857002314,0.03320422485700228,49.42187651495818,-29.573721581559067
s1,r1,-1.3179521160125012,7.426000971651009,3.013296997586309,-0.058898290688531904,-0.05889829068853194,44.46442112683866,-24.57712762196057
s1,r2,0.3900343886610688,7.426000971651009,2.952493784946367,0.01778930191524147,0.017789301915241463,57.245164218203776,-34.99880302826204
s2,r0,-0.682392865993523,4.80696492963745,4.321363710488149,-0.03285055443182879,-0.03285055443182874,28.19572590281653,-29.636196762984547
s2,r1,0.449692321555962,4.80696492963745,3.013296997586309,0.03104578028498298,0.03104578028498297,20.678803352987487,-30.182063020638346
s2,r2,-0.4184342781923911,4.80696492963745,2.952493784946367,-0.029482703783346532,-0.029482703783346487,25.858172292185923,-30.57941595807719
s0,r0,0.42491749484839386,4.202687575794731,5.05206590775674,0.02001282965001729,0.020012829650017293,33.13584486729659,-33.96903610193111
s0,r1,0.17496553097485795,4.202687575794731,2.448586177085079,0.017002391006635347,0.01700239100663536,17.408688158147637,-35.35997853548628
s0,r2,1.4645231203387414,4.202687575794731,4.478128239381055,0.07781666242804132,0.07781666242804125,26.478411459078753,-22.151349979489694
s1,r0,-1.6433112205945342,5.5098585376518034,5.05206590775674,-0.05903510830134805,-0.05903510830134807,36.67356594013309,-24.56178722962909
s1,r1,-0.013272317872710389,5.5098585376518034,2.448586177085079,-0.0009837640145830104,-0.0009837640145830065,29.285339146573484,-59.82238532964036
s1,r2,-3.06212337152581,5.5098585376518034,4.478128239381055,-0.12410397993251811,-0.12410397993251798,32.19179881972679,-18.056582696182797
s2,r0,1.567880294318393,6.188606351822173,5.05206590775674,0.05014770188655186,0.05014770188655187,35.50259762791354,-25.979191471413277
s2,r1,-0.23636806139806632,6.188606351822173,2.448586177085079,-0.015598417529284009,-0.015598417529284016,34.86507436320804,-36.06995761929737
s2,r2,4.698538365505434,6.188606351822173,4.478128239381055,0.1695404737683052,0.16954047376830494,25.62441019781026,-15.28099689459436
s0,r0,0.23193914734946716,8.96773702436072,5.83177559217549,0.004434966953924596,0.004434966953924596,78.80769514320134,-47.059307442895914
s0,r1,-0.7547329817208993,8.96773702436072,3.7457321050612054,-0.022468483007325006,-0.022468483007324992,75.4480565342863,-32.96508391840205
s0,r2,1.4072734226135082,8.96773702436072,4.050296610909823,0.03874438690296314,0.038744386902963175,62.46071656426297,-28.229312806461465
s1,r0,-0.5834409741724305,6.477324618748632,5.83177559217549,-0.015445446198850977,-0.015445446198850972,54.8927595028587,-36.228981999647594
s1,r1,0.567195158577261,6.477324618748632,3.7457321050612054,0.023377611605266694,0.023377611605266652,39.54471648111285,-32.6595355663789
s1,r2,-0.7787039171543073,6.477324618748632,4.050296610909823,-0.02968177495611524,-0.029681774956115254,39.01606014696847,-30.54289124784218
s2,r0,0.6761188054884948,7.855755624298186,5.83177559217549,0.014758229057585044,0.014758229057585052,51.26920360350624,-36.58497467588471
s2,r1,-0.6809780959966788,7.855755624298186,3.7457321050612054,-0.02314240365776024,-0.023142403657760213,52.9224270258598,-32.577416451987844
s2,r2,1.3104515517525788,7.855755624298186,4.050296610909823,0.041185673834213274,0.041185673834213295,47.218327214076794,-27.69337389900044
s0,r0,-0.6970761789822854,6.655632896423184,4.970023235336066,-0.021073295796806932,-0.021073295796806925,41.02075457959318,-33.523889334898584
s0,r1,-1.2283466902564708,6.655632896423184,3.8747044699702826,-0.04763136380011607,-0.04763136380011608,43.09946158175531,-26.429852962095854
s0,r2,-0.03194704060378116,6.655632896423184,3.8121255479636647,-0.0012591401687644212,-0.0012591401687644184,47.690489911708724,-57.953926397542475
s1,r0,0.4929006390677592,8.85357668160049,4.970023235336066,0.01120165542130443,0.011201655421304416,59.59848688713965,-39.00844950558073
s1,r1,0.76054254095575,8.85357668160049,3.8747044699702826,0.022170024572693514,0.022170024572693514,63.40861803086457,-33.10243489822275
s1,r2,0.13140115176744843,8.85357668160049,3.8121255479636647,0.0038932583494766786,0.003893258349476692,64.62023193100343,-48.21478209637252
s2,r0,-0.15528756824395085,8.69222517138484,4.970023235336066,-0.003594572950048554,-0.0035945729500485675,63.27885640212469,-48.9441289599496
s2,r1,-0.4774163770324262,8.69222517138484,3.8747044699702826,-0.014175153184464905,-0.014175153184464903,50.610571838750914,-36.82074128553857
s2,r2,-0.16067722158666364,8.69222517138484,3.8121255479636647,-0.004849044280269712,-0.0048490442802697166,72.73368784993285,-46.19256424017982
s0,r0,0.036657614034354635,7.1940526544160805,4.2904923226433365,0.0011876362715498015,0.0011876362715497954,47.49845393391055,-58.42439961091384
s0,r1,-0.26959446153886346,7.1940526544160805,3.8330549729919,-0.009776700381265293,-0.009776700381265279,40.88386975545558,-40.28763803744276
s0,r2,-2.421409115238457,7.1940526544160805,4.698907688811392,-0.07163044472060558,-0.07163044472060555,43.56217084346799,-22.87485407456065
s1,r0,-0.20665395172939333,7.100766632862602,4.2904923226433365,-0.006783148821115609,-0.006783148821115604,39.93209512518094,-43.357837253674056
s1,r1,0.4393458864955898,7.100766632862602,3.8330549729919,0.01614196037611916,0.016141960376119126,46.781662872315636,-35.9073940340289
s1,r2,2.4099310485937346,7.100766632862602,4.698907688811392,0.07222748020819109,0.07222748020819106,43.3653640263991,-22.801911758110077
s2,r0,0.052140194929833295,5.854000549500443,4.2904923226433365,0.0020759302740697982,0.002075930274069793,35.11089554758541,-53.71978759252855
s2,r1,-0.9071234532962663,5.854000549500443,3.8330549729919,-0.0404267276644558,-0.040426727664455736,33.01686253033946,-27.78832903882477
s2,r2,-1.797729779240752,5.854000549500443,4.698907688811392,-0.06535438623186857,-0.06535438623186854,21.770444518961533,-23.667650022822496
s0,r0,-0.183986224734446,6.702146754476898,4.543498536938567,-0.006042003636891441,-0.0060420036368914335,42.6309793174511,-44.37754797986139
s0,r1,-0.4427198978592698,6.702146754476898,4.704572612192637,-0.014040899551489789,-0.014040899551489773,33.730878671751405,-37.038943681899184
s0,r2,0.1372992022924331,6.702146754476898,4.063966161377143,0.0050408525916968054,0.005040852591696812,41.245029577061615,-45.951521862000675
s1,r0,0.8777442667358746,8.014305730138476,4.543498536938567,0.024105253495852793,0.02410525349585281,54.42038833084351,-32.34962028634988
s1,r1,1.1407786579144619,8.014305730138476,4.704572612192637,0.030256264335945405,0.030256264335945415,58.35981894818226,-30.419053631788852
s1,r2,0.6681359114935244,8.014305730138476,4.063966161377143,0.020513927964705705,0.020513927964705744,54.33494585442529,-33.76271511782028
s2,r0,-0.4052904394538604,6.137783140613734,4.543498536938567,-0.014533306297980796,-0.014533306297980787,33.17393398448992,-36.76986066714797
s2,r1,-0.243157284625478,6.137783140613734,4.704572612192637,-0.008420842973604585,-0.008420842973604575,31.45400106902899,-41.00546919642092
s2,r2,-0.6545698486594781,6.137783140613734,4.063966161377143,-0.026241845457580314,-0.026241845457580338,36.82776615456674,-31.591686545277277
s0,r0,-0.23063146922116667,7.465113146584349,2.9355295408177224,-0.01052436050006099,-0.010524360500060986,54.10679672837521,-39.57442202128214
s0,r1,-0.4980087718040309,7.465113146584349,8.25006660368604,-0.008086175131777645,-0.008086175131777652,72.01773976215483,-41.844999772245565
s0,r2,-0.46967559884336774,7.465113146584349,6.151827275432942,-0.010227216977116836,-0.010227216977116847,61.32061340883192,-39.798604744219084
s1,r0,0.9115827303139783,11.77296888865755,2.9355295408177224,0.0263768929954685,0.026376892995468488,111.53527517081521,-31.575623318911717
s1,r1,3.6633630492700577,11.77296888865755,8.25006660368604,0.03771694509312079,0.037716945093120804,131.6331332953522,-28.462873283277986
s1,r2,1.2463038680367096,11.77296888865755,6.151827275432942,0.01720813534734533,0.017208135347345343,120.56339305635187,-35.28277114497154
s2,r0,-0.7332855424545934,11.559480817079832,2.9355295408177224,-0.02160968014553469,-0.021609680145534695,118.23806969997597,-33.29106477610721
s2,r1,-2.2255054912551953,11.559480817079832,8.25006660368604,-0.02333634769980575,-0.023336347699805762,106.41928537829014,-32.63256696770311
s2,r2,-1.640086482341979,11.559480817079832,6.151827275432942,-0.023063450768852956,-0.023063450768852956,133.33160320539346,-32.73717695991343
s0,r0,-0.6015549524722716,6.8982624251739395,2.6330361236353403,-0.03311911913019771,-0.033119119130197744,44.79757216376354,-29.596410052550116
s0,r1,-3.4899039788704873,6.8982624251739395,9.389930940920957,-0.05387798783226541,-0.05387798783226552,94.02539470161814,-25.358597436436412
s0,r2,0.261167727994783,6.8982624251739395,6.32261580818396,0.005988016746531946,0.00598801674653196,60.24782405993666,-44.4605996955396
s1,r0,1.0573589317664442,12.382960605489421,2.6330361236353403,0.032429565472156835,0.03242956547215685,131.48652144724394,-29.778841471382837
s1,r1,3.5358653365958816,12.382960605489421,9.389930940920957,0.030409468323896377,0.03040946832389641,156.00322869661318,-30.335417381752592
s1,r2,-1.111714863435901,12.382960605489421,6.32261580818396,-0.014199469788020136,-0.014199469788020138,136.8364197870395,-36.95579430430238
s2,r0,-1.04462976084219,10.14372497744512,2.6330361236353403,-0.03911182771299083,-0.03911182771299084,92.18810424619234,-28.13813670754733
s2,r1,-2.698739288262331,10.14372497744512,9.389930940920957,-0.028333554920985517,-0.02833355492098554,134.8724039569353,-30.94798743110404
s2,r2,1.2859495167635207,10.14372497744512,6.32261580818396,0.020050705622998023,0.020050705622998037,94.39427581788819,-33.94736965157037
s0,r0,-0.8924517108340464,8.138116142782414,2.6211045446966588,-0.041838537922914115,-0.04183853792291419,64.44327073241308,-27.567322104952314
s0,r1,-0.3874855002968216,8.138116142782414,7.2744181806890875,-0.0065453565440500815,-0.006545356544050094,66.04001737342959,-43.68321070409599
s0,r2,1.7715458322839053,8.138116142782414,7.869848342207329,0.027660634990692996,0.027660634990693017,78.03855817477165,-31.16732810892059
s1,r0,1.3369623812191684,11.44929064411198,2.6211045446966588,0.044550877625833395,0.044550877625833395,103.12880750410027,-27.01627204334834
s1,r1,0.5250831193497653,11.44929064411198,7.2744181806890875,0.00630450818451726,0.006304508184517254,86.85151661666103,-44.00697174909357
s1,r2,-5.057608297429767,11.44929064411198,7.869848342207329,-0.056130672756568356,-0.05613067275656829,85.20372919961106,-25.003499474331015
s2,r0,-1.2291869351321778,11.026998993081385,2.6211045446966588,-0.042528127098181136,-0.04252812709818118,116.32749502116887,-27.407156411878066
s2,r1,-0.8252285079567402,11.026998993081385,7.2744181806890875,-0.010287707883282766,-0.010287707883282773,103.46820527392435,-39.74719560358361
s2,r2,3.834480667198565,11.026998993081385,7.869848342207329,0.044185813412620546,0.04418581341262055,81.92496630983959,-27.076706566864676
s0,r0,-3.3410636527524176,12.7979643580777,2.5836024063708294,-0.10104577821926455,-0.10104577821926457,155.61855669515833,-19.86242531828585
s0,r1,-1.0268925692928288,12.7979643580777,7.96734042903815,-0.010070956980061704,-0.010070956980061704,185.90198934997042,-39.938433232991116
s0,r2,0.438467287415341,12.7979643580777,6.872412598222879,0.00498525153644133,0.004985251536441335,160.94426109189715,-46.079129612047105
s1,r0,1.4703067620784538,11.455737073634221,2.5836024063708294,0.049677443359323704,0.049677443359323704,112.18194168111289,-26.06579243409937
s1,r1,-2.669183375251011,11.455737073634221,7.96734042903815,-0.029244351803310156,-0.029244351803310142,113.3586346349813,-30.674680196939367
s1,r2,-0.7141050676588058,11.455737073634221,6.872412598222879,-0.00907047127696287,-0.009070471276962866,132.33647542530653,-40.85323683161147
s2,r0,-1.296093001453998,10.089354367845935,2.5836024063708294,-0.04972183055054643,-0.049721830550546395,84.92173122581826,-26.055653764002408
s2,r1,2.8700415679944307,10.089354367845935,7.96734042903815,0.0357035530093858,0.035703553009385776,88.59932630866803,-28.938604967138826
s2,r2,0.9992552475935326,10.089354367845935,6.872412598222879,0.014411322477095975,0.014411322477095975,108.42752350470431,-36.809750280410455
s0,r0,-0.44083296972203134,5.716656452906409,2.5413899617804114,-0.03034314999056109,-0.03034314999056112,32.22724739802664,-30.356180738513583
s0,r1,-1.828814817014181,5.716656452906409,7.437105348176488,-0.043015374131635885,-0.04301537413163593,68.57196361164559,-27.31991443665019
s0,r2,0.2164476326625857,5.716656452906409,5.683998042888155,0.006661266772352933,0.0066612667723529315,51.59235597406134,-43.54589519669955
s1,r0,1.2783038501095185,9.620635831004805,2.5413899617804114,0.052282820828677426,0.0522828208286774,84.74735466752546,-25.621693529073035
s1,r1,4.659314201358879,9.620635831004805,7.437105348176488,0.06511998458470179,0.06511998458470178,89.3041787178692,-23.707399589693043
s1,r2,0.42628938972498787,9.620635831004805,5.683998042888155,0.007795551193200142,0.007795551193200145,75.61231239501718,-42.14226670160565
s2,r0,-1.9171620236832856,10.738545857716923,2.5413899617804114,-0.07024930490347735,-0.07024930490347729,92.63124737682892,-23.040611147693404
s2,r1,-4.579925257155418,10.738545857716923,7.437105348176488,-0.05734677255049489,-0.057346772550494855,106.88494881067038,-24.810998453340957
s2,r2,-0.6618351455463685,10.738545857716923,5.683998042888155,-0.0108430242747913,-0.010843024274791304,91.41943071445964,-39.3271944939445
s0,r0,-0.11580110343668029,6.000265969678461,3.2796656452081923,-0.005884541440461406,-0.005884541440461408,40.00116030316656,-44.656494547255484
s0,r1,-1.9352370833626558,6.000265969678461,7.714117487881964,-0.04180973616390838,-0.0418097361639084,70.5187443922372,-27.566539016141668
s0,r2,-0.26713148081823745,6.000265969678461,7.20457819600235,-0.006179395762829783,-0.0061793957628297905,57.484673185325285,-44.121288301037
s1,r0,0.6065225232891402,9.554965939426571,3.2796656452081923,0.019354779110474486,0.01935477911047449,79.3883394206153,-34.26892499494313
s1,r1,4.061768678026567,9.554965939426571,7.714117487881964,0.05510611497433127,0.055106114974331294,99.1794301410699,-25.162966382257927
s1,r2,2.2281428578702656,9.554965939426571,7.20457819600235,0.0323672147745764,0.0323672147745764,79.91791335721439,-29.788480223047827
s2,r0,-0.8560999413110816,10.58954359928011,3.2796656452081923,-0.02465004145116233,-0.024650041451162355,103.9087004565449,-32.14438438842768
s2,r1,-3.8369590464151533,10.58954359928011,7.714117487881964,-0.04697033655612969,-0.04697033655612973,100.46509309008137,-26.5499563910778
s2,r2,-4.410275550939356,10.58954359928011,7.20457819600235,-0.057806932263181496,-0.05780693226318158,115.7903327657393,-24.75019972599318
s0,r0,-0.21094913086974218,9.789872292752193,4.443198542759077,-0.004849589669244903,-0.0048495896692449065,80.32562549865241,-46.28090654152676
s0,r1,0.11237297054624627,9.789872292752193,3.980977872692232,0.0028833347840222516,0.002883334784022247,76.11724224171441,-50.78017120361388
s0,r2,-0.16042568394653256,9.789872292752193,7.063177723821809,-0.002320046764090079,-0.0023200467640900856,91.69632370823061,-52.67674922072426
s1,r0,0.028526445366998346,6.861364812327048,4.443198542759077,0.0009357103372643437,0.0009357103372643375,56.62260393551217,-60.584147159199524
s1,r1,-0.27569904451899474,6.861364812327048,3.980977872692232,-0.010093341938004593,-0.01009334193800458,50.290050402703315,-39.93532445058737
s1,r2,-0.17644999981926562,6.861364812327048,7.063177723821809,-0.0036409189994148486,-0.0036409189994148564,77.5432366058305,-48.75946495620797
s2,r0,-0.2810882489368264,9.057022944957138,4.443198542759077,-0.006984921056623346,-0.006984921056623362,81.00665167897529,-43.08324027690357
s2,r1,-0.2261095634570729,9.057022944957138,3.980977872692232,-0.006271099620241206,-0.006271099620241199,77.61189064965596,-44.13590950109371
s2,r2,-0.18947759588644525,9.057022944957138,7.063177723821809,-0.0029619127663180747,-0.0029619127663180773,85.08221386734698,-50.50759813084993
s0,r0,-0.33025995137720704,5.660905070058939,3.5616224912453966,-0.016380311461704537,-0.016380311461704523,27.014043651847604,-35.71294571508994
s0,r1,-0.42681994069815976,5.660905070058939,4.389541526579098,-0.01717669749019632,-0.017176697490196305,25.209689897509413,-35.27661647312553
s0,r2,-0.3475556718753244,5.660905070058939,4.370191479698109,-0.014048761581005247,-0.014048761581005233,27.722904100566375,-37.04561549917369
s1,r0,0.2397388762675749,4.424822579471673,3.5616224912453966,0.015212294290816348,0.015212294290816337,24.98682553750475,-36.35082024864616
s1,r1,0.8345135514117702,4.424822579471673,4.389541526579098,0.04296535157409639,0.04296535157409638,19.561954538979577,-27.350337524931444
s1,r2,0.32519972972971184,4.424822579471673,4.370191479698109,0.016817206167756858,0.016817206167756824,27.424853558444372,-35.48261346447506
s2,r0,-0.2981337273435867,6.0294803126276495,3.5616224912453966,-0.013883000623098997,-0.013883000623099006,31.52041637383992,-37.14608779072417
s2,r1,0.33223472815278005,6.0294803126276495,4.389541526579098,0.012552955331705922,0.012552955331705905,24.562331933921133,-38.21697760183625
s2,r2,-0.3061119886573188,6.0294803126276495,4.370191479698109,-0.011617160548968474,-0.011617160548968471,31.55825126170699,-38.684236993041175
s0,r0,0.11002077554494606,7.338690836855042,4.689678147771829,0.0031967823715048074,0.0031967823715048174,46.13959564678228,-49.903334291239695
s0,r1,0.008551120197085642,7.338690836855042,4.011828703766672,0.00029044375140683864,0.0002904437514068363,43.341519952292224,-70.0611488455079
s0,r2,-0.5376894525049906,7.338690836855042,4.79535781974824,-0.015278893588603086,-0.0152788935886031,38.81284184063663,-36.316317341153535
s1,r0,0.016830231034374657,5.257177505311458,4.689678147771829,0.0006826441905473563,0.0006826441905473563,42.17374281793344,-63.251938620984106
s1,r1,0.05107911626797583,5.257177505311458,4.011828703766672,0.00242185619788289,0.002421856197882901,31.213220692627537,-52.22749637681633
s1,r2,0.15464287579140162,5.257177505311458,4.79535781974824,0.006134176354257893,0.006134176354257901,36.50452180284483,-44.24496836505661
s2,r0,0.10474437980254239,7.0798134728351405,4.689678147771829,0.003154756731508595,0.003154756731508589,48.74648140711475,-50.020910743966176
s2,r1,-0.11614428788042262,7.0798134728351405,4.011828703766672,-0.004089155805628888,-0.004089155805628895,46.28780993690895,-47.86480099111366
s2,r2,-0.6483077414779346,7.0798134728351405,4.79535781974824,-0.019095822665652587,-0.019095822665652594,45.05468206069173,-34.36635633229727
s0,r0,-0.5794354326101727,4.975914245984007,5.189311420587769,-0.02243997802903682,-0.02243997802903684,35.61384180478861,-32.97394987269715
s0,r1,-0.1425631007857714,4.975914245984007,3.2265539973058996,-0.008879638961095353,-0.008879638961095355,23.656403088360253,-41.01190881555708
s0,r2,-0.10152999942052372,4.975914245984007,2.8007108664743945,-0.007285396958456744,-0.007285396958456735,23.214738842946282,-42.73892731314831
s1,r0,0.43359028952161205,5.366902164154092,5.189311420587769,0.015568477188652492,0.015568477188652497,43.36812470392411,-36.16064224204818
s1,r1,0.06267849973913325,5.366902164154092,3.2265539973058996,0.003619561638838432,0.003619561638838426,29.52894706702279,-48.97584548301779
s1,r2,0.23319180330711414,5.366902164154092,2.8007108664743945,0.015513912087059194,0.015513912087059167,28.026158907751704,-36.19430260780379
s2,r0,-0.9625333432319096,5.167731475318567,5.189311420587769,-0.03589269840444035,-0.03589269840444036,39.34693799501245,-28.878305710327908
s2,r1,-0.08843329034343606,5.167731475318567,3.2265539973058996,-0.00530367505309362,-0.005303675053093619,25.954154256263,-45.37419898486759
s2,r2,-0.04669651785520621,5.167731475318567,2.8007108664743945,-0.0032263856790961617,-0.003226385679096156,23.875411663300103,-49.71985807324611
s0,r0,-0.008106836379992134,6.178508513981078,4.2862536251956245,-0.00030611872291676966,-0.00030611872291676917,30.47847261158965,-69.80126142420781
s0,r1,0.004844813146469699,6.178508513981078,3.2771494957346454,0.00023927489216052112,0.00023927489216052242,31.498621042006995,-71.72513488074419
s0,r2,-0.1830721503434449,6.178508513981078,3.1146319490856014,-0.009513315481546939,-0.009513315481546955,34.58491822389422,-40.42650940440438
s1,r0,-0.0037584978278308867,3.763554100935068,4.2862536251956245,-0.00023299053293496,-0.00023299053293496588,24.42370596115416,-71.70788390370694
s1,r1,0.0017254027298352573,3.763554100935068,3.2771494957346454,0.0001398930259059285,0.00013989302590592604,16.38701429309438,-75.2996748230806
s1,r2,0.15567313883374773,3.763554100935068,3.1146319490856014,0.013280327485545865,0.01328032748554586,20.434216400954465,-37.54040872481077
s2,r0,-0.035572346517563566,6.312362150736983,4.2862536251956245,-0.001314748674574685,-0.0013147486745746896,36.62055036590139,-57.5438378511021
s2,r1,-0.15958643750956492,6.312362150736983,3.2771494957346454,-0.007714500642373486,-0.007714500642373484,29.106448231343,-42.24158041994316
s2,r2,-0.10195301053165017,6.312362150736983,3.1146319490856014,-0.005185628650222189,-0.00518562865022219,38.46180545298066,-45.64970193645616
s0,r0,-0.2088987503010789,7.006266047772501,4.705692642764107,-0.006336153060775007,-0.006336153060775004,35.98830247521327,-43.96207627144827
s0,r1,-0.30635433637670645,7.006266047772501,4.404116740832246,-0.00992838443346893,-0.009928384433468926,43.93692363825311,-40.0521448001644
s0,r2,0.1319298446386758,7.006266047772501,2.6058263968156408,0.007226216136337218,0.00722621613633721,43.10997305259183,-42.82181157599437
s1,r0,0.0767178160157731,3.545717591107859,4.705692642764107,0.00459799539071866,0.004597995390718656,23.91210832355246,-46.73502170058949
s1,r1,0.1563524245807388,3.545717591107859,4.404116740832246,0.010012479869086821,0.010012479869086812,22.13646107630295,-40.05237988736088
s1,r2,-0.022910320598502135,3.545717591107859,2.6058263968156408,-0.002479599530472065,-0.0024795995304720576,15.391447218594507,-52.064061088766174
s2,r0,-0.3693837584598088,6.602986739222094,4.705692642764107,-0.011888137332909679,-0.01188813733290967,44.97104749231903,-38.48926034449415
s2,r1,-0.3889034937978407,6.602986739222094,4.404116740832246,-0.013373423485387411,-0.013373423485387404,41.04146538528636,-37.4205874350188
s2,r2,0.023324040268528273,6.602986739222094,2.6058263968156408,0.0013555572944179855,0.0013555572944179866,35.40863020492471,-57.37138701152494
s0,r0,10.280899800144509,6.148297174153319,2.9705079141846324,0.5629185521429645,0.5629185521429648,36.77387749223001,-3.261060433099464
s0,r1,1.4056716306976207,6.148297174153319,1.1883333520102979,0.19239365400999697,0.19239365400999658,38.00561077678552,-14.089750050921642
s0,r2,5.769776664035094,6.148297174153319,2.610288920868724,0.35951380546003464,0.3595138054600349,35.23520125999294,-8.22247696045198
s1,r0,-8.239495225548378,5.155882878068061,2.9705079141846324,-0.537980890363464,-0.537980890363464,26.370240621935604,-3.840335325441597
s1,r1,-1.3617911636679536,5.155882878068061,1.1883333520102979,-0.2222640288277766,-0.22226402882777613,26.314286927495573,-12.790057465398084
s1,r2,-6.706837114477808,5.155882878068061,2.610288920868724,-0.49834044496428587,-0.4983404449642858,25.536437165369225,-4.7504716602245125
s2,r0,4.810957225115736,10.730412906413429,2.9705079141846324,0.15093304986802497,0.150933049868025,80.22290967440178,-16.322378097337168
s2,r1,0.8248335239151396,10.730412906413429,1.1883333520102979,0.06468619170914697,0.06468619170914686,108.8429890175149,-23.770232421321452
s2,r2,4.777953237449207,10.730412906413429,2.610288920868724,0.17058344500670777,0.1705834450067078,92.73204884940155,-15.232177148124318
s0,r0,9.42678241914682,4.599333154132541,3.0536507452728086,0.6711958307797385,0.6711958307797379,20.34208153217297,-0.8556609448350343
s0,r1,4.872275228199624,4.599333154132541,2.2122373597094604,0.4788563178861624,0.47885631788616156,22.290066204487626,-5.260381860172159
s0,r2,5.886087245054176,4.599333154132541,2.435259817732309,0.5255167017970914,0.5255167017970906,23.461159388608667,-4.17965501552289
s1,r0,-5.978865833927342,3.5455370651038605,3.0536507452728086,-0.5522267167774945,-0.5522267167774946,12.85381302576166,-3.5743688697132865
s1,r1,-3.821009911489253,3.5455370651038605,2.2122373597094604,-0.4871519127070459,-0.4871519127070455,11.718328866811381,-5.0666505092946945
s1,r2,-4.643837545899274,3.5455370651038605,2.435259817732309,-0.5378357739596972,-0.5378357739596971,11.723295335806295,-3.9005807373534034
s2,r0,3.554925482758798,2.509089986002559,3.0536507452728086,0.4639753418506881,0.46397534185068745,11.483133677547077,-5.2504622834115295
s2,r1,1.7670654716302483,2.509089986002559,2.2122373597094604,0.31834987335648596,0.31834987335648535,8.64963894718174,-9.166352043696477
s2,r2,2.3109357628740557,2.509089986002559,2.435259817732309,0.3782041879150418,0.37820418791504123,8.556249332427983,-7.443350136334501
s0,r0,3.5867211229808578,3.564419357423187,2.289193397828845,0.43956826659080106,0.43956826659080117,15.581454583095041,-6.203873229627651
s0,r1,3.639896698882954,3.564419357423187,2.126910982068598,0.48012127553392736,0.48012127553392636,14.322249942132895,-5.231169716849616
s0,r2,7.323515276027485,3.564419357423187,2.9480197891370397,0.6969480443097518,0.696948044309751,16.917608606144057,-0.24198850112984935
s1,r0,-4.333625890475449,3.6477884412824224,2.289193397828845,-0.5189664584043027,-0.5189664584043028,17.276615601035754,-4.334439249834535
s1,r1,-3.5701346954119053,3.6477884412824224,2.126910982068598,-0.46015658901914047,-0.4601565890191398,14.729160658589747,-5.708493489460296
s1,r2,-6.4245211388849075,3.6477884412824224,2.9480197891370397,-0.5974213310212378,-0.5974213310212372,19.56742663150978,-2.556989997897322
s2,r0,1.6592512168255587,1.6975137906060123,2.289193397828845,0.42698866764421506,0.42698866764421495,6.371240240734773,-6.338224108450948
s2,r1,0.8212501645363243,1.6975137906060123,2.126910982068598,0.2274640904418789,0.22746409044187835,6.288874428146561,-12.476774943718418
s2,r2,1.3341129590689882,1.6975137906060123,2.9480197891370397,0.26659309530555075,0.2665930953055503,9.034340225612691,-11.005044516677984
s0,r0,10.931074424611795,4.19553512119521,3.66787187079312,0.7103319253216487,0.7103319253216485,15.343890024192524,0.08167143158099448
s0,r1,6.515285940155469,4.19553512119521,2.781784576363741,0.5582421500770954,0.5582421500770948,17.518513339358453,-3.439913017607707
s0,r2,3.658541998406747,4.19553512119521,2.4036166854597507,0.3627901388416389,0.362790138841639,18.11944360727058,-8.192364105239921
s1,r0,-6.049365206760193,3.1604395805947623,3.66787187079312,-0.5218529656228406,-0.5218529656228403,15.594527734792562,-4.268310957425033
s1,r1,-6.176870778413921,3.1604395805947623,2.781784576363741,-0.7025828247637521,-0.7025828247637511,15.171413973545869,-0.11075441794702513
s1,r2,-2.3296652143912624,3.1604395805947623,2.4036166854597507,-0.3066767221332791,-0.30667672213327923,12.48067152575425,-9.837410674779875
s2,r0,11.660725348289777,4.732240196965272,3.66787187079312,0.6718071627213869,0.6718071627213864,22.668544685536723,-0.7828947786248686
s2,r1,4.8299230476905874,4.732240196965272,2.781784576363741,0.36690187939289215,0.3669018793928916,24.727247151677467,-8.039633759947613
s2,r2,6.454440668941698,4.732240196965272,2.4036166854597507,0.5674487224881704,0.5674487224881704,16.710595835836276,-3.178091042483652
s0,r0,4.738513960980281,3.0672262096528664,2.224891410391492,0.6943645471501257,0.6943645471501244,12.264827241611192,-0.29690857756184497
s0,r1,1.6015408532506021,3.0672262096528664,1.592758174936345,0.32782522805706166,0.32782522805705977,9.495978151379974,-9.187407439806126
s0,r2,2.8605777648871973,3.0672262096528664,1.7421569177327094,0.5353288908430572,0.5353288908430553,10.548965701336064,-3.9514996059701413
s1,r0,-4.086011938557395,3.134109185127892,2.224891410391492,-0.5859717644319146,-0.5859717644319137,8.984387491675083,-2.814509222168895
s1,r1,-1.9277213795302506,3.134109185127892,1.592758174936345,-0.38617157101679855,-0.3861715710167966,10.524300742939571,-7.562598142068919
s1,r2,-2.7718273528903454,3.134109185127892,1.7421569177327094,-0.507650460156862,-0.5076504601568606,9.673437540166747,-4.593403514292725
s2,r0,2.6029165816848923,2.1258848993679584,2.224891410391492,0.550315422036928,0.5503154220369276,6.848229394958613,-3.0035492751085284
s2,r1,0.8130976225740234,2.1258848993679584,1.592758174936345,0.24013369380986363,0.2401336938098627,5.9805605318715624,-11.702778394571734
s2,r2,1.2889682459961636,2.1258848993679584,1.7421569177327094,0.34802881416264814,0.3480288141626476,5.371302363742265,-8.12808182100081
s0,r0,12.459427854609165,6.361435877691898,3.04685556774732,0.6428225129415313,0.642822512941531,33.58586889218288,-1.5207287924750466
s0,r1,9.057917967116435,6.361435877691898,3.457779087513676,0.4117901801379937,0.4117901801379938,34.801859437355056,-6.897864094010594
s0,r2,6.466837248931741,6.361435877691898,2.599443079767609,0.3910717683616518,0.3910717683616517,34.14502740779053,-7.432780878804488
s1,r0,-5.627506244575361,3.48204522898968,3.04685556774732,-0.5304319923117456,-0.5304319923117461,11.441015441852272,-4.072471735853346
s1,r1,-7.455673909363943,3.48204522898968,3.457779087513676,-0.6192346553740797,-0.6192346553740801,14.466369670383628,-2.0625316456616454
s1,r2,-2.1860471848419483,3.48204522898968,2.599443079767609,-0.24151539075385872,-0.24151539075385892,11.557509037996194,-12.080004755858091
s2,r0,5.810589540736332,4.410156235063666,3.04685556774732,0.4324285459308632,0.4324285459308631,16.2607989771853,-6.371525451305838
s2,r1,9.934740741024225,4.410156235063666,3.457779087513676,0.6514863483027125,0.6514863483027123,20.50663329215007,-1.3057937097963164
s2,r2,4.434302169822807,4.410156235063666,2.599443079767609,0.3868040360302139,0.38680403603021385,20.27994281617162,-7.53597484779196
s0,r0,4.378741964562468,4.479163178915751,2.1426478773271582,0.45624872520516563,0.4562487252051656,16.653959136653466,-5.802266177920164
s0,r1,10.579092063753304,4.479163178915751,3.5856998782054696,0.6586847000258361,0.6586847000258362,17.07527134745146,-1.1551548734895425
s0,r2,4.994455332523414,4.479163178915751,2.503181325773109,0.445449974908178,0.445449974908178,14.992253687554157,-6.063200666046557
s1,r0,-3.4998743834604693,4.693254645151589,2.1426478773271582,-0.3480386964852796,-0.3480386964852794,22.18846553292919,-8.600051517963479
s1,r1,-11.694875945984498,4.693254645151589,3.5856998782054696,-0.6949404069579423,-0.6949404069579421,23.980991614316302,-0.28758043090334173
s1,r2,-6.012720704685321,4.693254645151589,2.503181325773109,-0.5118050916564875,-0.5118050916564871,18.7621953091295,-4.492296298041176
s2,r0,2.6728552678320345,4.239301908239172,2.1426478773271582,0.29425936351653487,0.2942593635165345,17.35839507488534,-10.1942897850614
s2,r1,7.6157279077250815,4.239301908239172,3.5856998782054696,0.5010062414453696,0.5010062414453691,17.051966730168903,-4.696086468762544
s2,r2,3.9692853932438856,4.239301908239172,2.503181325773109,0.37404656356253446,0.374046563562534,14.802872961646624,-7.842846396782856
s0,r0,2.3079742873971574,3.553595338786543,1.6822454572029495,0.38607673374761714,0.3860767337476163,9.509046896722301,-7.564907210704252
s0,r1,3.9713270067380613,3.553595338786543,2.3499356649771332,0.4755669935501461,0.47556699355014576,12.832858786359804,-5.341226054377189
s0,r2,5.380417892417478,3.553595338786543,2.4490236782615056,0.6182370848754958,0.618237084875495,9.661379036004758,-2.0838780999710966
s1,r0,-1.997515317207494,3.2591365569315798,1.6822454572029495,-0.3643327369850207,-0.36433273698501983,8.832887216716792,-8.096882143166267
s1,r1,-2.7235472106062315,3.2591365569315798,2.3499356649771332,-0.3556119753633554,-0.3556119753633552,12.68186720383096,-8.340749599584143
s1,r2,-4.59020907837148,3.2591365569315798,2.4490236782615056,-0.5750914697284092,-0.5750914697284082,9.294655100649196,-2.993680015817987
s2,r0,3.171340929183917,5.175329416067791,1.6822454572029495,0.3642634277220518,0.36426342772205095,20.24047171539916,-8.133401791628469
s2,r1,6.444512954127463,5.175329416067791,2.3499356649771332,0.5299026971288859,0.5299026971288853,21.58099371793005,-4.058501779070955
s2,r2,6.056877732726015,5.175329416067791,2.4490236782615056,0.4778788659188701,0.47787886591886924,18.58813908947137,-5.263467190395464
s0,r0,1.4587277320417757,4.2377750528270255,1.412000278973169,0.24378195578045206,0.24378195578045092,16.97329800676812,-11.991691572448484
s0,r1,8.468363136218985,4.2377750528270255,2.9785387570482076,0.670900811805173,0.6709008118051727,21.759853739303598,-0.86434163549668
s0,r2,4.630648481238836,4.2377750528270255,2.602827587150866,0.4198155426255187,0.4198155426255183,21.283936329899106,-6.693370504193517
s1,r0,-2.0080269491729457,4.556581674248388,1.412000278973169,-0.31210131273679437,-0.3121013127367931,18.662580989528404,-9.667052430137183
s1,r1,-7.103109443818592,4.556581674248388,2.9785387570482076,-0.5233667060417152,-0.523366706041715,22.82241822702534,-4.231719596511023
s1,r2,-5.3447241964752,4.556581674248388,2.602827587150866,-0.45065141488930216,-0.450651414889302,14.914015293113437,-5.935494626863404
s2,r0,2.6263066539602047,5.449835841817458,1.412000278973169,0.3412928819570112,0.34129288195700985,28.95760394220494,-8.694479522046617
s2,r1,10.192095127845374,5.449835841817458,2.9785387570482076,0.6278802060793476,0.6278802060793477,29.966945987943834,-1.7071295451521553
s2,r2,3.526312069838398,5.449835841817458,2.602827587150866,0.2485947322821336,0.24859473228213358,31.133729117863513,-11.713503102471003
s0,r0,14.146207866941168,4.356506978491422,4.237578173247721,0.766273661850345,0.7662736618503451,15.358134547571712,1.530968928450671
s0,r1,3.725240879376447,4.356506978491422,2.138430267986122,0.3998718694982327,0.39987186949823295,13.868145040129486,-7.2046593158464525
s0,r2,2.233003083483387,4.356506978491422,1.775865498282135,0.28862958101637654,0.28862958101637615,12.55233316510317,-10.41543873225619
s1,r0,-10.30076648828742,3.6385522782789423,4.237578173247721,-0.6680718919997432,-0.6680718919997425,12.786963622701219,-0.9288348292819693
s1,r1,-3.822346968118619,3.6385522782789423,2.138430267986122,-0.4912543339670206,-0.4912543339670203,10.32645335804732,-4.968594676928026
s1,r2,-1.7814645928163921,3.6385522782789423,1.775865498282135,-0.27570110455315366,-0.2757011045531531,8.754971985787982,-10.842206054064716
s2,r0,19.139274580739112,5.450137980489077,4.237578173247721,0.828705560069254,0.8287055600692528,27.21640954483112,3.4596547561144857
s2,r1,3.817414743150764,5.450137980489077,2.138430267986122,0.3275418186837583,0.327541818683758,21.89015631693707,-9.185803335501506
s2,r2,2.4699269017758856,5.450137980489077,1.775865498282135,0.255191693033821,0.2551916930338203,20.406392141159788,-11.556401852703608
s0,r0,1.9338285033134417,3.950592967702397,1.310319930093214,0.3735754464057996,0.373575446405799,14.178639783670492,-7.899162010999317
s0,r1,7.86085670836678,3.950592967702397,2.823149401522809,0.7048127174918555,0.7048127174918548,19.58632267886404,-0.055864581918026956
s0,r2,1.1429606470521583,3.950592967702397,0.9685093622697546,0.2987205966160268,0.298720596616025,15.086247511422199,-10.088035082126439
s1,r0,-1.2467789525712438,2.9400392113506135,1.310319930093214,-0.3236376155443138,-0.3236376155443136,8.06785428787585,-9.294939350929928
s1,r1,-6.485308563054241,2.9400392113506135,2.823149401522809,-0.7813464796446531,-0.7813464796446529,11.852314450244455,1.998773365691347
s1,r2,-0.5673798073415404,2.9400392113506135,0.9685093622697546,-0.19925853345771352,-0.19925853345771252,8.351328969321726,-13.809034386845523
s2,r0,0.9339726622201676,6.170698651751062,1.310319930093214,0.11551077021276743,0.11551077021276726,36.19176294206063,-18.682956962696736
s2,r1,5.481541102562246,6.170698651751062,2.823149401522809,0.31465488262468316,0.3146548826246829,36.66886181464297,-9.576074936604929
s2,r2,0.6697599913189478,6.170698651751062,0.9685093622697546,0.11206784989748875,0.11206784989748808,32.129182232503766,-18.95380901865109
s0,r0,9.554595948611844,5.040296469062083,3.2157613492808936,0.5894845576996207,0.5894845576996202,20.173272174214926,-2.7363454689010007
s0,r1,4.467593172302978,5.040296469062083,2.375385578675138,0.37314997836230296,0.37314997836230324,22.027205866700516,-7.911184801898902
s0,r2,8.1336227301188,5.040296469062083,2.9747365908996324,0.542474622635695,0.5424746226356947,24.22242125251835,-3.79873507268626
s1,r0,-7.798492997175613,4.677527866380286,3.2157613492808936,-0.5184543133046445,-0.518454313304644,18.218005257634665,-4.345262529971957
s1,r1,-3.4741911162760153,4.677527866380286,2.375385578675138,-0.3126822342146299,-0.3126822342146301,20.476567342728277,-9.650091213300131
s1,r2,-8.13849884040794,4.677527866380286,2.9747365908996324,-0.5848970176090345,-0.584897017609034,17.927185664057834,-2.838847351581947
s2,r0,8.277058314547542,5.287948875297748,3.2157613492808936,0.48674887477556217,0.4867488747755616,23.735928787936,-5.021009335891443
s2,r1,5.477301763343681,5.287948875297748,2.375385578675138,0.4360590509182728,0.4360590509182729,22.54870892003074,-6.239427036167752
s2,r2,5.985812597189617,5.287948875297748,2.9747365908996324,0.3805286432626449,0.38052864326264485,25.10673564478711,-7.6625031204069405
s0,r0,1.2904329640085774,4.487681787918053,1.1871533423696679,0.24221808962694574,0.2422180896269454,21.03520584964625,-12.052267425173167
s0,r1,13.751565188937501,4.487681787918053,3.7443918267395615,0.8183682821706423,0.8183682821706408,29.79424582784968,3.081437370982516
s0,r2,4.697989318268348,4.487681787918053,2.209519622548085,0.47379678311706847,0.47379678311706697,22.11862342523858,-5.379601629063781
s1,r0,-1.3054039419138184,3.8426767251745275,1.1871533423696679,-0.2861569184278782,-0.286156918427878,12.85568824925382,-10.495232356886781
s1,r1,-10.978296487275784,3.8426767251745275,3.7443918267395615,-0.7629917058809574,-0.7629917058809565,16.105360747143987,1.4418144676744755
s1,r2,-3.6328187797020446,3.8426767251745275,2.209519622548085,-0.42787018140741384,-0.4278701814074126,12.702040342812973,-6.494676846392449
s2,r0,0.40946617663454804,2.420253067207402,1.1871533423696679,0.14251167171398565,0.1425116717139855,6.074055737110308,-16.292957663009734
s2,r1,3.919350473800023,2.420253067207402,3.7443918267395615,0.43248597926047794,0.4324859792604774,15.762252534012696,-5.650825390986046
s2,r2,1.8061543864456153,2.420253067207402,2.209519622548085,0.33775067695726346,0.3377506769572626,7.598852081942489,-8.23915493209391
s0,r0,4.760075172899716,4.5559246579422155,2.245787719292448,0.46523092458355897,0.4652309245835596,23.349485421111673,-5.581793973884275
s0,r1,14.73506617784683,4.5559246579422155,4.001340200329502,0.8082953490360488,0.8082953490360494,27.540037738505855,2.766277591337131
s0,r2,1.6834282637306148,4.5559246579422155,1.4846576747144171,0.24888100586390102,0.24888100586390077,20.427134004631224,-11.798763656229573
s1,r0,-2.9854565271115905,4.119801240532592,2.245787719292448,-0.3226753463488805,-0.3226753463488806,19.51071171228934,-9.312406640494716
s1,r1,-13.143410589930612,4.119801240532592,4.001340200329502,-0.7973083892268872,-0.7973083892268868,29.375019639647387,2.4986621912018108
s1,r2,-1.4697815683997097,4.119801240532592,1.4846576747144171,-0.24029802710974843,-0.2402980271097479,16.907946778733326,-12.092164372928996
s2,r0,1.3036919640869518,2.3295598148178134,2.245787719292448,0.24919103840979157,0.24919103840979168,7.766544836122118,-11.61166413300216
s2,r1,3.48456428192576,2.3295598148178134,4.001340200329502,0.3738256844984279,0.37382568449842757,16.541043617103778,-7.691937918765384
s2,r2,1.1899737286645065,2.3295598148178134,1.4846576747144171,0.34406237253829763,0.34406237253829675,5.081102111401623,-8.527194187942923
s0,r0,8.895167749206017,4.345795256553456,3.141387918881748,0.651573348427201,0.6515733484272013,18.07174427878042,-1.3198780947747402
s0,r1,0.7552756620482657,4.345795256553456,1.0720863178911038,0.16210875677990425,0.16210875677990394,16.448500049719616,-15.684334454077602
s0,r2,11.313274716454131,4.345795256553456,3.714308751167798,0.7008758083281992,0.7008758083281994,12.390887931771733,-0.15113721965671992
s1,r0,-9.129826881182062,4.099168568233953,3.141387918881748,-0.7089983025051777,-0.7089983025051778,12.524835289530811,0.04708180278102515
s1,r1,-0.9710362440536302,4.099168568233953,1.0720863178911038,-0.22095809085161872,-0.22095809085161816,15.205699848512694,-12.89723635239968
s1,r2,-8.079377975348025,4.099168568233953,3.714308751167798,-0.5306450856732092,-0.5306450856732091,11.681351431986268,-4.0673416486221905
s2,r0,7.403887136600443,4.842518180350893,3.141387918881748,0.48670629204913096,0.48670629204913135,21.867941490881197,-5.060643075475621
s2,r1,1.1391999744533803,4.842518180350893,1.0720863178911038,0.21943149053456734,0.21943149053456693,21.192554866971655,-12.93155346101459
s2,r2,14.415545698988609,4.842518180350893,3.714308751167798,0.8014599515105435,0.8014599515105439,16.42912538417757,2.5881525434750734
s0,r0,1.1459213550724132,3.5717396950263245,1.2341796921484087,0.25995406704485124,0.2599540670448519,10.086177022765444,-11.397852475610852
s0,r1,5.093636126670579,3.5717396950263245,2.4352838281936777,0.5855965803037201,0.5855965803037197,9.80014791124802,-2.8240805818247114
s0,r2,1.9252880623127928,3.5717396950263245,1.3117600232616196,0.4109240182500697,0.4109240182500701,10.097720699501892,-6.921281255824139
s1,r0,-1.1631247712130486,3.4608324365894267,1.2341796921484087,-0.27231234902177226,-0.27231234902177254,11.266870850120766,-10.93108226188614
s1,r1,-4.383950704903757,3.4608324365894267,2.4352838281936777,-0.520158266475477,-0.5201582664754761,10.941751822555077,-4.273447176160649
s1,r2,-1.9349275235787573,3.4608324365894267,1.3117600232616196,-0.42621598968218066,-0.4262159896821805,11.467663569685204,-6.50343003081884
s2,r0,1.3333105533450036,4.287323470100388,1.2341796921484087,0.25198034672924097,0.25198034672924124,15.775650571342377,-11.682892058339496
s2,r1,5.115405812971251,4.287323470100388,2.4352838281936777,0.48994153269007273,0.4899415326900717,14.150125922171513,-4.99362641765227
s2,r2,1.318190824832493,4.287323470100388,1.3117600232616196,0.23438922425456063,0.23438922425456052,15.39022945397222,-12.350630447520366
s0,r0,2.74958764503367,5.331150342060829,1.943564390433146,0.2653674823730698,0.26536748237306973,26.944581195830782,-11.2045701633114
s0,r1,14.520506625437825,5.331150342060829,4.0415973440585855,0.6739191474130644,0.6739191474130635,28.92059464023333,-0.7949027646404987
s0,r2,7.439300831016116,5.331150342060829,3.8369854965397225,0.36368135242001515,0.3636813524200148,32.33533369385935,-8.167443054742826
s1,r0,-2.464062922041487,4.42583316892157,1.943564390433146,-0.28645593260821417,-0.2864559326082144,17.93529333495386,-10.486467406624014
s1,r1,-11.10000904751283,4.42583316892157,4.0415973440585855,-0.6205478139891828,-0.6205478139891824,22.020064594161553,-2.032189242904593
s1,r2,-5.652246132446723,4.42583316892157,3.8369854965397225,-0.33284027220125595,-0.3328402722012557,19.532610318266876,-9.0449498126614
s2,r0,3.256908430246614,3.984680409463278,1.943564390433146,0.42054562593987943,0.4205456259398796,14.988792645303374,-6.579054977214349
s2,r1,7.076649699581843,3.984680409463278,4.0415973440585855,0.43942135614779293,0.43942135614779265,22.67946941780636,-6.107770065126588
s2,r2,4.1971080913010645,3.984680409463278,3.8369854965397225,0.27451526659449543,0.27451526659449527,20.12833642077307,-10.80004133207333
s0,r0,1.2189664113929222,3.3324037346730218,1.0976012078143471,0.333264880469827,0.33326488046982694,10.45785118479019,-9.03125924106024
s0,r1,4.548036694139942,3.3324037346730218,2.091824451997434,0.652440800889128,0.6524408008891258,10.867026969429347,-1.2948180318952363
s0,r2,3.6131714770502863,3.3324037346730218,2.1548663662432466,0.5031652247070592,0.5031652247070567,11.958429428443333,-4.693388674526235
s1,r0,-0.7351556405657013,2.621720785249905,1.0976012078143471,-0.2554749249723742,-0.25547492497237434,6.017482441581712,-11.56057449973273
s1,r1,-3.587767973890686,2.621720785249905,2.091824451997434,-0.6542032183847147,-0.6542032183847131,7.020085179509743,-1.2595258631783777
s1,r2,-2.95171170069492,2.621720785249905,2.1548663662432466,-0.5224769758611882,-0.522476975861186,7.932538079920076,-4.253839034220214
s2,r0,0.7483331309740788,2.829743899391908,1.0976012078143471,0.24093687025977192,0.24093687025977198,7.237829641592908,-12.047932238533132
s2,r1,2.5073665885900924,2.829743899391908,2.091824451997434,0.4235897737315279,0.42358977373152656,7.446153020149034,-6.5271299586911065
s2,r2,4.254940549404272,2.829743899391908,2.1548663662432466,0.6977920569631435,0.6977920569631405,8.598514519304189,-0.10201938120331128
s0,r0,12.762276994830794,5.057311827340895,3.881391031769638,0.6501611813190654,0.6501611813190653,18.962318958316047,-1.353519043904317
s0,r1,9.08750416206686,5.057311827340895,3.2946944965559437,0.5453932263611324,0.5453932263611319,17.190240172100577,-3.7325464261865964
s0,r2,5.78801260274455,5.057311827340895,2.5121992283256245,0.45557056680134556,0.45557056680134594,17.10695777412269,-5.818625319153748
s1,r0,-10.142502328278573,5.027211002011705,3.881391031769638,-0.5197932125628926,-0.5197932125628927,18.65662667344202,-4.312982658211695
s1,r1,-10.452736566859212,5.027211002011705,3.2946944965559437,-0.6310848304311094,-0.6310848304311089,19.01456647237157,-1.7890841591038629
s1,r2,-5.806406116881287,5.027211002011705,2.5121992283256245,-0.45975474132145483,-0.45975474132145516,18.818555217250815,-5.715558080822567
s2,r0,17.71001898319839,6.26093029196656,3.881391031769638,0.7287738154032398,0.7287738154032396,34.670871678344106,0.5678029186955322
s2,r1,10.128165930839513,6.26093029196656,3.2946944965559437,0.4909946827181826,0.49099468271818203,29.58235983732209,-4.964645591057133
s2,r2,6.55348425786089,6.26093029196656,2.5121992283256245,0.4166576060237971,0.4166576060237972,32.06929871578745,-6.762197958982663
s0,r0,3.378777276881822,5.924939477946749,2.16559703777826,0.2633285802341196,0.26332858023411904,25.96508808531499,-11.276587426796342
s0,r1,18.36743520467183,5.924939477946749,4.140474518050979,0.7487114620131717,0.7487114620131716,29.855308553804974,1.0599858999036609
s0,r2,6.462670323531751,5.924939477946749,2.5180421861080173,0.4331766933583086,0.43317669335830816,30.74843842062203,-6.363021441185141
s1,r0,-4.479848089483141,5.808209549464433,2.16559703777826,-0.3561585398752778,-0.35615853987527707,29.092829039831926,-8.37796522127138
s1,r1,-17.397559220011797,5.808209549464433,4.140474518050979,-0.7234290274794204,-0.7234290274794205,31.85067323396878,0.4061048077268996
s1,r2,-6.112155406833242,5.808209549464433,2.5180421861080173,-0.4179161069944255,-0.417916106994425,25.503727592329412,-6.744430580391099
s2,r0,3.886945396630622,3.403734170715733,2.16559703777826,0.5273211085635423,0.5273211085635416,9.984516312625223,-4.099820130629387
s2,r1,7.952987814374655,3.403734170715733,4.140474518050979,0.5643188615730702,0.5643188615730709,19.646409031390032,-3.260285005185073
s2,r2,3.6193152189467783,3.403734170715733,2.5180421861080173,0.4222870588988149,0.42228705889881485,11.063885644772176,-6.598971430103097
s0,r0,7.868563043213484,3.5733330090763307,3.1545871800809535,0.6980385431821265,0.6980385431821255,14.209066672421708,-0.21336631036283388
s0,r1,3.203361997686809,3.5733330090763307,1.864418551489154,0.48082729398587026,0.4808272939858702,10.789526614012098,-5.214300804090287
s0,r2,2.1425210462107915,3.5733330090763307,1.5653257825715103,0.38304241504409486,0.38304241504409464,10.67648305680269,-7.642100655284747
s1,r0,-4.725999168451414,3.4462411120658074,3.1545871800809535,-0.43471582262105046,-0.43471582262104963,12.98424151471562,-6.326182917171558
s1,r1,-3.9962078393257685,3.4462411120658074,1.864418551489154,-0.6219550418079943,-0.6219550418079938,10.683555044028187,-2.000498078106679
s1,r2,-2.362946402926479,3.4462411120658074,1.5653257825715103,-0.4380296143211116,-0.4380296143211111,10.592311717707698,-6.244647870468593
s2,r0,9.164511352080346,3.7036357779903493,3.1545871800809535,0.7844016682131396,0.7844016682131378,10.673498973021967,2.116265467093136
s2,r1,2.6081401346844872,3.7036357779903493,1.864418551489154,0.3777106546097752,0.37771065460977465,10.905989354487536,-7.758026471820217
s2,r2,2.0960783869932325,3.7036357779903493,1.5653257825715103,0.361555115432434,0.36155511543243346,11.786760078111014,-8.196947448354846
s0,r0,3.0478542262005752,4.361476328184522,1.9308655872757212,0.3619167051191842,0.3619167051191841,15.888370559889673,-8.215882688339672
s0,r1,9.396674418875985,4.361476328184522,3.33774842613082,0.6454863458625948,0.6454863458625948,15.45308696297328,-1.4570056467844372
s0,r2,7.777469773294025,4.361476328184522,2.913622595623904,0.612028316186297,0.6120283161862969,20.641050591365584,-2.2221859146554612
s1,r0,-2.1485807488107804,2.8361904431118403,1.9308655872757212,-0.39234150026967957,-0.39234150026967884,7.64321594699943,-7.397184401287682
s1,r1,-3.9776291436757245,2.8361904431118403,3.33774842613082,-0.42017992569646706,-0.42017992569646656,10.954314077247885,-6.684551904884183
s1,r2,-5.11611908382192,2.8361904431118403,2.913622595623904,-0.6191159018069018,-0.6191159018069009,10.49447093918259,-2.0611921674640326
s2,r0,3.2803189686533165,4.902189242322761,1.9308655872757212,0.34655642930710123,0.3465564293071012,21.286289263484953,-8.614214197818532
s2,r1,11.592236129748414,4.902189242322761,3.33774842613082,0.7084733959601031,0.7084733959601033,18.884178179890487,0.10035469722980332
s2,r2,6.147711739213047,4.902189242322761,2.913622595623904,0.4304177040586189,0.43041770405861896,22.76790523777615,-6.392606971513367
s0,r0,12.938795996825815,4.987563941350849,3.834356493674589,0.6765702555431286,0.6765702555431286,24.056712704400258,-0.7322012153933243
s0,r1,6.561527977451684,4.987563941350849,2.780077482667898,0.4732162049505637,0.4732162049505635,22.988390412335725,-5.395598542321721
s0,r2,7.2398998512297394,4.987563941350849,2.8324306144350464,0.5124892999939105,0.5124892999939106,20.780405773680734,-4.480641254967898
s1,r0,-12.023162421723182,4.049553884895014,3.834356493674589,-0.7743174444696383,-0.7743174444696378,21.87242138212099,1.7862676018438632
s1,r1,-3.2882843229110366,4.049553884895014,2.780077482667898,-0.29208232673140283,-0.29208232673140266,18.1573454259267,-10.286790438901292
s1,r2,-4.451901997809696,4.049553884895014,2.8324306144350464,-0.38813171688300246,-0.3881317168830023,17.283775778716137,-7.494925514461103
s2,r0,5.258770915262339,3.4364298903858814,3.834356493674589,0.3991023417982053,0.39910234179820525,20.770774292473526,-7.092420461942281
s2,r1,4.434578595783817,3.4364298903858814,2.780077482667898,0.4641816504612564,0.4641816504612564,16.39580033512244,-5.471405340553283
s2,r2,2.5471435497072807,3.4364298903858814,2.8324306144350464,0.2616897145702974,0.26168971457029755,13.883577269721407,-11.219387365440076
s0,r0,14.385449350274326,5.297487863322987,4.073774177046135,0.666586495430951,0.6665864954309508,13.870466821866678,-0.9706906853435975
s0,r1,6.763565685858225,5.297487863322987,2.7026975201449375,0.47239827009321106,0.4723982700932099,19.276030981624103,-5.41698533893356
s0,r2,7.98589774575901,5.297487863322987,2.933158703222697,0.5139468549980682,0.5139468549980675,25.074671933076537,-4.449496596303581
s1,r0,-14.344142357231473,4.873824140619243,4.073774177046135,-0.7224499760786794,-0.7224499760786788,23.735625664914615,0.3822402965550033
s1,r1,-6.613238542888228,4.873824140619243,2.7026975201449375,-0.5020499062585455,-0.502049906258544,17.12249153245383,-4.723088149843332
s1,r2,-4.251642798456174,4.873824140619243,2.933158703222697,-0.2974071146469051,-0.2974071146469044,20.74241576363868,-10.129922582501283
s2,r0,15.625457619656904,6.185787572213907,4.073774177046135,0.6200701037792445,0.6200701037792444,27.826166706005477,-2.0095850576699394
s2,r1,6.721326677262593,6.185787572213907,2.7026975201449375,0.4020337928343711,0.40203379283437,31.075695215430525,-7.124729451217901
s2,r2,10.893632060081753,6.185787572213907,2.933158703222697,0.6004020122019733,0.6004020122019725,29.10509526954686,-2.458197788310366
s0,r0,0.7615423655872501,3.2132004247017827,0.9861085165162927,0.24034303631096454,0.2403430363109636,11.133858865537112,-12.121723492713972
s0,r1,4.25245456081782,3.2132004247017827,2.180931930274943,0.6068198169282946,0.6068198169282939,11.017729095067544,-2.3374979474962956
s0,r2,5.814098838686379,3.2132004247017827,2.4763487091191254,0.7306893787882892,0.7306893787882883,14.072892497302414,0.599240155166339
s1,r0,-0.6478899479543224,2.7735880611144985,0.9861085165162927,-0.23688337010192145,-0.23688337010192068,7.135386410679723,-12.258669808643546
s1,r1,-3.6121701128486037,2.7735880611144985,2.180931930274943,-0.5971509462342487,-0.5971509462342486,8.8244704731481,-2.562875702342346
s1,r2,-4.565737910227801,2.7735880611144985,2.4763487091191254,-0.6647482740027305,-0.66474827400273,7.564860274193811,-1.0137084357037947
s2,r0,0.9052253514001182,3.023731738637782,0.9861085165162927,0.30359089327677663,0.3035908932767757,7.772946436930635,-9.636946662378337
s2,r1,3.907366985730278,3.023731738637782,2.180931930274943,0.5925142959698251,0.5925142959698251,10.03908123372869,-2.2357053362581585
s2,r2,2.7984837662741757,3.023731738637782,2.4763487091191254,0.3737384096512211,0.37373840965122085,10.89021723008316,-7.578896351716372
s0,r0,1.4207573666554167,3.2475438810329007,1.2317004590756842,0.35518922719199136,0.3551892271919911,10.619521462673621,-8.399998416252087
s0,r1,6.446272023429214,3.2475438810329007,2.586193820797981,0.7675250002375195,0.7675250002375176,11.839040307799152,1.5783268446964
s0,r2,1.9101356116470967,3.2475438810329007,1.3777548174411456,0.42691089186130404,0.42691089186130426,11.64965066952268,-6.512918963584953
s1,r0,-1.079916921775293,2.823897075001926,1.2317004590756842,-0.3104819658713698,-0.3104819658713695,8.095614081312549,-9.717112838048566
s1,r1,-5.102418065041203,2.823897075001926,2.586193820797981,-0.6986603646930014,-0.6986603646929993,9.571409955947711,-0.2009195098119281
s1,r2,-1.8188537103849558,2.823897075001926,1.3777548174411456,-0.46749499807791917,-0.4674949980779192,7.732610788799631,-5.530148060116097
s2,r0,1.017921281485988,2.787657002016501,1.2317004590756842,0.29646249173437733,0.2964624917343771,7.806831022417921,-10.012782737302043
s2,r1,5.4790067716583435,2.787657002016501,2.586193820797981,0.7599787186369529,0.7599787186369507,9.117458743656204,1.7039632103767948
s2,r2,1.0774353246428077,2.787657002016501,1.3777548174411456,0.28053040294198295,0.280530402941983,7.907504113653279,-10.533817216796784
s0,r0,28.173631415641708,5.663379001856513,5.501666907060532,0.9042175029816774,0.9042175029816774,42.73323227686312,6.522617205413447
s0,r1,4.157757273523994,5.663379001856513,2.2263746866759764,0.32975033862668984,0.3297503386266893,33.61494003990168,-9.135437111291322
s0,r2,1.6124929298871755,5.663379001856513,1.393162883484466,0.2043714834736745,0.20437148347367454,32.74830411198356,-13.606315694422618
s1,r0,-26.502107360964555,5.488710189450361,5.501666907060532,-0.877638802033143,-0.8776388020331443,40.453702324424015,5.254040397934612
s1,r1,-3.938441705682484,5.488710189450361,2.2263746866759764,-0.32229670539263783,-0.3222967053926378,28.405231710392282,-9.358392137094656
s1,r2,-1.3325479845815988,5.488710189450361,1.393162883484466,-0.1742651968285029,-0.17426519682850306,29.105249241467746,-15.041488199397111
s2,r0,7.304985054950768,2.604714925976222,5.501666907060532,0.5097589271871917,0.5097589271871918,32.83195680592822,-4.346152597618945
s2,r1,2.1365619903337545,2.604714925976222,2.2263746866759764,0.3684317455953026,0.3684317455953022,8.829496711554862,-7.872848996222914
s2,r2,0.9006580418206479,2.604714925976222,1.393162883484466,0.24819774814082937,0.24819774814082937,7.383116300707976,-11.681943847416795
s0,r0,2.1064185901939014,4.887789203818858,1.4135371388289268,0.3048772284323177,0.30487722843231696,23.232803249506155,-9.892706257801194
s0,r1,12.0327745041597,4.887789203818858,3.8008506550398655,0.6476979236848589,0.647697923684858,24.934381458617835,-1.4063192864549183
s0,r2,10.5571077839086,4.887789203818858,3.2322788452077496,0.6682264590562612,0.6682264590562611,27.24440537589189,-0.9273801065471113
s1,r0,-1.8861090933526239,5.393070155752102,1.4135371388289268,-0.24741356981994506,-0.24741356981994456,27.485728822869017,-11.857668301426594
s1,r1,-15.458848730336449,5.393070155752102,3.8008506550398655,-0.7541544052356305,-0.7541544052356298,23.824454284841845,1.2024378720524374
s1,r2,-9.273783447591809,5.393070155752102,3.2322788452077496,-0.5320005248770293,-0.5320005248770293,27.049402717134228,-4.036318853150538
s2,r0,2.094561698009147,5.981207130365366,1.4135371388289268,0.24774054674880397,0.24774054674880358,33.3533691559417,-11.83244457078068
s2,r1,16.326913547962313,5.981207130365366,3.8008506550398655,0.7181818830295374,0.7181818830295372,37.69979984721323,0.3083888200585591
s2,r2,11.552078269840603,5.981207130365366,3.2322788452077496,0.5975337779780059,0.5975337779780063,31.108234905799467,-2.5274867445029847
s0,r0,4.841121251584239,3.1764265786238957,2.8544926911892325,0.533922476287775,0.5339224762877746,11.380454347538986,-3.989070004730858
s0,r1,3.3673056525885525,3.1764265786238957,2.0804124389050607,0.5095587649211013,0.5095587649211012,9.027454161278953,-4.5467179653858345
s0,r2,3.766492775738293,3.1764265786238957,2.170242007320665,0.5463741602608654,0.5463741602608645,10.320260117991435,-3.7061312532734676
s1,r0,-7.216468436884705,3.807911233980131,2.8544926911892325,-0.6639096253652196,-0.6639096253652192,15.525038860199263,-1.0328685285623853
s1,r1,-3.6501336838220895,3.807911233980131,2.0804124389050607,-0.46075760557807527,-0.4607576055780753,12.480925742972817,-5.69351231667557
s1,r2,-4.0982894109529875,3.807911233980131,2.170242007320665,-0.49591545426976735,-0.49591545426976674,11.911644762977232,-4.865336902397921
s2,r0,6.305760150767379,3.0704140343684982,2.8544926911892325,0.7194681447591006,0.7194681447591,12.585504698613569,0.4573851493740007
s2,r1,2.216682190324499,3.0704140343684982,2.0804124389050607,0.3470220314002684,0.3470220314002684,11.863566172130703,-8.555779281825876
s2,r2,2.328882479400642,3.0704140343684982,2.170242007320665,0.3494962060896047,0.3494962060896041,10.68422404548377,-8.48439041531303
s0,r0,9.568185697355936,3.628140940600517,4.069400697472063,0.6480596631153198,0.6480596631153186,19.200818380928457,-1.398968434674894
s0,r1,4.36513034330406,3.628140940600517,2.32144960754229,0.5182672977204937,0.5182672977204931,12.860400319411195,-4.348284935415177
s0,r2,0.8865068966797311,3.628140940600517,1.2737093913000044,0.19183489914461058,0.1918348991446099,11.716077479661603,-14.179152842043399
s1,r0,-14.309003114252437,4.388024581480605,4.069400697472063,-0.8013271753932844,-0.8013271753932842,14.661816749870885,2.5395557136580025
s1,r1,-3.6643927516219934,4.388024581480605,2.32144960754229,-0.3597275524993064,-0.3597275524993063,15.844329942168894,-8.27824975971514
s1,r2,-1.1107040168603368,4.388024581480605,1.2737093913000044,-0.19872794413556788,-0.1987279441355675,16.018442216897483,-13.858810094704772
s2,r0,14.89841697714906,5.187704967567861,4.069400697472063,0.7057232099426761,0.7057232099426753,23.595846311922333,-0.014856097983104619
s2,r1,4.527255247042155,5.187704967567861,2.32144960754229,0.3759243442809749,0.3759243442809747,21.01855867844277,-7.826227390811022
s2,r2,1.403421183309749,5.187704967567861,1.2737093913000044,0.2123940798972852,0.21239407989728476,23.12754240863982,-13.251607454269289
s0,r0,1.9429850024377318,4.785229282494063,1.5659898400250745,0.25928521712088576,0.2592852171208855,20.970737195817545,-11.421505425812981
s0,r1,12.064080588073788,4.785229282494063,3.354897326008303,0.751471033025533,0.7514710330255326,28.71905965318324,1.1344947675615098
s0,r2,5.928380787777646,4.785229282494063,2.627795265130245,0.4714567018916871,0.47145670189168687,25.554787065804994,-5.4376794335101595
s1,r0,-1.8964693342501489,4.546667482580295,1.5659898400250745,-0.26635674009438454,-0.2663567400943841,18.328940293846202,-11.170126364039248
s1,r1,-12.010957975993826,4.546667482580295,3.354897326008303,-0.7874177862802448,-0.7874177862802443,19.485747341486917,2.127703530799834
s1,r2,-4.123311052275645,4.546667482580295,2.627795265130245,-0.3451130475671656,-0.34511304756716543,21.462321334730817,-8.68922818150335
s2,r0,1.1743265450840183,4.1014761263680874,1.5659898400250745,0.18283517422990364,0.1828351742299033,17.876290497087098,-14.571278367073038
s2,r1,5.710459433457788,4.1014761263680874,3.354897326008303,0.4150033756105309,0.4150033756105305,21.520721391286035,-6.762041355262279
s2,r2,7.894475846993396,4.1014761263680874,2.627795265130245,0.7324729426611447,0.7324729426611439,14.948075397052241,0.7347717256421259
s0,r0,3.0772449078457758,4.459554600759067,2.0324890334874737,0.3395020219404995,0.33950202194049955,20.174717907921153,-8.848279867946015
s0,r1,10.47768033647989,4.459554600759067,3.448956575125913,0.6812177138808572,0.6812177138808564,20.967339365355585,-0.6187051210397752
s0,r2,6.695805364851455,4.459554600759067,2.602468468030483,0.5769336353816215,0.5769336353816218,22.420722732378923,-3.0141353880766872
s1,r0,-3.904893038016973,4.380158096709745,2.0324890334874737,-0.43862274163059695,-0.4386227416305971,16.311923197364692,-6.230128823634145
s1,r1,-9.578925810663963,4.380158096709745,3.448956575125913,-0.6340730535208452,-0.6340730535208446,20.636325559201104,-1.7234901227828294
s1,r2,-6.2592400408313384,4.380158096709745,2.602468468030483,-0.549093553017644,-0.5490935530176442,16.517665416190574,-3.6483451469960593
s2,r0,2.02409343045481,2.417093828726877,2.0324890334874737,0.41201102244267207,0.41201102244267135,6.96803400303079,-6.8047052551406
s2,r1,5.533362473277083,2.417093828726877,3.448956575125913,0.6637551206930379,0.6637551206930359,13.868137405611995,-0.8984715266583961
s2,r2,1.7890740958702498,2.417093828726877,2.602468468030483,0.2844129335276088,0.28441293352760844,9.83258346035799,-10.47141067868713
s0,r0,12.928199179035797,5.61416673387521,3.8376706103785097,0.6000466724604844,0.6000466724604843,21.379614728549836,-2.4975940620438797
s0,r1,10.189183408519884,5.61416673387521,3.5695454064157652,0.5084417003913689,0.5084417003913688,30.179971564035096,-4.5760838692136625
s0,r2,13.627142231693632,5.61416673387521,4.117266361008564,0.58953625508076,0.5895362550807596,28.24017864755055,-2.735149867478908
s1,r0,-7.148894605047946,5.539992930214371,3.8376706103785097,-0.33624976356525366,-0.3362497635652537,28.79802455896408,-8.94322621953284
s1,r1,-14.412307411959622,5.539992930214371,3.5695454064157652,-0.7288050876273016,-0.7288050876273016,26.950784681991454,0.5459893394847665
s1,r2,-9.204206735536841,5.539992930214371,4.117266361008564,-0.4035229039241859,-0.40352290392418577,37.51515372898299,-7.108115042867326
s2,r0,14.422791662301483,6.257752068729761,3.8376706103785097,0.6005695120837133,0.6005695120837129,27.305620889052815,-2.4696733227777043
s2,r1,8.421353143992174,6.257752068729761,3.5695454064157652,0.3770080437950489,0.37700804379504854,35.332112095286135,-7.7950901174627605
s2,r2,16.80716437987763,6.257752068729761,4.117266361008564,0.6523296686894382,0.6523296686894373,36.46623494821312,-1.2854536463269517
s0,r0,10.62782644536914,3.8599495085798403,3.4664487042052,0.7942880925287295,0.7942880925287289,16.618986838778508,2.332314043952833
s0,r1,4.185531417654321,3.8599495085798403,2.4679905072083512,0.4393650401043816,0.4393650401043816,13.811445508227699,-6.209710582268089
s0,r2,1.5558801000959799,3.8599495085798403,1.3416735030713605,0.3004330172844688,0.30043301728446836,14.235724859152162,-10.033306509485865
s1,r0,-5.723541280513459,2.471106809477614,3.4664487042052,-0.6681723871242479,-0.6681723871242474,11.776054345743146,-0.9150578665055931
s1,r1,-2.6533423967603333,2.471106809477614,2.4679905072083512,-0.4350691548271724,-0.4350691548271724,6.382382767698307,-6.305675101739677
s1,r2,-1.0703425331953103,2.471106809477614,1.3416735030713605,-0.32283783288902757,-0.322837832889027,5.880908999006394,-9.329073110593741
s2,r0,6.22886448133158,4.088529579450198,3.4664487042052,0.43949805772314854,0.43949805772314837,16.637469070530887,-6.173929173545685
s2,r1,7.065707508606442,4.088529579450198,2.4679905072083512,0.7002369542211535,0.7002369542211541,14.294016681968397,-0.10925398765067947
s2,r2,1.1392832556070354,4.088529579450198,1.3416735030713605,0.20769102393845265,0.20769102393845246,14.95846533964008,-13.435090863341136
s0,r0,4.4277799842518455,4.094451169658853,2.660696283852322,0.4064386812600695,0.4064386812600699,16.905666147200726,-7.035052196455982
s0,r1,12.732212123946793,4.094451169658853,4.059688422546216,0.7659765362035239,0.7659765362035248,21.026708887299435,1.5241028098013703
s0,r2,2.3101118665013196,4.094451169658853,1.8636866230870048,0.30273624991565157,0.3027362499156522,13.97261417868507,-9.96059110089456
s1,r0,-5.5413437084853046,3.83976473749916,2.660696283852322,-0.5423943658655253,-0.5423943658655254,14.28792798552673,-3.797039751957349
s1,r1,-9.068549937959933,3.83976473749916,4.059688422546216,-0.5817555427714722,-0.5817555427714723,22.22097208388538,-2.9072077041403137
s1,r2,-2.1943003837723754,3.83976473749916,1.8636866230870048,-0.30663277624465435,-0.3066327762446547,13.61656563508203,-9.835676772440161
s2,r0,7.5065500650168495,5.691495121419103,2.660696283852322,0.4956997667032073,0.49569976670320726,25.110226551718625,-4.856959603138863
s2,r1,17.11698416020436,5.691495121419103,4.059688422546216,0.7408122884276784,0.7408122884276784,30.10033707282418,0.8746772457792805
s2,r2,3.4454969453088116,5.691495121419103,1.8636866230870048,0.32482736810395346,0.32482736810395363,27.8206876067074,-9.271574902903932
s0,r0,1.3653759610965943,3.953533047982673,1.218194653082332,0.2834981243764556,0.28349812437645516,15.95342922115983,-10.583193628622945
s0,r1,7.8982711762204145,3.953533047982673,3.1371816723902515,0.6368057818816467,0.6368057818816456,19.45717328586593,-1.654934557257861
s0,r2,5.111182186123511,3.953533047982673,2.18424940926493,0.5918801307911961,0.5918801307911957,15.708005612853217,-2.677577067468205
s1,r0,-1.0804650534664086,3.4795453872540176,1.218194653082332,-0.2549009944923394,-0.2549009944923392,10.317131726282613,-11.579040480412223
s1,r1,-8.643350045145683,3.4795453872540176,3.1371816723902515,-0.7918080755813498,-0.7918080755813489,14.113454321612194,2.256652072700585
s1,r2,-3.4550311625630026,3.4795453872540176,2.18424940926493,-0.45459770206993444,-0.4545977020699345,11.926852716405307,-5.840730954823165
s2,r0,1.7219875673346459,4.569161970255116,1.218194653082332,0.3093689826361559,0.3093689826361558,19.003589000741922,-9.7282061600356
s2,r1,10.59701272680336,4.569161970255116,3.1371816723902515,0.7392770654233364,0.7392770654233356,24.723819217171062,0.8723586287983351
s2,r2,4.771710905315523,4.569161970255116,2.18424940926493,0.47811827465885237,0.47811827465885254,19.84033660074487,-5.2488051692573405
s0,r0,4.156507948179156,4.780087343536605,2.1156473602615797,0.411007268801489,0.4110072688014884,22.851916097401762,-6.9165745710223545
s0,r1,14.001636070404084,4.780087343536605,3.9386878195321526,0.7436890603111749,0.7436890603111745,29.819073121022576,0.9286668829256732
s0,r2,0.7819234229172775,4.780087343536605,1.1503661203412852,0.142197613542614,0.142197613542614,23.096905015100422,-16.85466318858145
s1,r0,-3.009074387783188,4.200443751247339,2.1156473602615797,-0.338605860354528,-0.33860586035452755,16.252767149447156,-8.876869514339571
s1,r1,-12.457062551373898,4.200443751247339,3.9386878195321526,-0.7529548097435822,-0.752954809743582,19.231373339938656,1.1700474870399737
s1,r2,-0.5269527545653009,4.200443751247339,1.1503661203412852,-0.10905370450285434,-0.10905370450285429,17.14230238160661,-19.195974337805616
s2,r0,3.0691050680360146,4.376622554620787,2.1156473602615797,0.3314586687786721,0.33145866877867103,19.029526147986807,-8.920324645273045
s2,r1,5.75995181635235,4.376622554620787,3.9386878195321526,0.33413979076663713,0.3341397907666364,29.265744727643355,-8.854326282077679
s2,r2,1.8120314818650147,4.376622554620787,1.1503661203412852,0.35990722238762984,0.3599072223876292,17.41450839937347,-8.126775516617489
s0,r0,13.940087513658412,5.263912137348621,3.8472713422064078,0.6883416539975289,0.6883416539975281,33.83328383066938,-0.45372459986353686
s0,r1,11.750372814650097,5.263912137348621,4.069448820204044,0.5485388902135432,0.5485388902135431,35.89124240593087,-3.660082241742859
s0,r2,5.344751694521215,5.263912137348621,2.490720100080409,0.4076561292588207,0.40765612925882055,27.709494977957913,-7.004005965381222
s1,r0,-16.02472839092379,5.9613502906808,3.8472713422064078,-0.6987039812093032,-0.6987039812093025,42.314449359139225,-0.20045371444587587
s1,r1,-12.458491003334432,5.9613502906808,4.069448820204044,-0.5135529285738885,-0.5135529285738882,41.33100225611733,-4.455271358468664
s1,r2,-5.217080102622997,5.9613502906808,2.490720100080409,-0.35136454607801965,-0.3513645460780195,39.44069601503484,-8.50942591676897
s2,r0,5.0162906466122035,4.211979130451251,3.8472713422064078,0.309559162925778,0.3095591629257777,26.55631767239173,-9.725276764800077
s2,r1,12.677425954593284,4.211979130451251,4.069448820204044,0.7396210808945812,0.7396210808945813,22.66648871855603,0.8673372026143147
s2,r2,3.3733306762071935,4.211979130451251,2.490720100080409,0.3215494562414131,0.321549456241413,17.81931302759704,-9.358535995016046
s0,r0,7.038046724528161,4.368131154657346,3.022010312733144,0.5331636518270367,0.5331636518270361,17.85590114116708,-4.009276894573368
s0,r1,8.04556772325257,4.368131154657346,3.163982977722902,0.5821392563851888,0.5821392563851889,13.824190915889412,-2.901345161738059
s0,r2,8.518020927441754,4.368131154657346,3.8951849583162717,0.5006277839740274,0.5006277839740271,19.505665812462528,-4.755842414671169
s1,r0,-5.467214370047431,4.313112855232768,3.022010312733144,-0.41944916968279294,-0.4194491696827923,14.258252767468424,-6.705763756732555
s1,r1,-6.015929671890147,4.313112855232768,3.163982977722902,-0.4408367483923465,-0.4408367483923463,16.711049565703195,-6.175581698829285
s1,r2,-11.274300505671313,4.313112855232768,3.8951849583162717,-0.6710744436367786,-0.6710744436367778,20.05961959359131,-0.8650792342305884
s2,r0,7.192315637511484,5.783460852492371,3.022010312733144,0.4115143612208657,0.4115143612208654,27.218590428421457,-6.893856530577553
s2,r1,10.259285653275706,5.783460852492371,3.163982977722902,0.5606543339244688,0.560654333924469,22.931926688006765,-3.372775284945418
s2,r2,14.701058714541476,5.783460852492371,3.8951849583162717,0.6525784490392401,0.6525784490392396,22.48487522108202,-1.279683192620652
s0,r0,7.146239429526975,4.452173226133971,2.7075604564608287,0.5928261419549002,0.5928261419549001,20.66350249166953,-2.65508510892753
s0,r1,0.5426360700790329,4.452173226133971,1.261682908638936,0.0966020594580183,0.09660205945801822,19.162794591616706,-20.263188948559037
s0,r2,8.951471833238928,4.452173226133971,3.3585236566942664,0.5986513746872345,0.5986513746872344,23.47720718269249,-2.5235447873462356
s1,r0,-5.7874647877224366,3.4665102679028816,2.7075604564608287,-0.6166201436618932,-0.6166201436618929,15.380453969398864,-2.1191495040791724
s1,r1,-0.2169783820195735,3.4665102679028816,1.261682908638936,-0.04961051729794998,-0.0496105172979499,12.276967605642412,-26.086264434882974
s1,r2,-6.056464032614955,3.4665102679028816,3.3585236566942664,-0.5202094530676226,-0.5202094530676219,17.49479162615505,-4.303727980176076
s2,r0,3.1717399488925473,3.4683764416224685,2.7075604564608287,0.33774830791744725,0.33774830791744703,15.16441622378,-8.205324336530191
s2,r1,0.5213848202994078,3.4683764416224685,1.261682908638936,0.119146677239821,0.11914667723982085,10.552526870601135,-17.865172779302164
s2,r2,3.82916493557771,3.4683764416224685,3.3585236566942664,0.3287225020964117,0.3287225020964115,16.401543560584088,-8.478283015503314
s0,r0,14.071297993430868,6.534654271279674,3.8732168714768833,0.5559551147901115,0.5559551147901112,36.47889464009387,-3.492034204016946
s0,r1,28.01049981834888,6.534654271279674,5.836690610993908,0.7343981431019162,0.7343981431019161,41.96510417023708,0.6871329927691235
s0,r2,3.6627977131382847,6.534654271279674,2.081338083235326,0.2693070286682703,0.2693070286682699,44.16462311947205,-11.067261751341075
s1,r0,-13.673196616526939,6.828463860681844,3.8732168714768833,-0.5169817694598563,-0.516981769459856,39.43415875881327,-4.377451966836877
s1,r1,-30.420834622715596,6.828463860681844,5.836690610993908,-0.7632757011584287,-0.7632757011584287,37.32401102414504,1.4520608931319672
s1,r2,-3.4187212175643014,6.828463860681844,2.081338083235326,-0.24054594560502915,-0.2405459456050288,38.80472445452249,-12.114920013756645
s2,r0,5.585576999735718,4.003490415210654,3.8732168714768833,0.3602113849125184,0.3602113849125185,27.178438082280287,-8.106643083862389
s2,r1,14.530441843444676,4.003490415210654,5.836690610993908,0.6218324109756627,0.621832410975663,30.783421762794603,-1.7734445742902885
s2,r2,1.9955906626154432,4.003490415210654,2.081338083235326,0.23949146427330192,0.2394914642733018,16.88620146849439,-12.013508861518398
s0,r0,1.6242900116796752,3.4371608773298625,1.5787196982016167,0.2993358173751247,0.29933581737512466,12.708121359099522,-10.065972792903118
s0,r1,5.591012066207602,3.4371608773298625,2.485409342633377,0.6544743690878793,0.6544743690878781,13.12949717659215,-1.2472452979039799
s0,r2,3.6814599665616727,3.4371608773298625,2.35610226278665,0.4545964981154286,0.4545964981154282,15.02836068683967,-5.837922601786888
s1,r0,-2.1224939912964773,2.859170657104522,1.5787196982016167,-0.4702202883515514,-0.4702202883515512,8.187002700960198,-5.4619239329675295
s1,r1,-3.361935587086436,2.859170657104522,2.485409342633377,-0.47309829585310065,-0.4730982958530995,9.830717097078196,-5.3938722728697455
s1,r2,-2.5013760837555385,2.859170657104522,2.35610226278665,-0.3713169535334994,-0.371316953533499,9.00690887381592,-7.954393501298585
s2,r0,2.5202694217269803,4.389409777513477,1.5787196982016167,0.36369373139669364,0.3636937313966935,15.860029533538308,-8.089308838031503
s2,r1,6.574638117020018,4.389409777513477,2.485409342633377,0.6026536622302935,0.6026536622302922,18.42480063187699,-2.326494758108931
s2,r2,3.586119841191724,4.389409777513477,2.35610226278665,0.34675644006643913,0.34675644006643874,17.81890132808805,-8.564643366638599
s0,r0,15.77099506758317,5.998965290979005,4.113031763607795,0.6391763292495172,0.6391763292495163,28.462858963256572,-1.6061097137369933
s0,r1,7.837562228218305,5.998965290979005,2.6141385028489723,0.4997767621589788,0.4997767621589784,26.48644883690712,-4.775770075386123
s0,r2,1.3262982321480696,5.998965290979005,1.6626737102333375,0.13297126846136736,0.13297126846136698,30.307052625988206,-17.448336762784063
s1,r0,-11.042726938715138,5.250567255035213,4.113031763607795,-0.5113379711945386,-0.5113379711945384,27.492414261557048,-4.509506690187964
s1,r1,-7.382266875225741,5.250567255035213,2.6141385028489723,-0.5378422582697399,-0.5378422582697399,27.070465649445524,-3.9039036619934158
s1,r2,-1.5052223072796198,5.250567255035213,1.6626737102333375,-0.17241990054442222,-0.17241990054442177,23.302673601277117,-15.137032323801751
s2,r0,15.833643733376698,4.50903016299672,4.113031763607795,0.8537597273515346,0.8537597273515338,16.420935755618192,4.357471307388751
s2,r1,3.2702555509261133,4.50903016299672,2.6141385028489723,0.2774405631009027,0.2774405631009026,19.087398585551576,-10.770801112501381
s2,r2,0.6822175906317327,4.50903016299672,1.6626737102333375,0.09099818765433293,0.09099818765433271,17.696929386133366,-20.77846541014746
s0,r0,19.421772391399067,5.478307620082543,4.989298218717609,0.7105636418264671,0.7105636418264669,34.24391845352552,0.08602274615371051
s0,r1,5.018823942753569,5.478307620082543,2.4289715513823964,0.3771665051600725,0.3771665051600722,26.849569097636003,-7.80278725726469
s0,r2,6.0598532319828475,5.478307620082543,2.421984203207013,0.4567140627970358,0.4567140627970356,24.059744760740912,-5.790793781596704
s1,r0,-19.523597272995197,5.836788054514865,4.989298218717609,-0.6704192160383485,-0.670419216038349,30.497357456311402,-0.880745469376027
s1,r1,-6.763006216485423,5.836788054514865,2.4289715513823964,-0.47702752041235646,-0.47702752041235646,26.71862957942151,-5.307519592723128
s1,r2,-6.569966690397873,5.836788054514865,2.421984203207013,-0.4647484371113892,-0.46474843711138925,25.581328210741148,-5.598621158242872
s2,r0,23.77719147619176,5.560787160853357,4.989298218717609,0.8570078878184506,0.8570078878184499,24.117004302213626,4.454561835776587
s2,r1,4.861915883289101,5.560787160853357,2.4289715513823964,0.3599554385793791,0.35995543857937873,23.99057797670947,-8.263221587713666
s2,r2,4.194759257648093,5.560787160853357,2.421984203207013,0.311457979698426,0.3114579796984257,26.497914247036398,-9.67966879649644
s0,r0,14.307316366562697,4.549375361800151,3.9061880066245505,0.8051063777352238,0.8051063777352223,22.387295633013142,2.6587295568540648
s0,r1,1.4076935883605046,4.549375361800151,1.6783634730494117,0.18436154630713686,0.18436154630713675,19.116976753874326,-14.535189128951215
s0,r2,7.022129073020817,4.549375361800151,3.132735574668348,0.49271217942795253,0.49271217942795253,18.379554138593026,-4.938471142662851
s1,r0,-8.371940830855026,3.367225744742315,3.9061880066245505,-0.6365034687942951,-0.6365034687942938,14.276530518594205,-1.6681463056664014
s1,r1,-2.1122844531774883,3.367225744742315,1.6783634730494117,-0.3737611437731195,-0.3737611437731193,10.71286335820339,-7.894639118276646
s1,r2,-4.4124484414314935,3.367225744742315,3.132735574668348,-0.41829596154658455,-0.41829596154658455,16.02825907800202,-6.735029465821269
s2,r0,8.812753054100462,4.071752667640138,3.9061880066245505,0.5540858620373207,0.5540858620373192,20.375558441710815,-3.496199620145679
s2,r1,1.2710441210088042,4.071752667640138,1.6783634730494117,0.18599155158801428,0.18599155158801406,16.361538298811105,-14.430571338207589
s2,r2,8.379019705631219,4.071752667640138,3.132735574668348,0.656883091942969,0.6568830919429685,19.877679044096116,-1.149582054600214
s0,r0,8.782978858351226,3.728530366401878,3.1332973641447395,0.7518003776217075,0.7518003776217059,16.76871120416384,1.1468302628056946
s0,r1,2.141259292538964,3.728530366401878,1.6879448882531867,0.34023055492736454,0.3402305549273643,12.546798643142553,-8.82775930320478
s0,r2,4.352683131665954,3.728530366401878,2.2920739356522115,0.5093200174513454,0.5093200174513445,13.62689550183364,-4.552219393038729
s1,r0,-5.367789535864473,3.1296429321028953,3.1332973641447395,-0.5473927931102552,-0.5473927931102547,10.934754000141393,-3.684504827235797
s1,r1,-2.610083188676992,3.1296429321028953,1.6879448882531867,-0.49408457526271654,-0.49408457526271665,9.86240690651958,-4.905272989148594
s1,r2,-3.885884080467014,3.1296429321028953,2.2920739356522115,-0.5417094697977171,-0.5417094697977166,9.809712756914278,-3.8129063933266756
s2,r0,7.369997523527317,3.5957693063984606,3.1332973641447395,0.6541448214272791,0.6541448214272776,13.279317401410614,-1.19830181690846
s2,r1,2.2453268994561917,3.5957693063984606,1.6879448882531867,0.369938469658756,0.36993846965875565,13.15648035792629,-7.960474729003581
s2,r2,4.2873164334171125,3.5957693063984606,2.2920739356522115,0.5201937082164352,0.5201937082164341,10.218587590509658,-4.259367776189946
s0,r0,21.43102311724796,5.07816275228078,4.948262363981735,0.8528714382909042,0.8528714382909048,12.29484842614374,4.26357524466717
s0,r1,3.9159550556117386,5.07816275228078,2.2274804766081844,0.34619211880305534,0.34619211880305484,18.079168057327944,-8.65926317791762
s0,r2,4.20138207317718,5.07816275228078,2.3824739312554595,0.34726211423092046,0.3472621142309196,20.499801329782915,-8.628465815992893
s1,r0,-15.504438612036816,3.9529426753064314,4.948262363981735,-0.7926524585469507,-0.7926524585469508,19.906449608665742,2.2798533909516907
s1,r1,-3.167105322002692,3.9529426753064314,2.2274804766081844,-0.3596897677978969,-0.3596897677978961,14.961652425947857,-8.279553104620652
s1,r2,-3.3721056524141986,3.9529426753064314,2.3824739312554595,-0.3580572728139229,-0.3580572728139218,17.56458206650316,-8.325005828607674
s2,r0,14.149630662096143,5.341840385575308,4.948262363981735,0.5353052198692225,0.5353052198692231,32.996242737180175,-3.88218393335037
s2,r1,4.783101358960903,5.341840385575308,2.2274804766081844,0.40198030072815527,0.40198030072815494,25.23336084122042,-7.086866975019578
s2,r2,6.724769496143731,5.341840385575308,2.3824739312554595,0.5283945605473125,0.5283945605473115,25.456249755180437,-4.040147485546589
s0,r0,1.9405035291787092,3.19677671930369,1.5299122137779972,0.3967670709360367,0.39676707093603525,11.569894258882885,-7.278701799979252
s0,r1,6.4654625142792925,3.19677671930369,2.6899426408139435,0.751872628566553,0.7518726285665528,13.078684038071035,1.156480896083315
s0,r2,0.9126322356551547,3.19677671930369,1.0624101971467905,0.26871460431306343,0.2687146043130628,9.296457828361286,-11.086034447409173
s1,r0,-2.009181719016242,3.0316944683480536,1.5299122137779972,-0.43317888081869177,-0.4331788808186905,9.109307401310998,-6.363618866195761
s1,r1,-5.688147621000505,3.0316944683480536,2.6899426408139435,-0.6974971029766887,-0.6974971029766889,10.281635295570887,-0.2340220243966846
s1,r2,-0.9824178859183132,3.0316944683480536,1.0624101971467905,-0.30501317487232055,-0.30501317487232,7.448436927342736,-9.888582450113985
s2,r0,1.1471602834287793,2.317892285223828,1.5299122137779972,0.32349259281625453,0.3234925928162532,6.286970670914985,-9.177752102934862
s2,r1,3.383721993510467,2.317892285223828,2.6899426408139435,0.5426982296066564,0.542698229606656,10.231864804643983,-3.6014173770866322
s2,r2,0.5075742452201997,2.317892285223828,1.0624101971467905,0.20611713492067874,0.2061171349206783,5.418496633113286,-13.413376605023778
