s0,r0,-0.4624106298020333,6.616840498574933,5.219765309753446,-0.013388322534991835,-0.013388322534991887,47.3637383092043,-37.47035567747339
s0,r1,-0.5911979052747807,6.616840498574933,4.724503063372932,-0.01891150473225859,-0.01891150473225862,42.60893739359969,-34.472221688925025
s0,r2,-0.08767932473173955,6.616840498574933,5.470817383016856,-0.0024221125072931312,-0.0024221125072931356,53.85243855375465,-49.85621730419464
s1,r0,0.5518942367181211,8.9689087765527,5.219765309753446,0.011788682612355158,0.011788682612355167,76.55043116910464,-38.57108161674348
s1,r1,0.0008806443894563056,8.9689087765527,4.724503063372932,2.078283697161686e-05,2.0782836971616646e-05,65.69641489865442,-79.87292408086567
s1,r2,-0.8249301619810661,8.9689087765527,5.470817383016856,-0.01681223136689555,-0.016812231366895553,87.61446335059496,-33.448906847068876
s2,r0,1.479621298594217,6.882337450898088,5.219765309753446,0.04118732953942692,0.04118732953942698,50.926929485351316,-27.697032947849436
s2,r1,0.18635385921240177,6.882337450898088,4.724503063372932,0.00573120962071129,0.005731209620711286,49.28400453667475,-44.82955901939813
s2,r2,0.23747238307504437,6.882337450898088,5.470817383016856,0.006307030474172622,0.006307030474172628,63.264921960101866,-41.51769435888436
s0,r0,-0.3777316917166269,5.4519774702211325,5.254825015206626,-0.01318472611107316,-0.01318472611107315,40.77223255509265,-37.59748600455581
s0,r1,-2.6604705443020173,5.4519774702211325,6.000090629906567,-0.08132921718386378,-0.08132921718386377,38.83092372266868,-21.766731723129595
s0,r2,0.791590626250665,5.4519774702211325,6.030233880537467,0.024077557788457955,0.024077557788457944,50.87893992971413,-30.261162719689512
s1,r0,-0.2279996126467502,5.481904345959924,5.254825015206626,-0.007914881138739836,-0.007914881138739829,42.4124220647616,-42.029891546462395
s1,r1,-0.199925093996371,5.481904345959924,6.000090629906567,-0.006078242813676394,-0.006078242813676403,53.01601592879698,-44.31554884838701
s1,r2,0.47705389440708795,5.481904345959924,6.030233880537467,0.014431179740738053,0.01443117974073806,47.57115775422958,-37.39058595428835
s2,r0,0.38941433585109186,7.253050947532498,5.254825015206626,0.010217224798295801,0.010217224798295791,55.8342493609808,-39.81206246683292
s2,r1,0.3819407201233255,7.253050947532498,6.000090629906567,0.008776420519785381,0.008776420519785397,55.130092185539894,-41.12501433475782
s2,r2,-0.3511773323700553,7.253050947532498,6.030233880537467,-0.008029187336968457,-0.008029187336968441,83.85990816361725,-46.0496150406891
s0,r0,0.5530769125516193,8.450841544420218,3.8015590942203223,0.017215665879209804,0.017215665879209835,65.61306352178978,-35.27881581114519
s0,r1,0.3994819149815461,8.450841544420218,3.417310796023839,0.013832882432137542,0.013832882432137516,66.4932088520684,-37.17204033365353
s0,r2,0.8689477075711037,8.450841544420218,5.877523629497508,0.01749440995620173,0.017494409956201742,100.01482913254183,-32.31482610375932
s1,r0,0.032337706770387505,5.275265628010401,3.8015590942203223,0.0016125126860472218,0.0016125126860472329,28.769715970693397,-55.828485467416456
s1,r1,0.07877693758029894,5.275265628010401,3.417310796023839,0.004369887761010719,0.004369887761010712,21.61842859323492,-47.175409535988464
s1,r2,0.5478053096877138,5.275265628010401,5.877523629497508,0.017668005299089587,0.017668005299089583,46.17423186943,-33.1364093712194
s2,r0,0.03262573213070161,7.258259404912935,3.8015590942203223,0.0011824043934810984,0.0011824043934811086,42.11023929112589,-58.51008071499437
s2,r1,0.2083886235472225,7.258259404912935,3.417310796023839,0.008401504066605631,0.00840150406660562,49.07518142183402,-41.508139938058996
s2,r2,-0.5687905277006632,7.258259404912935,5.877523629497508,-0.013332926530454103,-0.013332926530454113,68.30112624848795,-37.2994740157802
s0,r0,0.5359903845282739,5.803208120494523,3.6484309550415412,0.025315279162092114,0.025315279162092186,30.764007006955218,-31.929545383253522
s0,r1,-0.05512540288574827,5.803208120494523,4.690911530655011,-0.002025006344574228,-0.002025006344574239,32.605906048835195,-53.86283048046267
s0,r2,-0.1816562422009489,5.803208120494523,4.481005982568472,-0.006985647326458289,-0.00698564732645831,53.50393631352257,-42.39409008054551
s1,r0,-0.34402103481676133,4.096497531880142,3.6484309550415412,-0.02301792488630251,-0.023017924886302523,21.088591376166363,-32.75668237688252
s1,r1,0.17016008723649856,4.096497531880142,4.690911530655011,0.008854983568993835,0.008854983568993832,26.247245324981403,-41.059863681655905
s1,r2,0.0695961937183098,4.096497531880142,4.481005982568472,0.003791379582833904,0.003791379582833904,30.30843072943888,-71.7587613511894
s2,r0,-0.24271483190032517,4.184989990862779,3.6484309550415412,-0.015896289398537364,-0.01589628939853738,21.065396536850255,-35.97171554311057
s2,r1,-0.20274450989575696,4.184989990862779,4.690911530655011,-0.010327553105021658,-0.010327553105021649,29.16869053349954,-39.72288556956022
s2,r2,0.1537179675949796,4.184989990862779,4.481005982568472,0.008196995305540604,0.00819699530554061,35.02247584327184,-37.520322945741924
s0,r0,0.21624286610282037,6.863809740565724,5.360409346002273,0.005877309975703034,0.00587730997570305,53.260931618651654,-44.61202445359901
s0,r1,-1.2051414884137395,6.863809740565724,4.953361898943348,-0.03544644960932481,-0.03544644960932493,45.97082472871853,-29.003610514213307
s0,r2,2.416020528325181,6.863809740565724,6.561782719803043,0.05364305928218754,0.05364305928218779,49.7785077258033,-24.777469205457514
s1,r0,3.689282323342804,8.340219943122335,5.360409346002273,0.08252137040509552,0.08252137040509559,78.30694128701785,-21.639332070552065
s1,r1,1.1684934685187969,8.340219943122335,4.953361898943348,0.028284514347544726,0.02828451434754473,77.21630923805483,-30.967039643960025
s1,r2,-0.2292140876364276,8.340219943122335,6.561782719803043,-0.004188340264201949,-0.004188340264201945,68.85945841539862,-43.903394109084466
s2,r0,-0.3232893950962529,5.183313375611609,5.360409346002273,-0.01163552641550766,-0.011635526415507677,27.72416676233103,-38.68705381409408
s2,r1,-0.5048796993597389,5.183313375611609,4.953361898943348,-0.0196643856511266,-0.0196643856511266,35.416676451347,-34.12716038483186
s2,r2,0.12285141373742312,5.183313375611609,6.561782719803043,0.0036120258240517197,0.0036120258240517227,49.717475895564625,-44.40229249662912
s0,r0,0.04455744388707439,12.517550226490405,6.382762993141589,0.0005576891661217676,0.0005576891661217744,111.80333675506415,-64.91822740828898
s0,r1,-0.8627789423037174,12.517550226490405,4.275672472097359,-0.016120398165038963,-0.01612039816503897,120.06333018683932,-35.84938287674646
s0,r2,-3.8655935671873634,12.517550226490405,9.636328572624446,-0.03204684260498531,-0.03204684260498534,194.81469385320688,-29.21841196901935
s1,r0,0.9914731720409633,6.080485396683349,6.382762993141589,0.025546652417802067,0.025546652417802088,45.1558811391408,-31.849138412967584
s1,r1,-0.22272163449070997,6.080485396683349,4.275672472097359,-0.008566821651496625,-0.00856682165149663,34.16225865168213,-41.33304620621783
s1,r2,1.2366989181037973,6.080485396683349,9.636328572624446,0.021106398385508582,0.02110639838550857,100.37413356810495,-34.050389948118905
s2,r0,0.9412402009373237,6.7717791908673295,6.382762993141589,0.021776544195114808,0.02177654419511483,62.325223245196284,-33.23908041168527
s2,r1,-0.22667756612812756,6.7717791908673295,4.275672472097359,-0.00782891039995571,-0.007828910399955695,40.72186245233811,-42.13518418315028
s2,r2,0.5160184654129022,6.7717791908673295,9.636328572624446,0.00790771219399198,0.007907712193991985,95.97497791813076,-39.38130826438523
s0,r0,0.565115075387494,6.997212587154985,8.593045976702808,0.009398632941487673,0.009398632941487696,93.94294125739582,-40.554742579833636
s0,r1,0.2174069478775645,6.997212587154985,2.92687351225653,0.010615596339974545,0.010615596339974546,46.57351567069311,-39.45936511845584
s0,r2,-0.325328995879502,6.997212587154985,2.2946893921351323,-0.02026160273769321,-0.020261602737693216,43.957787726646295,-33.870602343760964
s1,r0,-1.602103714707255,5.836535482315656,8.593045976702808,-0.031943931201107945,-0.031943931201107965,70.80468907886114,-29.903016245489454
s1,r1,0.13072161641077285,5.836535482315656,2.92687351225653,0.007652235461593288,0.007652235461593276,31.197030116213693,-42.2968408599863
s1,r2,-0.19449573781171584,5.836535482315656,2.2946893921351323,-0.01452215442175495,-0.014522154421754934,30.876939473883187,-36.76592139929287
s2,r0,0.13008238742990422,5.641416292847938,8.593045976702808,0.002683386404504756,0.0026833864045047594,68.24751127757273,-51.505874481748805
s2,r1,-0.4280279230418955,5.641416292847938,2.92687351225653,-0.025922685978157146,-0.025922685978157115,29.04260602517164,-31.73523705945314
s2,r2,-0.11367981508996522,5.641416292847938,2.2946893921351323,-0.008781552499035897,-0.008781552499035884,30.193585972910252,-41.14760915980769
s0,r0,1.636710498316686,6.7494486306291925,8.155442925095562,0.029734183623128463,0.029734183623128498,68.68771043242695,-30.533173836239417
s0,r1,0.5647576650544808,6.7494486306291925,2.755262332850602,0.0303690273485402,0.030369027348540256,37.03432131674226,-30.34446297005275
s0,r2,1.372116896026564,6.7494486306291925,4.052565524724304,0.050164070591978534,0.05016407059197859,45.303388038212475,-25.982029964477295
s1,r0,-0.25104919775312295,5.432889228995839,8.155442925095562,-0.005666050420696669,-0.00566605042069667,47.56087938623662,-44.86182343047989
s1,r1,-0.10068769060802085,5.432889228995839,2.755262332850602,-0.006726398212283954,-0.006726398212283961,27.298071520510103,-43.5158553917777
s1,r2,-0.4946484973554258,5.432889228995839,4.052565524724304,-0.022466519565551686,-0.022466519565551703,35.01114654772777,-32.95466636129254
s2,r0,-0.4016219184663395,3.0760247777373713,8.155442925095562,-0.01600958315349467,-0.016009583153494673,56.73407255433506,-35.89035367253786
s2,r1,-0.06569289060643489,3.0760247777373713,2.755262332850602,-0.007751140115233759,-0.007751140115233772,12.552089397029333,-42.262893545306326
s2,r2,0.27305489187346677,3.0760247777373713,4.052565524724304,0.02190433568812289,0.021904335688122882,23.1571499135495,-33.19671014015135
s0,r0,-1.632344573458304,6.858509916697282,7.445582903190604,-0.031965637139950535,-0.03196563713995059,63.87569149438213,-29.88425949946804
s0,r1,-0.20562058253667917,6.858509916697282,2.6957633311816114,-0.011121287108858501,-0.011121287108858496,47.71308387904173,-39.19609400691483
s0,r2,0.20198589576937195,6.858509916697282,5.1554008555562,0.0057125344807810235,0.00571253448078103,53.41200115856931,-44.85419359785825
s1,r0,0.2408925955148851,5.877268765516845,7.445582903190604,0.005504896981604496,0.005504896981604496,50.894462566451224,-45.205260209170994
s1,r1,-0.4222682484888142,5.877268765516845,2.6957633311816114,-0.026652080354577203,-0.02665208035457715,31.74983576264555,-31.494004201440863
s1,r2,-0.0636555577320754,5.877268765516845,5.1554008555562,-0.0021008659249472975,-0.002100865924947297,35.38601554047841,-53.54596888400532
s2,r0,0.6549301388176603,3.7651182393285887,7.445582903190604,0.02336241065234121,0.023362410652341223,52.14558040965869,-32.63895538469843
s2,r1,0.3213083967061509,3.7651182393285887,2.6957633311816114,0.03165641234053638,0.031656412340536344,16.93398271832133,-29.961127630409333
s2,r2,0.16522875266736944,3.7651182393285887,5.1554008555562,0.008512253834681191,0.0085122538346812,32.859432656237374,-41.3953106698578
s0,r0,0.571865624947223,6.205474796287562,8.23879399015368,0.01118549819725588,0.011185498197255905,71.47527271787374,-39.031005910571906
s0,r1,-0.19817057448308797,6.205474796287562,1.9750556877390495,-0.016169061280813826,-0.016169061280813815,38.354505104465,-35.82953486318869
s0,r2,-0.4329148913523226,6.205474796287562,3.769903493166193,-0.01850534883191242,-0.01850534883191244,33.56527709255766,-34.6507271511499
s1,r0,-0.5728977749642753,6.633434937977314,8.23879399015368,-0.010482744921369367,-0.01048274492136938,54.155622872282024,-39.5695407227701
s1,r1,-0.08570981863230845,6.633434937977314,1.9750556877390495,-0.006542033398453919,-0.006542033398453913,43.92780153217482,-43.72655729685989
s1,r2,-0.011329362606423502,6.633434937977314,3.769903493166193,-0.00045304023138908084,-0.00045304023138907027,39.10278556686584,-66.43341568220802
s2,r0,0.9999421920734997,6.225773951793605,8.23879399015368,0.019494760406574083,0.01949476040657408,80.75891221249475,-34.21457852312161
s2,r1,0.00925388974478879,6.225773951793605,1.9750556877390495,0.0007525781887634906,0.0007525781887634924,40.40318253129391,-61.897719501208286
s2,r2,-0.08533494866067586,6.225773951793605,3.769903493166193,-0.003635828174713294,-0.0036358281747132888,45.363544351301904,-48.74007071163826
s0,r0,-0.6681066140224692,6.643205635527497,7.146383681038781,-0.014072839868636833,-0.014072839868636876,45.434473370393135,-37.028628904061534
s0,r1,-0.29898956071665633,6.643205635527497,2.8788446657696074,-0.015633639634576195,-0.015633639634576226,51.1380195385781,-36.12090164805045
s0,r2,0.18762579006715868,6.643205635527497,3.2981224800641256,0.008563436041068326,0.008563436041068337,43.74996348922095,-41.34510819570431
s1,r0,0.5608480266997868,5.6008055632180564,7.146383681038781,0.014012265929106696,0.014012265929106716,63.40955683430771,-37.109222036198524
s1,r1,0.19381271443910972,5.6008055632180564,2.8788446657696074,0.01202025098340132,0.012020250983401318,34.52915834392307,-38.32572282249271
s1,r2,-0.26468359868939983,5.6008055632180564,3.2981224800641256,-0.014328797827812517,-0.014328797827812507,36.57020530607819,-36.88344940063722
s2,r0,0.06937346084952048,3.667198845243414,7.146383681038781,0.002647113557495265,0.002647113557495273,44.37858700164706,-51.72631044483893
s2,r1,0.036984111884396924,3.667198845243414,2.8788446657696074,0.0035031804039704784,0.0035031804039704815,20.771070309997846,-48.891855895543884
s2,r2,-0.24983007424875717,3.667198845243414,3.2981224800641256,-0.020655869357685812,-0.020655869357685822,19.644083281975274,-33.70221833192913
s0,r0,-0.026706172329377012,3.973291389101681,5.477601519981964,-0.0012270741173961144,-0.0012270741173961105,33.454616483567456,-58.185656233762444
s0,r1,-0.22400383566633839,3.973291389101681,2.3045965239800377,-0.024463023716351506,-0.024463023716351603,14.605383920328144,-32.22756801661019
s0,r2,-0.1779953901915776,3.973291389101681,2.957537853583699,-0.01514704888188647,-0.01514704888188648,16.392416641137263,-36.39152923547657
s1,r0,0.048817741005361535,4.412692747452511,5.477601519981964,0.0020196846032583104,0.002019684603258311,31.348260878839156,-54.08808970544728
s1,r1,-0.08588515546514042,4.412692747452511,2.3045965239800377,-0.008445386209106516,-0.00844538620910654,24.738710855519304,-41.53553244004496
s1,r2,0.006344966420321132,4.412692747452511,2.957537853583699,0.00048617802743033245,0.0004861780274303341,25.873778438258533,-66.92445818035853
s2,r0,-0.06233971140625608,3.2887972401160157,5.477601519981964,-0.003460487244405579,-0.003460487244405579,26.506136838973863,-49.126035392649634
s2,r1,0.18184653698727624,3.2887972401160157,2.3045965239800377,0.023992363525765555,0.02399236352576561,9.829948818026438,-32.377464108317845
s2,r2,-0.005918316409798256,3.2887972401160157,2.957537853583699,-0.0006084582287430661,-0.0006084582287430677,16.261986258689387,-63.73032669595378
s0,r0,-0.7944820936620309,5.677084161131331,4.321363710488149,-0.03238455697760896,-0.03238455697760899,33.79417473006533,-29.78873393978345
s0,r1,1.0288641467800916,5.677084161131331,3.013296997586309,0.060143785853915006,0.06014378585391512,23.678182915518693,-24.40026387679882
s0,r2,-0.5716827448724631,5.677084161131331,2.952493784946367,-0.03410678310677624,-0.03410678310677627,29.653278456629682,-29.338155339488427
s1,r0,-0.07880447846976728,4.578231421829051,4.321363710488149,-0.003983202051344917,-0.003983202051344924,27.11747514524606,-48.001665268043375
s1,r1,0.16865242797589622,4.578231421829051,3.013296997586309,0.012225113988003198,0.012225113988003215,24.564098815632054,-38.245639423181686
s1,r2,-0.2759846175572942,4.578231421829051,2.952493784946367,-0.02041729213541981,-0.020417292135419852,19.988195428982845,-33.79931822522334
s2,r0,0.20860393984168552,4.639692064438936,4.321363710488149,0.010404291910035038,0.01040429191003503,28.25029908711778,-39.65673450939806
s2,r1,-0.27072763735029265,4.639692064438936,3.013296997586309,-0.019364286380993075,-0.019364286380993093,24.237327618768436,-34.255387288690955
s2,r2,-0.23404441876428547,4.639692064438936,2.952493784946367,-0.01708520284916625,-0.017085202849166235,22.276026918945288,-35.34532886080914
s0,r0,0.11209404290011295,3.8875583811270897,5.05206590775674,0.0057073775353518475,0.005707377535351847,30.927684789356032,-44.870923271780825
s0,r1,0.09521027058836351,3.8875583811270897,2.448586177085079,0.010002106670472478,0.010002106670472495,15.702013674624489,-40.007420496381805
s0,r2,2.3216418975980573,3.8875583811270897,4.478128239381055,0.13335883176205607,0.13335883176205598,15.251603544537925,-17.421478647159095
s1,r0,1.440953625269077,4.808319211870177,5.05206590775674,0.05931816459404547,0.059318164594045555,29.667856069230936,-24.520474085560966
s1,r1,0.10377933287860845,4.808319211870177,2.448586177085079,0.008814591483433687,0.008814591483433694,21.55403172547661,-41.073445124255045
s1,r2,2.7366874942695136,4.808319211870177,4.478128239381055,0.12709702638609086,0.1270970263860908,33.149110594728135,-17.846474479753685
s2,r0,-0.058702917858699244,3.513043536900596,5.05206590775674,-0.003307555566496611,-0.0033075555664966233,30.226568775421992,-49.607866205761894
s2,r1,0.1610425011444022,3.513043536900596,2.448586177085079,0.018721540488403816,0.018721540488403847,12.185469698864706,-34.545880441152704
s2,r2,-0.49293219513390985,3.513043536900596,4.478128239381055,-0.0313333713737058,-0.031333371373705794,16.65187997180293,-30.075138681296185
s0,r0,0.26914575087538334,5.424773830013042,5.83177559217549,0.008507561312029347,0.008507561312029349,48.06966220523169,-41.39527036106128
s0,r1,-0.1340317332834386,5.424773830013042,3.7457321050612054,-0.006596131182528133,-0.006596131182528126,24.467678127143884,-43.53463000115976
s0,r2,0.28286402066572963,5.424773830013042,4.050296610909823,0.012873873735728509,0.01287387373572852,30.566094995507385,-37.80766976861385
s1,r0,0.38856828196193877,5.420937793357193,5.83177559217549,0.012291138701395712,0.012291138701395735,31.415320347078005,-38.211965974800684
s1,r1,-0.44769226434877524,5.420937793357193,3.7457321050612054,-0.022047962077393887,-0.022047962077393894,33.40110203085253,-33.15312348664553
s1,r2,0.4206097877234579,5.420937793357193,4.050296610909823,0.01915658638542287,0.019156586385422895,34.964652976512824,-34.34950853099713
s2,r0,-0.12101964188947459,5.134232528763183,5.83177559217549,-0.004041843797891062,-0.0040418437978910655,44.0512579485637,-47.85626739459869
s2,r1,-0.07325474894602987,5.134232528763183,3.7457321050612054,-0.0038091101976515393,-0.003809110197651533,27.678545924373907,-48.46148940717118
s2,r2,-0.6874796058758823,5.134232528763183,4.050296610909823,-0.03305958951228702,-0.03305958951228705,32.471611567830514,-29.60988210144115
s0,r0,0.7359113553079498,7.646081906808469,4.970023235336066,0.0193654743426714,0.0193654743426714,42.95900095265602,-34.25684305401946
s0,r1,-0.7526446865587811,7.646081906808469,3.8747044699702826,-0.025404606375907503,-0.02540460637590752,54.59287906840862,-31.893325660659414
s0,r2,-0.6577742539679015,7.646081906808469,3.8121255479636647,-0.022566838949407978,-0.022566838949407978,47.579346102144505,-32.92699845185726
s1,r0,-0.873147286202201,8.23765689953795,4.970023235336066,-0.021326784958030105,-0.0213267849580301,68.67453650454522,-33.415219246669835
s1,r1,-0.3094498839212048,8.23765689953795,3.8747044699702826,-0.009695005076909426,-0.009695005076909442,60.68597070508286,-40.335329623987164
s1,r2,1.0331533334252476,8.23765689953795,3.8121255479636647,0.03289984762684668,0.032899847626846716,56.86979020451989,-29.646610268777334
s2,r0,0.9012126084121804,5.682088611469606,4.970023235336066,0.03191250073206314,0.03191250073206311,37.17037094129096,-29.91849526727794
s2,r1,-0.3981322186020632,5.682088611469606,3.8747044699702826,-0.018083427030438935,-0.018083427030438942,36.04685733727542,-34.90143222233815
s2,r2,0.3692342897590058,5.682088611469606,3.8121255479636647,0.01704617051949947,0.01704617051949946,28.19189233394645,-35.35391781725193
s0,r0,0.20525674754842255,5.45212390743198,4.2904923226433365,0.008774544815671085,0.008774544815671078,22.445532938465977,-41.13560465612603
s0,r1,-0.09337798834449246,5.45212390743198,3.8330549729919,-0.0044682117728289525,-0.004468211772828954,24.721815353414513,-46.96475438691526
s0,r2,-2.2254165994719104,5.45212390743198,4.698907688811392,-0.08686577378225206,-0.086865773782252,34.32627496163091,-21.19008645778011
s1,r0,0.006608583120158551,4.174315224483385,4.2904923226433365,0.0003689911803419719,0.00036899118034198,27.03582982170011,-68.27977682692921
s1,r1,0.24160967570738623,4.174315224483385,3.8330549729919,0.015100246355637864,0.015100246355637862,18.002494122322034,-36.390187064816196
s1,r2,-0.42416814515310575,4.174315224483385,4.698907688811392,-0.021624988986966222,-0.021624988986966236,19.86700060766495,-33.29876162778902
s2,r0,0.13270752410180128,4.473232424033379,4.2904923226433365,0.006914598272085668,0.006914598272085674,32.4487247617691,-43.19285541083322
s2,r1,0.12086486898287091,4.473232424033379,3.8330549729919,0.007049098408192561,0.007049098408192553,25.29319037332089,-42.89506482239355
s2,r2,0.3330246133432123,4.473232424033379,4.698907688811392,0.015843749060089462,0.01584374906008946,26.511399594666877,-35.999698915333184
s0,r0,-0.2639979870133837,6.822013872217986,4.543498536938567,-0.008517215281991114,-0.008517215281991118,39.96020303191695,-41.39550871683544
s0,r1,-0.22188962207770235,6.822013872217986,4.704572612192637,-0.006913599479866895,-0.006913599479866901,51.52222747837211,-43.172912661049274
s0,r2,-0.49123933666379027,6.822013872217986,4.063966161377143,-0.017718642876778008,-0.017718642876778032,39.30647146664687,-35.02855082020876
s1,r0,-0.38871973263814896,5.505333010599001,4.543498536938567,-0.015540414589147771,-0.01554041458914779,42.032170852938144,-36.16284215768602
s1,r1,0.12914233966100006,5.505333010599001,4.704572612192637,0.004986144728098106,0.00498614472809811,43.64550363931508,-45.8405259029299
s1,r2,0.031513312109661386,5.505333010599001,4.063966161377143,0.0014085114234571676,0.0014085114234571718,35.49866587674774,-56.92618319231606
s2,r0,0.22721306924567836,5.441657861690174,4.543498536938567,0.009189918993679411,0.009189918993679422,29.31076290537073,-40.73664209145776
s2,r1,-0.5146831774730567,5.441657861690174,4.704572612192637,-0.020104281887110876,-0.02010428188711089,33.601413228185756,-33.95041109236
s2,r2,0.3048987533336501,5.441657861690174,4.063966161377143,0.013787144678634174,0.013787144678634209,28.190192090565706,-37.20649126204508
s0,r0,-0.036160317963397,10.092092650652754,2.9355295408177224,-0.0012205752421872351,-0.0012205752421872325,94.78119527793119,-58.230123205778604
s0,r1,-0.2764020953432837,10.092092650652754,8.25006660368604,-0.003319729115467963,-0.0033197291154679546,86.07946105252346,-49.57348956712421
s0,r2,-1.1798315683955656,10.092092650652754,6.151827275432942,-0.01900354615786775,-0.01900354615786777,73.58268318710047,-34.42167505392718
s1,r0,0.19113401413673203,8.703023248347463,2.9355295408177224,0.007481374275829123,0.007481374275829125,62.0279320324997,-42.51442205290739
s1,r1,-2.846584359096339,8.703023248347463,8.25006660368604,-0.03964573378464465,-0.039645733784644685,74.74392020125751,-28.029259852100818
s1,r2,-0.13827898084466306,8.703023248347463,6.151827275432942,-0.0025827471623305538,-0.002582747162330563,68.12183166782638,-51.750283964440285
s2,r0,0.09555756614086874,6.238754521222934,2.9355295408177224,0.005217719486353967,0.005217719486353984,37.56140222446306,-45.638038539882864
s2,r1,-0.2132124266367216,6.238754521222934,8.25006660368604,-0.004142448909095686,-0.0041424489090956945,68.53783397278306,-47.65382356293766
s2,r2,0.808451888053197,6.238754521222934,6.151827275432942,0.021064548202834838,0.021064548202834908,51.615857160832405,-33.52703971594694
s0,r0,-0.051930768678826525,10.931881251596453,2.6330361236353403,-0.0018041516014990766,-0.0018041516014990812,99.09328971126463,-54.845479493204806
s0,r1,-1.7893800847454495,10.931881251596453,9.389930940920957,-0.01743192287458499,-0.017431922874585018,128.32506365612127,-35.17162812073278
s0,r2,2.077891107270229,10.931881251596453,6.32261580818396,0.030062914804724755,0.030062914804724762,113.24770342487382,-30.434946301902876
s1,r0,-0.0634367832258238,8.213692224821639,2.6330361236353403,-0.0029332285923630986,-0.0029332285923630934,59.893094182876375,-50.66296829971588
s1,r1,-3.444291533572277,8.213692224821639,9.389930940920957,-0.04465798058072705,-0.044657980580727064,81.95727584796452,-26.993226501808465
s1,r2,0.15898993183410054,8.213692224821639,6.32261580818396,0.0030615009950074367,0.0030615009950074345,66.19787699623704,-50.28299425554966
s2,r0,0.02572195761696663,6.714622397453887,2.6330361236353403,0.0014548747485040074,0.0014548747485040056,39.43137656642156,-56.721874388349065
s2,r1,-0.050847076124636376,6.714622397453887,9.389930940920957,-0.0008064584404267663,-0.000806458440426763,65.79073545881093,-61.802051717819886
s2,r2,-0.09740923970427759,6.714622397453887,6.32261580818396,-0.0022944667365591134,-0.002294466736559111,61.132710070489345,-52.777778622402764
s0,r0,0.061192525785581584,9.471941702090755,2.6211045446966588,0.00246476217013387,0.0024647621701338754,79.76580620659665,-52.168600137799366
s0,r1,-2.0266250501132186,9.471941702090755,7.2744181806890875,-0.029412783522792186,-0.029412783522792217,81.07723119793818,-30.625372646915803
s0,r2,1.1183825192958132,9.471941702090755,7.869848342207329,0.015003237723155061,0.01500323772315507,76.37451253801143,-36.47365507726091
s1,r0,-0.17326718574857158,9.275289251415318,2.6211045446966588,-0.0071269631951934925,-0.007126963195193504,81.84255984905724,-42.97376377188551
s1,r1,1.5006243255130693,9.275289251415318,7.2744181806890875,0.0222405875726012,0.022240587572601226,84.00674075982982,-33.05308696322178
s1,r2,3.5700867228520856,9.275289251415318,7.869848342207329,0.04890856725257425,0.04890856725257431,91.48754979257718,-26.204933264751226
s2,r0,0.1557028870924428,6.700329824319679,2.6211045446966588,0.008865763470986327,0.008865763470986344,33.97309547179312,-41.029354084044904
s2,r1,-0.7044261652685151,6.700329824319679,7.2744181806890875,-0.014452435311258437,-0.014452435311258458,56.52926368107421,-36.80065489428857
s2,r2,-2.6048832517339875,6.700329824319679,7.869848342207329,-0.049399860070983424,-0.04939986007098343,80.04292426634402,-26.112464317577068
s0,r0,0.2079793540080682,9.63822760167245,2.5836024063708294,0.008352132334389245,0.008352132334389254,78.07681125571548,-41.56304116202216
s0,r1,4.316337189784024,9.63822760167245,7.96734042903815,0.0562088645410829,0.05620886454108289,106.68423697674898,-24.990068143832048
s0,r2,2.4976968733264067,9.63822760167245,6.872412598222879,0.03770798513188985,0.03770798513188989,73.76515271074898,-28.465553227704582
s1,r0,-0.5159492089705633,8.470257378585243,2.5836024063708294,-0.023576789363897937,-0.023576789363897954,64.10700092958378,-32.547649474871605
s1,r1,-0.40904356508519296,8.470257378585243,7.96734042903815,-0.006061213525770439,-0.006061213525770434,81.87728094644721,-44.346190963876936
s1,r2,2.748972593731182,8.470257378585243,6.872412598222879,0.0472241965460135,0.04722419654601354,65.03434413553919,-26.506058774274823
s2,r0,0.1462943194417514,9.168473377546823,2.5836024063708294,0.006175963978624932,0.006175963978624926,79.43802328951863,-44.183643177633776
s2,r1,0.07128561074147034,9.168473377546823,7.96734042903815,0.0009758688881340035,0.0009758688881339963,113.08838325849348,-60.15073670318283
s2,r2,3.9166949471490087,9.168473377546823,6.872412598222879,0.06216035615826407,0.06216035615826415,84.07773004753803,-24.113712973316538
s0,r0,0.252734780287208,11.469850899010183,2.5413899617804114,0.008670336026060842,0.008670336026060857,112.59650816969179,-41.234834766846404
s0,r1,-5.579887030549856,11.469850899010183,7.437105348176488,-0.06541294475253022,-0.06541294475253034,99.4640362929657,-23.66827793671203
s0,r2,-0.07038627542979996,11.469850899010183,5.683998042888155,-0.001079633352552527,-0.001079633352552538,83.46377374641784,-59.23404969656921
s1,r0,-0.12710893720779567,7.127395518780547,2.5413899617804114,-0.0070173625959204875,-0.007017362595920485,45.12588624093004,-43.078239303233765
s1,r1,-1.7793423637764627,7.127395518780547,7.437105348176488,-0.033567942746780786,-0.03356794274678077,72.05811390978192,-29.47689673666869
s1,r2,-0.2777512440716662,7.127395518780547,5.683998042888155,-0.006856006702393863,-0.00685600670239387,48.642956779496174,-43.27062000835118
s2,r0,0.20277498369902064,5.287355385259724,2.5413899617804114,0.015090532425209437,0.015090532425209429,24.515154091288004,-36.42534913461113
s2,r1,0.6322270473461111,5.287355385259724,7.437105348176488,0.01607794860078539,0.016077948600785392,55.209877223056765,-35.874454135050414
s2,r2,0.18831691830348324,5.287355385259724,5.683998042888155,0.006266094160459588,0.006266094160459588,36.866517340959724,-44.055240370663036
s0,r0,0.12240115046444883,10.595388145271956,3.2796656452081923,0.0035224031286752258,0.0035224031286752314,103.85171139138022,-49.058439232700934
s0,r1,-6.434808887727986,10.595388145271956,7.714117487881964,-0.07872860078847121,-0.07872860078847138,78.35406610529596,-22.050351031994666
s0,r2,-2.5528100844555395,10.595388145271956,7.20457819600235,-0.03344206420716589,-0.033442064207165965,71.9960098345788,-29.50908212703975
s1,r0,0.4329252054480267,7.663101278840517,3.2796656452081923,0.01722577363048921,0.017225773630489247,55.15225740353363,-35.26786446630923
s1,r1,0.6718505525271966,7.663101278840517,7.714117487881964,0.011365325131877184,0.011365325131877204,95.48647400370776,-38.88496037292539
s1,r2,0.43267805833048417,7.663101278840517,7.20457819600235,0.007837034295805624,0.007837034295805645,71.93419363291643,-42.132351486958015
s2,r0,-0.19823323303361132,6.254140385380469,3.2796656452081923,-0.009664497274319277,-0.009664497274319273,40.448530657639836,-40.31820774526411
s2,r1,-0.043538003473596265,6.254140385380469,7.714117487881964,-0.0009024323081019832,-0.0009024323081019809,73.05114706970632,-60.891837627634345
s2,r2,2.196371814447325,6.254140385380469,7.20457819600235,0.04874495535179036,0.048744955351790374,55.65702639913435,-26.235233005007014
s0,r0,-0.5010978099377588,6.668875262586005,4.443198542759077,-0.016911190836136947,-0.016911190836136968,39.032637864277326,-35.43401673737462
s0,r1,0.2540462714828566,6.668875262586005,3.980977872692232,0.009569086213622315,0.009569086213622315,37.34302045297206,-40.375631190857106
s0,r2,0.3300272043168869,6.668875262586005,7.063177723821809,0.0070064336248337475,0.007006433624833763,67.21984794617782,-43.09094030962049
s1,r0,0.15898709857790297,6.57625711439865,4.443198542759077,0.005441108412521395,0.005441108412521401,45.266713760872314,-45.28428307581478
s1,r1,0.09211981675791668,6.57625711439865,3.980977872692232,0.0035187184412074413,0.0035187184412074435,47.564946654043986,-49.0706400493835
s1,r2,-0.31563697594145146,6.57625711439865,7.063177723821809,-0.006795305011464891,-0.006795305011464917,60.95455467117691,-43.354925468385545
s2,r0,0.2801949489638027,5.461869173386748,4.443198542759077,0.011545780285674656,0.011545780285674651,39.87108315381447,-38.7547362634271
s2,r1,0.15585346506613604,5.461869173386748,3.980977872692232,0.007167792182907636,0.007167792182907617,34.952259664736076,-42.8641154219631
s2,r2,-0.3921535739530522,5.461869173386748,7.063177723821809,-0.010165172429266959,-0.010165172429266954,70.63224673577147,-39.85134995880949
s0,r0,-0.04451258306590029,4.553449123985593,3.5616224912453966,-0.0027446970997679985,-0.0027446970997679902,17.452239778389266,-51.22829693233241
s0,r1,0.421210037544193,4.553449123985593,4.389541526579098,0.021073615968512312,0.021073615968512326,25.533800640723328,-33.53612377367801
s0,r2,-0.4844964402487611,4.553449123985593,4.370191479698109,-0.024347234349637075,-0.024347234349637037,24.68532737710376,-32.26811061274121
s1,r0,-0.05446804367307774,3.6547504454177546,3.5616224912453966,-0.004184428622634245,-0.004184428622634238,16.101220735814703,-47.565059188867274
s1,r1,0.06703905426377545,3.6547504454177546,4.389541526579098,0.004178794258297827,0.0041787942582978245,21.26065929448718,-47.584667504621784
s1,r2,-0.36676928701365763,3.6547504454177546,4.370191479698109,-0.02296332473132252,-0.022963324731322482,23.350851999674504,-32.776913495143006
s2,r0,-0.009057942416757616,3.467124586754626,3.5616224912453966,-0.0007335204438452313,-0.00073352044384523,14.34869732882721,-62.604200662229914
s2,r1,-0.13395931201382805,3.467124586754626,4.389541526579098,-0.008802059474457011,-0.008802059474456999,15.407663744169106,-41.12303701642606
s2,r2,0.04602004394268602,3.467124586754626,4.370191479698109,0.0030372260441304155,0.0030372260441304073,21.150512204333765,-50.345199617261734
s0,r0,0.2066583320068084,5.285160473513208,4.689678147771829,0.00833780441271477,0.008337804412714776,33.831684101755584,-41.5784751144608
s0,r1,-0.594395829113816,5.285160473513208,4.011828703766672,-0.028033362545858486,-0.028033362545858444,20.67148689822333,-31.044390237206468
s0,r2,-0.7540853638055894,5.285160473513208,4.79535781974824,-0.029753722919475825,-0.029753722919475825,27.60719398544602,-30.5250441591442
s1,r0,0.03686648518322663,6.397735152300216,4.689678147771829,0.0012287469097656005,0.0012287469097655949,37.95020973495401,-58.18022167868613
s1,r1,0.0021195177944364823,6.397735152300216,4.011828703766672,8.257877347996173e-05,8.257877347995797e-05,42.05552918846131,-77.84553952586714
s1,r2,-0.212497205477544,6.397735152300216,4.79535781974824,-0.00692637413363075,-0.006926374133630765,40.725863719803016,-43.189071293090514
s2,r0,-0.11844134149450329,2.87782984115055,4.689678147771829,-0.008775970766665964,-0.008775970766665961,21.527880937489417,-41.13307369000717
s2,r1,-0.051838170936826945,2.87782984115055,4.011828703766672,-0.004489956945013155,-0.004489956945013145,16.119583191241748,-46.955090020171326
s2,r2,-0.024353115802113055,2.87782984115055,4.79535781974824,-0.0017646899135409292,-0.0017646899135409263,21.94850156367426,-55.052096252211754
s0,r0,-0.43833716998476063,3.781871081427252,5.189311420587769,-0.02233530281003584,-0.022335302810035852,24.975338657215996,-33.01658700568206
s0,r1,-0.12828862797025048,3.781871081427252,3.2265539973058996,-0.010513383403374344,-0.010513383403374332,13.965512577319476,-39.55723085833348
s0,r2,-0.20003605760916637,3.781871081427252,2.8007108664743945,-0.018885708844564593,-0.01888570884456458,11.530090793500825,-34.473794556230274
s1,r0,0.12053000734563112,4.184544625082494,5.189311420587769,0.005550565667402969,0.005550565667402977,25.97834668489892,-45.11110517165567
s1,r1,0.10098138900038617,4.184544625082494,3.2265539973058996,0.007479183676764596,0.007479183676764598,20.979492419429832,-42.520675490564415
s1,r2,-0.11914519609923137,4.184544625082494,2.8007108664743945,-0.01016623293583603,-0.010166232935836022,19.79810720025927,-39.85633017672209
s2,r0,-0.06894708839006511,2.3146256075176415,5.189311420587769,-0.005740179097743429,-0.005740179097743412,29.548947798359368,-44.81855066791666
s2,r1,0.060500318080508535,2.3146256075176415,3.2265539973058996,0.00810098758958805,0.008100987589588021,13.925616362380664,-41.8310756341793
s2,r2,-0.12263976987201593,2.3146256075176415,2.8007108664743945,-0.0189183082265235,-0.018918308226523413,11.918806442040221,-34.460118161003
s0,r0,0.5393923987456148,5.080642175089659,4.2862536251956245,0.02476899283418252,0.02476899283418253,34.416702116440206,-32.11911763162252
s0,r1,0.07055380264619034,5.080642175089659,3.2771494957346454,0.004237459531080885,0.004237459531080888,24.019503656933196,-47.455093789637445
s0,r2,0.0669759160528504,5.080642175089659,3.1146319490856014,0.004232464451186723,0.004232464451186736,31.427150371762547,-47.47568757018908
s1,r0,-0.625144787005723,5.289025418941831,4.2862536251956245,-0.02757573483764173,-0.027575734837641752,29.560016803163652,-31.186138921525345
s1,r1,0.3055603503226847,5.289025418941831,3.2771494957346454,0.017628895027016585,0.01762889502701661,27.793248841130126,-35.07399887926828
s1,r2,-0.3712871710814133,5.289025418941831,3.1146319490856014,-0.022538632126604317,-0.022538632126604383,29.880861346838692,-32.93936736710898
s2,r0,0.44359902223751163,3.7923323196350567,4.2862536251956245,0.02729017543282019,0.02729017543282021,23.353349818641295,-31.276678495600933
s2,r1,0.06471757429300921,3.7923323196350567,3.2771494957346454,0.005207383831951377,0.005207383831951391,19.238525740598952,-45.66581562873268
s2,r2,-0.006129595174472549,3.7923323196350567,3.1146319490856014,-0.0005189418208028842,-0.0005189418208028868,23.256413559485328,-65.49249892513792
s0,r0,0.1076190432664011,5.036171984012259,4.705692642764107,0.004541141313917836,0.004541141313917842,32.0466452863949,-46.85441991182477
s0,r1,-0.3205803998154606,5.036171984012259,4.404116740832246,-0.014453651902234308,-0.014453651902234311,26.796491080930814,-36.79508629153147
s0,r2,0.05227019500660691,5.036171984012259,2.6058263968156408,0.003982979658872207,0.003982979658872209,28.432837391268677,-47.994455403305864
s1,r0,-0.09075150396657389,4.326214262770781,4.705692642764107,-0.004457817131724314,-0.004457817131724324,19.014257886809173,-47.015253951568184
s1,r1,0.2625288421545835,4.326214262770781,4.404116740832246,0.013778761281758346,0.013778761281758357,26.260246757664802,-37.212256430217366
s1,r2,-0.03276807577893716,4.326214262770781,2.6058263968156408,-0.0029066814256372806,-0.0029066814256372784,17.735020483439744,-50.72800418723021
s2,r0,0.3112195262421409,3.1448395341273625,4.705692642764107,0.02103026714383408,0.02103026714383403,23.16564343351848,-33.54108437324083
s2,r1,0.14300636753653778,3.1448395341273625,4.404116740832246,0.010325190249324828,0.010325190249324807,22.43124864797843,-39.72054821152433
s2,r2,0.02023665719603135,3.1448395341273625,2.6058263968156408,0.0024694191138573177,0.002469419113857301,12.29357117618089,-52.140709576825095
s0,r0,13.263547121137925,5.267729921924967,2.9705079141846324,0.8476283433434715,0.8476283433434727,22.355396163540725,4.070508681956296
s0,r1,0.22347661158045748,5.267729921924967,1.1883333520102979,0.03570017056807798,0.03570017056807795,26.201167067959375,-28.94634863423025
s0,r2,2.0310612559313026,5.267729921924967,2.610288920868724,0.1477103547693549,0.14771035476935512,32.00669332280763,-16.516517626527087
s1,r0,0.9193629971277124,3.4281722082895825,2.9705079141846324,0.09028044196837731,0.09028044196837727,14.23740942461768,-20.852313990753533
s1,r1,0.6191330252986523,3.4281722082895825,1.1883333520102979,0.15197881512707317,0.15197881512707273,11.95503571654124,-16.262419570943695
s1,r2,5.753089145475205,3.4281722082895825,2.610288920868724,0.6429095747480824,0.6429095747480822,12.645654622441162,-1.5207269458066348
s2,r0,-0.7418432940731543,2.3645071450543935,2.9705079141846324,-0.10561870316774401,-0.10561870316774415,11.38139712797423,-19.47537367699788
s2,r1,-1.3606784418799809,2.3645071450543935,1.1883333520102979,-0.48425775802037196,-0.4842577580203716,5.688482279595579,-5.136802640361711
s2,r2,-0.790537282694896,2.3645071450543935,2.610288920868724,-0.12808348798912284,-0.12808348798912306,10.647171960596859,-17.776725866386517
s0,r0,9.309064771570084,3.8813973811116935,3.0536507452728086,0.7854138937245494,0.7854138937245487,12.943732901974395,2.0694306031334846
s0,r1,3.612313040471736,3.8813973811116935,2.2122373597094604,0.4206932541450402,0.42069325414503955,14.762580036820681,-6.674625705045146
s0,r2,0.6117754873880801,3.8813973811116935,2.435259817732309,0.06472300314531707,0.06472300314531697,16.55053856926434,-23.761660307380463
s1,r0,0.6353234610734707,2.535934253577502,3.0536507452728086,0.08204224563193474,0.0820422456319347,8.014789480928345,-21.6901165682598
s1,r1,0.8739422343711645,2.535934253577502,2.2122373597094604,0.15578047204705858,0.1557804720470584,6.942003684314899,-16.043227232396966
s1,r2,5.360267602035124,2.535934253577502,2.435259817732309,0.8679669304790668,0.867966930479066,7.1286462245786755,4.849565369279816
s2,r0,-2.492672819004574,2.576873607008505,3.0536507452728086,-0.31677638366382865,-0.3167763836638288,9.83126652245473,-9.525702196233016
s2,r1,-2.034395940730326,2.576873607008505,2.2122373597094604,-0.3568704930889122,-0.35687049308891206,8.48058779846926,-8.358165720198299
s2,r2,-0.5671231936835666,2.576873607008505,2.435259817732309,-0.09037306024654708,-0.09037306024654711,8.343773797354716,-20.843653119955903
s0,r0,3.135425765186103,3.0436914226116514,2.289193397828845,0.45000093659736373,0.4500009365973631,8.288237876881631,-5.953074868214318
s0,r1,2.6638664971020884,3.0436914226116514,2.126910982068598,0.4114930663330737,0.4114930663330724,6.904753314338742,-6.907059508299836
s0,r2,4.818383497896172,3.0436914226116514,2.9480197891370397,0.5369951309580094,0.5369951309580079,9.09904067742672,-3.9231713763531375
s1,r0,1.5126767505620122,2.2499152865363845,2.289193397828845,0.2936956274775649,0.29369562747756495,9.238646622473107,-10.250296633323831
s1,r1,1.326949629601069,2.2499152865363845,2.126910982068598,0.2772930326116836,0.27729303261168303,5.285521486448335,-10.793581744898058
s1,r2,2.0313085902561085,2.2499152865363845,2.9480197891370397,0.30625228957031525,0.306252289570315,9.799783441991169,-9.850530263770342
s2,r0,-1.3900990878639026,3.5124791129810924,2.289193397828845,-0.17288189857193004,-0.1728818985719299,13.274165960462032,-15.11179828811459
s2,r1,-1.6670919506540391,3.5124791129810924,2.126910982068598,-0.223149794125096,-0.2231497941250954,12.681709061192436,-12.805288653296715
s2,r2,-5.462023256993057,3.5124791129810924,2.9480197891370397,-0.5274841327430715,-0.5274841327430703,15.220392766817298,-4.138730133085891
s0,r0,14.889721188580705,5.097599500316205,3.66787187079312,0.7963549757653315,0.7963549757653322,23.348847255766007,2.389616562172332
s0,r1,4.310250668113618,5.097599500316205,2.781784576363741,0.30395782026658524,0.3039578202665853,24.24034534397569,-9.922731886388773
s0,r2,3.7524793983785183,5.097599500316205,2.4036166854597507,0.30625796673862776,0.3062579667386283,24.839673096290444,-9.850390098719574
s1,r0,1.141016155009827,3.5319568470310596,3.66787187079312,0.08807694622062384,0.08807694622062388,20.614435284410725,-21.068619467309002
s1,r1,3.8081547891945666,3.5319568470310596,2.781784576363741,0.3875928073132217,0.3875928073132214,15.178563647128144,-7.525453835445902
s1,r2,2.6519959164339895,3.5319568470310596,2.4036166854597507,0.31238649625985043,0.3123864962598507,10.887422638238846,-9.660193025171527
s2,r0,-0.34038331175254255,2.3122957290300343,3.66787187079312,-0.04013384104806421,-0.04013384104806418,15.848941836880407,-27.922479097575106
s2,r1,-3.501525712653603,2.3122957290300343,2.781784576363741,-0.5443653178224915,-0.5443653178224904,10.216161127312231,-3.755836348129722
s2,r2,-0.38138948600736033,2.3122957290300343,2.4036166854597507,-0.06862148770392683,-0.06862148770392681,9.373391630332446,-23.250265809050735
s0,r0,4.443831890377157,2.6748032559272326,2.224891410391492,0.7467185818521527,0.7467185818521516,9.534696344588262,1.0050792314480725
s0,r1,0.9377467355060497,2.6748032559272326,1.592758174936345,0.22011207857739168,0.2201120785773905,7.8392154574249275,-12.931803638372099
s0,r2,1.7162731084582983,2.6748032559272326,1.7421569177327094,0.36830472021834537,0.3683047202183443,7.1500165586683355,-8.042763190623353
s1,r0,1.0874437127483216,2.038474662030821,2.224891410391492,0.23976878895384773,0.23976878895384762,5.786816464752445,-12.1471559216275
s1,r1,0.8198181267650216,2.038474662030821,1.592758174936345,0.25250056616459066,0.25250056616458966,5.88743269434262,-11.668898807139882
s1,r2,1.8737662232196322,2.038474662030821,1.7421569177327094,0.5276219062830408,0.5276219062830396,5.296826782210231,-4.136581387566218
s2,r0,-0.17005950664148456,1.5968794006045837,2.224891410391492,-0.04786521090298699,-0.047865210902986975,6.676263242876966,-26.389724013894686
s2,r1,-1.3990721676447488,1.5968794006045837,1.592758174936345,-0.550070248017832,-0.55007024801783,4.102317245080484,-3.6265897741145756
s2,r2,-0.20161243776894094,1.5968794006045837,1.7421569177327094,-0.07246994512934317,-0.07246994512934306,4.0236626730603415,-22.774025190730555
s0,r0,4.549020468309887,3.4803076080060964,3.04685556774732,0.4289912089133309,0.42899120891333065,13.893532940820375,-6.467243140679801
s0,r1,6.047078049983835,3.4803076080060964,3.457779087513676,0.5024937910187304,0.5024937910187303,16.006670009454766,-4.712706265586315
s0,r2,1.8901613724655888,3.4803076080060964,2.599443079767609,0.20893006561500208,0.208930065615002,14.096665224018434,-13.40608834023026
s1,r0,1.3005727688189639,2.5432726078280923,3.04685556774732,0.16783783752181872,0.16783783752181877,9.532506848532218,-15.374659299541351
s1,r1,3.9058890309535377,2.5432726078280923,3.457779087513676,0.4441500786909005,0.4441500786909008,13.634855473648926,-6.092262029259714
s1,r2,1.5272268474208617,2.5432726078280923,2.599443079767609,0.2310097574726052,0.2310097574726053,9.255582570660309,-12.485962922122763
s2,r0,-6.170041680039374,4.314588353716188,3.04685556774732,-0.4693500445277361,-0.46935004452773643,18.5318478053844,-5.48932166865858
s2,r1,-0.8368937008350009,4.314588353716188,3.457779087513676,-0.056096231769918216,-0.05609623176991827,21.73134162507114,-25.00745610653179
s2,r2,-1.4069797689273553,4.314588353716188,2.599443079767609,-0.12544928020198287,-0.12544928020198293,19.26371684640839,-17.961562462381167
s0,r0,4.198754669527772,3.407899428772363,2.1426478773271582,0.5750199666617104,0.5750199666617102,12.088417868562027,-3.0628975322303256
s0,r1,4.510537721300092,3.407899428772363,3.5856998782054696,0.369120030413593,0.3691200304135931,12.6087551738783,-8.020448044115396
s0,r2,1.3261080332938227,3.407899428772363,2.503181325773109,0.15545325711528604,0.15545325711528604,13.785989975419183,-16.06184583134135
s1,r0,1.3844527389018273,3.0245140287563608,2.1426478773271582,0.21363466627476466,0.2136346662747643,10.134278078483034,-13.203062508683058
s1,r1,4.58459979179069,3.0245140287563608,3.5856998782054696,0.42273858620752797,0.42273858620752724,11.608256348482545,-6.623289361324345
s1,r2,2.5153710626462384,3.0245140287563608,2.503181325773109,0.3322417050663349,0.3322417050663343,8.002625118044175,-9.06264102250552
s2,r0,-0.5588821911666525,3.4038254806711747,2.1426478773271582,-0.0766305920592905,-0.07663059205929043,13.271794625613419,-22.286406885195596
s2,r1,-6.104252594703617,3.4038254806711747,3.5856998782054696,-0.5001396374826204,-0.50013963748262,14.640196725997665,-4.767979247307097
s2,r2,-3.7854885384360015,3.4038254806711747,2.503181325773109,-0.4442857053843298,-0.4442857053843297,10.212436952679775,-6.091801097561537
s0,r0,1.5721616815922814,2.9834133809624217,1.6822454572029495,0.3132524017878702,0.31325240178786906,6.582229815824573,-9.633619352635828
s0,r1,2.2580962165589926,2.9834133809624217,2.3499356649771332,0.3220868820458147,0.3220868820458142,6.856681398688958,-9.364803859730934
s0,r2,4.331710326146544,2.9834133809624217,2.4490236782615056,0.5928611458397492,0.5928611458397475,10.273003593357206,-2.659941900777072
s1,r0,0.9699415854381412,2.452970144369844,1.6822454572029495,0.23505200127794254,0.23505200127794185,7.592177643777243,-12.33003639631304
s1,r1,3.265233405932093,2.452970144369844,2.3499356649771332,0.5664557584436143,0.5664557584436135,6.937676962147737,-3.256089120832367
s1,r2,1.02837167991143,2.452970144369844,2.4490236782615056,0.17118466676415733,0.17118466676415697,7.372989838839257,-15.201589128718496
s2,r0,-0.8109088259841416,2.10145173948106,1.6822454572029495,-0.22938406375074535,-0.22938406375074488,5.410055505100004,-12.553953351247571
s2,r1,-0.31141387439170687,2.10145173948106,2.3499356649771332,-0.06306124844888739,-0.06306124844888737,7.626869381297793,-23.98737961505927
s2,r2,-1.1091700051504072,2.10145173948106,2.4490236782615056,-0.21551907369009787,-0.21551907369009754,6.502747177645642,-13.12370917003004
s0,r0,0.4721109688210689,4.210091917864195,1.412000278973169,0.07941777772944066,0.07941777772944031,16.654460238338057,-21.97495087406132
s0,r1,6.932675639072439,4.210091917864195,2.9785387570482076,0.5528483883527051,0.5528483883527048,18.265190913607174,-3.563535016784864
s0,r2,4.749516197986933,4.210091917864195,2.602827587150866,0.4334234395104072,0.4334234395104069,20.588754809501978,-6.357917327346389
s1,r0,1.514060704939345,3.370137667428083,1.412000278973169,0.3181711984695079,0.31817119846950653,10.865617327607026,-9.483319441290083
s1,r1,4.974046032975214,3.370137667428083,2.9785387570482076,0.4955173926518912,0.4955173926518911,14.767538163450366,-4.8751875750041735
s1,r2,1.0405339164568255,3.370137667428083,2.602827587150866,0.11862144162000218,0.1186214416200021,14.655672043996155,-18.455362579386428
s2,r0,-0.6236791320256116,3.356969802529848,1.412000278973169,-0.13157670182211467,-0.13157670182211417,12.009100330424527,-17.539336464556847
s2,r1,-1.3229371120069502,3.356969802529848,2.9785387570482076,-0.1323087326996602,-0.13230873269966026,15.617148122565029,-17.490401322093852
s2,r2,-1.4598085652611448,3.356969802529848,2.602827587150866,-0.16707176927352382,-0.1670717692735238,10.9231352262813,-15.41815813058744
s0,r0,13.807907010601776,4.26352626633385,4.237578173247721,0.7642601016523698,0.7642601016523696,16.60876737960547,1.477152741061678
s0,r1,0.39884050284731587,4.26352626633385,2.138430267986122,0.0437456847898847,0.043745684789884685,13.717650768572414,-27.17556725653347
s0,r2,1.0755312544673323,4.26352626633385,1.775865498282135,0.14205091078685309,0.14205091078685286,13.116255203991564,-16.863034170768398
s1,r0,7.285070979154314,3.4049287476930536,4.237578173247721,0.5049030989916488,0.5049030989916483,17.229846215779993,-4.657789577769813
s1,r1,3.04667559814204,3.4049287476930536,2.138430267986122,0.4184302684615597,0.4184302684615595,9.968794901830595,-6.731574216235294
s1,r2,0.854131662769727,3.4049287476930536,1.775865498282135,0.14125594129664532,0.14125594129664507,9.187157197246645,-16.91216711561147
s2,r0,-1.7821257092136455,3.160570799819281,4.237578173247721,-0.13306231931968254,-0.13306231931968243,13.18512227385061,-17.441350267883625
s2,r1,-2.604540946512418,3.160570799819281,2.138430267986122,-0.38536349592597596,-0.38536349592597585,9.976623991553572,-7.584272669165556
s2,r2,-1.1030610856676932,3.160570799819281,1.775865498282135,-0.19652778999315818,-0.19652778999315784,8.820638781937198,-13.960733414675335
s0,r0,1.7014300033592342,2.667845153225577,1.310319930093214,0.4867165584825483,0.4867165584825478,7.032017998675257,-5.080345361439369
s0,r1,1.4840180074052098,2.667845153225577,2.823149401522809,0.19703559532450593,0.19703559532450574,10.744092831502911,-13.937156129818618
s0,r2,0.18349563086979936,2.667845153225577,0.9685093622697546,0.07101683053925423,0.07101683053925383,5.937001970991414,-22.952942287139898
s1,r0,0.32018529283177644,3.1359320652235936,1.310319930093214,0.07792151483876851,0.07792151483876841,7.831215012515994,-22.141510850874052
s1,r1,7.322400756677229,3.1359320652235936,2.823149401522809,0.8270904127244887,0.8270904127244882,11.173672486678685,3.355653752730044
s1,r2,0.2877638932380298,3.1359320652235936,0.9685093622697546,0.09474707935975744,0.09474707935975692,9.050795566184972,-20.430938979065857
s2,r0,-1.2808195897488057,3.010399576717815,1.310319930093214,-0.32470312650496763,-0.3247031265049676,7.016851376140938,-9.286496985266922
s2,r1,-2.4515445185546056,3.010399576717815,2.823149401522809,-0.28845746213074835,-0.2884574621307484,9.494786168272762,-10.421101650127179
s2,r2,-1.4346436656756607,3.010399576717815,0.9685093622697546,-0.492057751388166,-0.4920577513881638,8.016541426109363,-4.9557629989572956
s0,r0,10.458949385441816,4.59400357848712,3.2157613492808936,0.7079668474397833,0.7079668474397832,18.857799426543874,0.02115012937209609
s0,r1,2.994457102144313,4.59400357848712,2.375385578675138,0.2744053985332718,0.2744053985332721,14.825651421272044,-10.892222864591169
s0,r2,4.739807937585924,4.59400357848712,2.9747365908996324,0.3468333887530783,0.3468333887530785,17.624651286304307,-8.641004254484242
s1,r0,0.6529106223002379,2.559016454377462,3.2157613492808936,0.07934084925814765,0.07934084925814752,10.024533129089923,-21.982740640335933
s1,r1,1.059108523351213,2.559016454377462,2.375385578675138,0.17423414528200912,0.17423414528200903,9.281795647439047,-15.043529573315592
s1,r2,4.018381087672506,2.559016454377462,2.9747365908996324,0.5278730951004763,0.5278730951004756,10.06095881660976,-4.130889476558582
s2,r0,-0.8789400545288564,1.653326068073973,3.2157613492808936,-0.1653167778398706,-0.16531677783987053,9.679415435986261,-15.512649765090329
s2,r1,-0.29466114064478516,1.653326068073973,2.375385578675138,-0.0750291863636247,-0.0750291863636248,6.794044326705958,-22.469325202187598
s2,r2,-0.8137897334156367,1.653326068073973,2.9747365908996324,-0.165464631978927,-0.1654646319789271,8.739111446466277,-15.50442535150748
s0,r0,0.3955589504501016,3.373256090736804,1.1871533423696679,0.09877682970074401,0.098776829700744,12.432635503602935,-20.065415696862715
s0,r1,4.838124001823794,3.373256090736804,3.7443918267395615,0.3830419974175561,0.38304199741755585,10.563058463890288,-7.64596929042117
s0,r2,3.6685211272277627,3.373256090736804,2.209519622548085,0.49220253769451094,0.4922025376945099,7.719114372655707,-4.952266648146197
s1,r0,0.6366613438363824,3.4408544711137194,1.1871533423696679,0.15586024595587453,0.15586024595587433,10.757082823125323,-16.03864606149343
s1,r1,9.46746900079862,3.4408544711137194,3.7443918267395615,0.7348290186556493,0.7348290186556484,16.013480061120656,0.6958928204209106
s1,r2,1.1820415585241633,3.4408544711137194,2.209519622548085,0.15547786854143125,0.15547786854143084,11.683167511022006,-16.06040928195551
s2,r0,-0.4648855303164845,2.0322022549922796,1.1871533423696679,-0.19269581396658386,-0.19269581396658347,4.4878573657311875,-14.137833117010894
s2,r1,-2.1989482250734516,2.0322022549922796,3.7443918267395615,-0.28897933434545353,-0.28897933434545287,12.979506725419885,-10.403840093504094
s2,r2,-1.5769707782007283,2.0322022549922796,2.209519622548085,-0.35120351510729403,-0.35120351510729275,6.93707608457696,-8.517015185529463
s0,r0,4.392466843421183,4.873081076560123,2.245787719292448,0.4013619076382505,0.40136190763825114,17.67630869884929,-7.166456304665825
s0,r1,15.892842645237927,4.873081076560123,4.001340200329502,0.8150654216964817,0.8150654216964823,10.904648671066594,2.9648869637764794
s0,r2,1.3736874532022005,4.873081076560123,1.4846576747144171,0.1898707067001755,0.18987070670017533,19.934994317452485,-14.271583401290812
s1,r0,1.7662605586328641,2.138837523797632,2.245787719292448,0.36771239852546156,0.3677123985254624,5.515168278061564,-8.058639902660648
s1,r1,2.029761914580196,2.138837523797632,4.001340200329502,0.23717113243629945,0.23717113243629986,13.289305695935601,-12.2471320832574
s1,r2,0.539059358886522,2.138837523797632,1.4846576747144171,0.16975886701198162,0.16975886701198153,4.7944380375521884,-15.27660620660577
s2,r0,-0.2490292919191028,1.5007396271488276,2.245787719292448,-0.07388842015893764,-0.07388842015893765,5.002417979261007,-22.601331283616226
s2,r1,-1.1355635515948324,1.5007396271488276,4.001340200329502,-0.18910395711413802,-0.18910395711413797,12.889444802668237,-14.306056326240363
s2,r2,-0.7965992178113566,1.5007396271488276,1.4846576747144171,-0.35752646733170007,-0.3575264673316992,3.3423390297109714,-8.338063985390555
s0,r0,5.5288930516747214,3.833799349771616,3.141387918881748,0.45907880305035015,0.4590788030503499,10.493790773281486,-5.7344026729662
s0,r1,0.5583477330568114,3.833799349771616,1.0720863178911038,0.13584561500802622,0.13584561500802583,12.344781301209688,-17.256906408697173
s0,r2,8.80845145030487,3.833799349771616,3.714308751167798,0.6185747439509494,0.618574743950949,12.257779247651312,-2.0775148405542914
s1,r0,2.2322079443816425,2.3254496836366076,3.141387918881748,0.3055667768567613,0.305566776856761,11.054495877945941,-9.871570370682525
s1,r1,0.28803683490862675,2.3254496836366076,1.0720863178911038,0.11553440431499597,0.11553440431499562,5.299593665516092,-18.68953556281731
s1,r2,3.9805919715155413,2.3254496836366076,3.714308751167798,0.4608533132936813,0.460853313293681,14.163066047739045,-5.691421793078592
s2,r0,-3.134161680271585,2.4176833566547433,3.141387918881748,-0.41266763248945293,-0.4126676324894521,9.864448873937295,-6.876699090164648
s2,r1,-0.3034671747324021,2.4176833566547433,1.0720863178911038,-0.11707995506732438,-0.11707995506732383,6.0253125725863255,-18.572408129850906
s2,r2,-1.222851690450249,2.4176833566547433,3.714308751167798,-0.13617468078406997,-0.13617468078406963,12.102141098879658,-17.2362179802214
s0,r0,0.2629787403268249,2.1397620793704712,1.2341796921484087,0.09958106301640679,0.09958106301640693,4.748733318632282,-19.99467864176625
s0,r1,3.4743842145143993,2.1397620793704712,2.4352838281936777,0.6667496120588755,0.6667496120588743,7.0861237459998145,-0.9669989287217159
s0,r2,0.9002899541539564,2.1397620793704712,1.3117600232616196,0.3207469431205882,0.32074694312058816,5.070984915826589,-9.405542475018528
s1,r0,1.5693754181433732,2.143714410449865,1.2341796921484087,0.593173201802481,0.5931732018024809,3.004364443965133,-2.652699711258473
s1,r1,1.1059416931950146,2.143714410449865,2.4352838281936777,0.2118437808334428,0.21184378083344213,7.068562307609453,-13.280047417978178
s1,r2,0.45932031009022317,2.143714410449865,1.3117600232616196,0.16334066922777746,0.16334066922777715,5.273025428616368,-15.620065037316209
s2,r0,-0.3124459219570229,2.3711056294744233,1.2341796921484087,-0.10676909534972626,-0.10676909534972624,6.6292402998189175,-19.38078265462104
s2,r1,-1.1361052726013958,2.3711056294744233,2.4352838281936777,-0.19675151673458824,-0.1967515167345876,9.348798797958281,-13.950067740794623
s2,r2,-1.3497768366942113,2.3711056294744233,1.3117600232616196,-0.43396697217754043,-0.4339669721775397,5.044099734235168,-6.344503266224342
s0,r0,2.8130956219710272,4.695658491311611,1.943564390433146,0.3082400437622162,0.3082400437622164,19.7421874247973,-9.788687757098929
s0,r1,9.392565705621166,4.695658491311611,4.0415973440585855,0.49491964713711734,0.4949196471371168,19.429961451816578,-4.888956065022708
s0,r2,5.135788530950786,4.695658491311611,3.8369854965397225,0.285049623516559,0.2850496235165587,21.36383344216651,-10.533511578180741
s1,r0,0.9013867232752124,3.333189137110577,1.943564390433146,0.1391400854585639,0.13914008545856407,11.247201512893595,-17.046032824902216
s1,r1,6.1215464282270275,3.333189137110577,4.0415973440585855,0.4544102786372918,0.45441027863729155,14.48158064706928,-5.84656070882666
s1,r2,1.8449720798481746,3.333189137110577,3.8369854965397225,0.14425792563195386,0.14425792563195386,15.571702859873495,-16.72586386226112
s2,r0,-0.7751501691214121,3.245232666156725,1.943564390433146,-0.1228969412052641,-0.12289694120526413,10.180327961027825,-18.14198935237731
s2,r1,-5.3690282676997825,3.245232666156725,4.0415973440585855,-0.40935189777866776,-0.4093518977786673,17.827291158517262,-6.960978335357684
s2,r2,-2.5647249019206013,3.245232666156725,3.8369854965397225,-0.20597039035094433,-0.20597039035094414,18.303597757852053,-13.535005019707901
s0,r0,0.06783554572843882,1.0398825723150877,1.0976012078143471,0.059433108717200214,0.05943310871720006,1.5406243780803555,-24.507289979644305
s0,r1,0.16739103288514548,1.0398825723150877,2.091824451997434,0.07695248591575145,0.07695248591575103,4.456127393346476,-22.250865702985664
s0,r2,0.937785717460321,1.0398825723150877,2.1548663662432466,0.4185033817542923,0.41850338175428925,4.409053996533536,-6.729731991334205
s1,r0,0.37126978502176844,1.9365282117628437,1.0976012078143471,0.17467115903468197,0.17467115903468247,3.579054246022886,-15.018546458756726
s1,r1,1.0293742726025685,1.9365282117628437,2.091824451997434,0.25411145685163883,0.25411145685163883,6.6894100704122605,-11.608373688393948
s1,r2,2.4449611059632885,1.9365282117628437,2.1548663662432466,0.5859057821266352,0.5859057821266346,7.178656371537642,-2.8160995805903912
s2,r0,-0.38909585158958476,2.640224272315803,1.0976012078143471,-0.13426759346115674,-0.13426759346115674,7.012555925037556,-17.361649848759146
s2,r1,-3.418408261971034,2.640224272315803,2.091824451997434,-0.6189532887088509,-0.6189532887088496,8.63247997832917,-2.0689690560299
s2,r2,-0.5450523654061994,2.640224272315803,2.1548663662432466,-0.09580254952015238,-0.09580254952015199,9.315073899334614,-20.332469706931533
s0,r0,11.00810468768767,4.18442983870125,3.881391031769638,0.6777801766547243,0.677780176654724,13.762768107473192,-0.7066668365573144
s0,r1,3.3135636499093817,4.18442983870125,3.2946944965559437,0.24034986167782393,0.24034986167782366,14.156817368255863,-12.124653916452951
s0,r2,3.52004144891757,4.18442983870125,2.5121992283256245,0.3348554788357935,0.3348554788357937,14.402678177239347,-8.986269196055302
s1,r0,5.147389031145867,3.290267402918915,3.881391031769638,0.40305879280898826,0.40305879280898815,14.750975612724222,-7.122659003588292
s1,r1,5.461857892439683,3.290267402918915,3.2946944965559437,0.5038416332078659,0.5038416332078653,9.058069352595604,-4.682276307630624
s1,r2,1.2483501654379927,3.290267402918915,2.5121992283256245,0.15102580191042042,0.15102580191042048,10.25534974908923,-16.318628004707808
s2,r0,-0.5093738667819272,3.6518385690563253,3.881391031769638,-0.0359366583415377,-0.03593665834153768,17.124548291108713,-28.88318230133829
s2,r1,-5.358435884207182,3.6518385690563253,3.2946944965559437,-0.4453601114563008,-0.4453601114563001,14.737927390328354,-6.065517656347755
s2,r2,-1.991480391162853,3.6518385690563253,2.5121992283256245,-0.21707528782864302,-0.21707528782864302,12.850680943927385,-13.057974797659893
s0,r0,3.5467929505519695,3.527948806614194,2.16559703777826,0.464232897722327,0.46423289772232595,8.41095205092963,-5.610899724040331
s0,r1,6.3974959998394825,3.527948806614194,4.140474518050979,0.43796321208093547,0.4379632120809356,18.61215405866017,-6.246324255247211
s0,r2,1.6843198033965339,3.527948806614194,2.5180421861080173,0.18960041280068618,0.189600412800686,11.006985409919023,-14.284443934879715
s1,r0,0.701512794607314,3.1323942977123993,2.16559703777826,0.10341452058115408,0.10341452058115395,9.34337843424159,-19.66106986007143
s1,r1,4.081230507643259,3.1323942977123993,4.140474518050979,0.314676697403408,0.3146766974034083,15.788957394959432,-9.589034210867005
s1,r2,2.6041780009915074,3.1323942977123993,2.5180421861080173,0.3301651569856957,0.3301651569856956,9.697261547701963,-9.123300120560309
s2,r0,-0.557534111661844,4.868101907857957,2.16559703777826,-0.052885197944371465,-0.05288519794437136,21.55464664824708,-25.52125157010097
s2,r1,-12.597273551227694,4.868101907857957,4.140474518050979,-0.6249809544577056,-0.6249809544577059,24.11421136729378,-1.9316778451579204
s2,r2,-2.084673672066162,4.868101907857957,2.5180421861080173,-0.17006518612481802,-0.17006518612481794,20.256545258398248,-15.260439931070978
s0,r0,7.015345895377226,2.6241466931187922,3.1545871800809535,0.8474585116028283,0.8474585116028273,5.271332949217815,4.064221522586788
s0,r1,0.7532523836893636,2.6241466931187922,1.864418551489154,0.15396038557374905,0.15396038557374905,8.126628965724864,-16.148308588620775
s0,r2,0.5917323876004865,2.6241466931187922,1.5653257825715103,0.14405637855454137,0.14405637855454134,6.063005094452044,-16.7386313193877
s1,r0,1.1490887315292104,2.712018172875139,3.1545871800809535,0.13431311962765863,0.13431311962765835,10.36845978536747,-17.358492838143476
s1,r1,3.1941617935832065,2.712018172875139,1.864418551489154,0.6317145786958775,0.6317145786958765,7.216933169136545,-1.7776815671570203
s1,r2,2.0049632138239386,2.712018172875139,1.5653257825715103,0.4722903530765014,0.47229035307650075,6.253651006164197,-5.419579187927058
s2,r0,-1.3972703452334505,1.8828895938096943,3.1545871800809535,-0.2352410193815587,-0.235241019381558,9.820837522470823,-12.321725844345325
s2,r1,-0.235567420638084,1.8828895938096943,1.864418551489154,-0.0671037754908765,-0.06710377549087636,4.625623132299029,-23.441790862874903
s2,r2,-0.549174122629805,1.8828895938096943,1.5653257825715103,-0.18632900766805324,-0.18632900766805288,5.208037121884464,-14.439532653390383
s0,r0,2.298290682472173,4.874550789551369,1.9308655872757212,0.24418462436956578,0.24418462436956553,19.031684444694292,-11.978689672786563
s0,r1,7.83606965078466,4.874550789551369,3.33774842613082,0.48162618211108693,0.48162618211108676,13.075665576144148,-5.199063114476731
s0,r2,8.869264581477593,4.874550789551369,2.913622595623904,0.6244816973436584,0.6244816973436579,18.884889356067422,-1.942360014197896
s1,r0,1.8114623727152086,2.8836962076904586,1.9308655872757212,0.3253327383339229,0.3253327383339226,8.075411771526815,-9.26566810911331
s1,r1,5.10987804723701,2.8836962076904586,3.33774842613082,0.5308935258864521,0.530893525886452,12.31771884737903,-4.058583074954295
s1,r2,1.4110496464544724,2.8836962076904586,2.913622595623904,0.16794206598612177,0.16794206598612163,11.677975755315614,-15.370819143628786
s2,r0,-1.2551620351560173,2.632957840804639,1.9308655872757212,-0.2468901974817338,-0.24689019748173285,8.26298967192659,-11.875441171323338
s2,r1,-2.052597914826449,2.632957840804639,3.33774842613082,-0.23356425494987343,-0.23356425494987268,11.994088388590088,-12.38729155962229
s2,r2,-3.413961765341732,2.632957840804639,2.913622595623904,-0.4450219693149134,-0.44502196931491195,10.19523638562835,-6.072868656765125
s0,r0,10.534313935100787,4.222638907556932,3.834356493674589,0.6506236165622173,0.6506236165622172,22.05100153515622,-1.342587270849035
s0,r1,3.8437371843647004,4.222638907556932,2.780077482667898,0.32742575676344376,0.3274257567634435,16.739774434936074,-9.205226264893406
s0,r2,5.973737032018969,4.222638907556932,2.8324306144350464,0.4994624876743909,0.49946248767439083,12.021654266968136,-4.783540610852921
s1,r0,5.800936019366635,3.4462043426584676,3.834356493674589,0.43900004203530635,0.4390000420353065,15.435117013187066,-6.219563986869953
s1,r1,4.561264621538084,3.4462043426584676,2.780077482667898,0.47608811836381654,0.4760881183638168,13.211705167868558,-5.328647734588273
s1,r2,2.140128557872996,3.4462043426584676,2.8324306144350464,0.21924997730406665,0.21924997730406684,10.849554930423857,-12.966470927988327
s2,r0,-2.9493184085766844,2.3910282525062683,3.834356493674589,-0.3216951145009409,-0.3216951145009407,14.46259590259005,-9.37583555626944
s2,r1,-0.953036041201055,2.3910282525062683,2.780077482667898,-0.14337311359834579,-0.1433731135983457,9.509937600008916,-16.779169383333777
s2,r2,-0.8543928113141,2.3910282525062683,2.8324306144350464,-0.12615765215959954,-0.1261576521595995,7.774922493421973,-17.910807012371084
s0,r0,15.578555495137696,4.956070622700539,4.073774177046135,0.7716009407110396,0.7716009407110395,18.749987434061165,1.6773990603700037
s0,r1,1.5378682820106502,4.956070622700539,2.7026975201449375,0.1148111878884944,0.11481118788849409,20.345477902230428,-18.742839498970305
s0,r2,5.3675816156539895,4.956070622700539,2.933158703222697,0.36923733571539064,0.3692373357153901,18.640558283763042,-8.01739170060095
s1,r0,2.080044533795232,3.35466804371481,4.073774177046135,0.15220402266108699,0.15220402266108687,12.255768900563911,-16.249707315764386
s1,r1,6.966810673417042,3.35466804371481,2.7026975201449375,0.7683993940625092,0.7683993940625068,10.219065368592398,1.5885362982760731
s1,r2,1.2716952753717747,3.35466804371481,2.933158703222697,0.12924029609280613,0.12924029609280585,11.024410865050871,-17.69894792256288
s2,r0,-2.456385236425762,2.744628619223772,4.073774177046135,-0.21969285866715588,-0.21969285866715577,15.70632243979782,-12.948850528954063
s2,r1,-1.0101851750961037,2.744628619223772,2.7026975201449375,-0.1361820790206221,-0.1361820790206217,8.688070350968477,-17.236418295752532
s2,r2,-1.4687425615673628,2.744628619223772,2.933158703222697,-0.1824427167806984,-0.18244271678069807,9.486284361821246,-14.630675499748579
s0,r0,0.6316887920023722,2.9103599858246127,0.9861085165162927,0.22010593391756025,0.2201059339175594,8.595218169150845,-12.931834415926465
s0,r1,2.5797729794142823,2.9103599858246127,2.180931930274943,0.406436467460554,0.4064364674605535,8.043518761174202,-7.035699593106579
s0,r2,5.228816304799667,2.9103599858246127,2.4763487091191254,0.7255124573679405,0.7255124573679392,6.285504124604681,0.4592799536811204
s1,r0,0.18148707016850216,2.0473870588770637,0.9861085165162927,0.0898919965000591,0.08989199650005884,5.048867133917887,-20.891530378700175
s1,r1,3.0166426148952614,2.0473870588770637,2.180931930274943,0.6755877980775554,0.6755877980775558,7.203762248678377,-0.7583312985816056
s1,r2,1.2841060169859073,2.0473870588770637,2.4763487091191254,0.2532731354843415,0.2532731354843416,8.131377529190624,-11.64038128324125
s2,r0,-0.5867661970879195,1.7431860297400115,0.9861085165162927,-0.3413474323354084,-0.34134743233540576,3.5930137281813104,-8.796711531167636
s2,r1,-0.7622437157127161,1.7431860297400115,2.180931930274943,-0.2004970582499088,-0.2004970582499079,5.248224187988333,-13.778199061829689
s2,r2,-1.191071747696945,1.7431860297400115,2.4763487091191254,-0.27591949490838025,-0.2759194949083788,7.583508311041438,-10.839015131452276
s0,r0,0.9838406564643807,3.0885194772469666,1.2317004590756842,0.25862429374587853,0.25862429374587853,8.727145597790903,-11.446199388912946
s0,r1,6.023470928116957,3.0885194772469666,2.586193820797981,0.7541112233431612,0.7541112233431596,8.55373272194807,1.201138388783557
s0,r2,1.4782987984938167,3.0885194772469666,1.3777548174411456,0.3474081009242318,0.34740810092423224,10.11518380471406,-8.624557526790667
s1,r0,0.5800877530601778,2.168470026984669,1.2317004590756842,0.21718767176068468,0.21718767176068438,4.812508867837633,-13.053628228773267
s1,r1,3.1137972685545634,2.168470026984669,2.586193820797981,0.5552337283602983,0.5552337283602964,8.204351019247829,-3.5097807636049976
s1,r2,0.6676331435684708,2.168470026984669,1.3777548174411456,0.22346655120923503,0.22346655120923503,4.10870086374761,-12.793369441963703
s2,r0,-0.5101344051381952,1.8175296970706465,1.2317004590756842,-0.22787568954969717,-0.22787568954969692,3.928281037041441,-12.613744636455523
s2,r1,-0.4369769443609274,1.8175296970706465,2.586193820797981,-0.09296424319222527,-0.09296424319222497,6.942622017797984,-20.594989399620978
s2,r2,-0.69523113963449,1.8175296970706465,1.3777548174411456,-0.27763598941715545,-0.27763598941715545,3.866776038117082,-10.781649412546646
s0,r0,29.86308942322187,5.756708228541393,5.501666907060532,0.9429012760238644,0.9429012760238658,21.191527515419935,9.0386863899111
s0,r1,2.6446369339539357,5.756708228541393,2.2263746866759764,0.20634482663027626,0.2063448266302762,26.489367693391156,-13.519265294293792
s0,r2,0.231100808076055,5.756708228541393,1.393162883484466,0.028815446285361965,0.028815446285362006,30.76891403531399,-30.80523520405481
s1,r0,4.313809963442343,4.4784085794306465,5.501666907060532,0.17508260638028592,0.1750826063802861,33.89378257192381,-14.999958345165014
s1,r1,2.1132248707040224,4.4784085794306465,2.2263746866759764,0.21194527771755708,0.21194527771755692,16.195761021409698,-13.276072662438485
s1,r2,4.075522574011131,4.4784085794306465,1.393162883484466,0.6532173243394281,0.6532173243394289,15.608402106566727,-1.2826754921583834
s2,r0,-0.7825234305793632,2.3527339570382497,5.501666907060532,-0.060454723136061546,-0.06045472313606151,30.162769211528,-24.35503472872819
s2,r1,-2.5778521993606214,2.3527339570382497,2.2263746866759764,-0.4921380422798223,-0.49213804227982094,8.131397221346,-4.953586377173399
s2,r2,-0.494784177915286,2.3527339570382497,1.393162883484466,-0.1509527701463289,-0.15095277014632874,5.5346344777103,-16.322533287219297
s0,r0,1.4073664012896905,3.790194732939551,1.4135371388289268,0.26268690971825576,0.2626869097182553,14.499445106959117,-11.301128346764935
s0,r1,3.528916824203053,3.790194732939551,3.8008506550398655,0.24496221089541245,0.2449622108954124,19.318294623341934,-11.949346057343684
s0,r2,8.91266614811124,3.790194732939551,3.2322788452077496,0.7275071992659078,0.727507199265908,16.513102991695074,0.509720595722034
s1,r0,0.33054328631075874,3.9273150338443585,1.4135371388289268,0.05954226853164565,0.05954226853164556,14.98958589929157,-24.486940287587064
s1,r1,9.602940530243936,3.9273150338443585,3.8008506550398655,0.643320948891515,0.6433209488915149,19.758619027301627,-1.511287996090562
s1,r2,2.903745551560746,3.9273150338443585,3.2322788452077496,0.228746257626366,0.22874625762636616,18.11001617452851,-12.579462995486933
s2,r0,-0.03390919066854796,1.817951679822614,1.4135371388289268,-0.01319556119562494,-0.013195561195624926,3.67763356931102,-37.495563014105485
s2,r1,-0.9114447073348753,1.817951679822614,3.8008506550398655,-0.13190680047233905,-0.13190680047233905,14.058016228575948,-17.50304123858581
s2,r2,-0.3075056647730441,1.817951679822614,3.2322788452077496,-0.05233135320699625,-0.052331353206996306,10.301824119913286,-25.60097336114312
s0,r0,2.9562160760355582,2.4362582986434997,2.8544926911892325,0.4250929550264695,0.4250929550264696,7.830092994630505,-6.564744811045342
s0,r1,1.0975850375699225,2.4362582986434997,2.0804124389050607,0.2165535984677139,0.21655359846771416,6.618341174896742,-13.080207545710428
s0,r2,1.7390402341277746,2.4362582986434997,2.170242007320665,0.32891079916577554,0.32891079916577526,5.281774092525883,-9.161219085308558
s1,r0,3.4630850621308626,1.8529442237082676,2.8544926911892325,0.6547445273372944,0.6547445273372946,7.205977174186928,-1.247148832163855
s1,r1,0.22962114142393988,1.8529442237082676,2.0804124389050607,0.05956622574241555,0.059566225742415616,6.192892672699674,-24.484068644334673
s1,r2,0.5725831242604631,1.8529442237082676,2.170242007320665,0.14238624331019137,0.14238624331019126,4.291091274159205,-16.841504609308963
s2,r0,-1.681679045628994,2.9210906179325424,2.8544926911892325,-0.20168293255636316,-0.20168293255636308,10.16380093031895,-13.726340879739505
s2,r1,-4.090586735496029,2.9210906179325424,2.0804124389050607,-0.6731178912440375,-0.6731178912440375,7.732947027947126,-0.8173655982917077
s2,r2,-1.7583638824308618,2.9210906179325424,2.170242007320665,-0.27736749180535436,-0.2773674918053539,7.08864485597278,-10.791258295359516
s0,r0,13.65676082002031,3.9175716933890876,4.069400697472063,0.8566438378548227,0.8566438378548222,14.476523521325964,4.404598988089482
s0,r1,2.038721067444566,3.9175716933890876,2.32144960754229,0.2241721190119253,0.2241721190119252,17.150591011140687,-12.764533402717513
s0,r2,0.4240497686915018,3.9175716933890876,1.2737093913000044,0.0849825046469023,0.08498250464690216,14.089890641143558,-21.382542374163744
s1,r0,2.6231892711565687,2.219532502624109,4.069400697472063,0.29042745090718564,0.2904274509071853,12.41057048899694,-10.356378807743306
s1,r1,2.1964043438049696,2.219532502624109,2.32144960754229,0.42627663029059754,0.4262766302905972,5.436395087420099,-6.535016662290052
s1,r2,0.42021335259271997,2.219532502624109,1.2737093913000044,0.14864078429535285,0.14864078429535243,4.8354808643812195,-16.45946879419336
s2,r0,-0.592127185366203,2.3650542888449424,4.069400697472063,-0.061523839590939905,-0.06152383959093978,16.247780638097343,-24.202798643380607
s2,r1,-1.315620513810192,2.3650542888449424,2.32144960754229,-0.2396239713841359,-0.23962397138413544,8.201292579721628,-12.152635258537114
s2,r2,-0.6591645491763298,2.3650542888449424,1.2737093913000044,-0.21881766387284118,-0.21881766387284052,5.3217538521980625,-12.985400555955493
s0,r0,2.418149774377666,5.664473167264887,1.5659898400250745,0.272605574565388,0.2726055745653877,26.521328038750646,-10.954123936109754
s0,r1,10.07718072928404,5.664473167264887,3.354897326008303,0.5302739468987229,0.5302739468987225,22.069799831444247,-4.075855649855515
s0,r2,6.767928050053083,5.664473167264887,2.627795265130245,0.4546787772772211,0.4546787772772207,31.418896585130206,-5.8400138432395705
s1,r0,0.10205045237801653,3.72229349411245,1.5659898400250745,0.017507147103552216,0.017507147103552195,13.516390593401692,-35.132368527444044
s1,r1,7.948661462896476,3.72229349411245,3.354897326008303,0.6365084211833963,0.636508421183396,17.36937328137101,-1.667988051809778
s1,r2,3.197478851095313,3.72229349411245,2.627795265130245,0.32689294038678307,0.3268929403867828,13.386801482210016,-9.220978640527449
s2,r0,-2.7124026001472035,4.204062661485258,1.5659898400250745,-0.4119988761762847,-0.4119988761762837,12.79677037926978,-6.894285649336904
s2,r1,-2.593311396112986,4.204062661485258,3.354897326008303,-0.1838680433452698,-0.18386804334526952,17.838921198341605,-14.56053146138412
s2,r2,-0.6488797835415363,4.204062661485258,2.627795265130245,-0.05873588775116379,-0.0587358877511637,20.592644452073632,-24.607622859418086
s0,r0,1.2442284668912902,3.5911180757931747,2.0324890334874737,0.17046775334746395,0.17046775334746392,11.909742169968977,-15.239332271361144
s0,r1,9.25986309547719,3.5911180757931747,3.448956575125913,0.7476307482244826,0.7476307482244814,14.971241835814702,1.028939785724977
s0,r2,3.3260561917838904,3.5911180757931747,2.602468468030483,0.3558888820915191,0.35588888209151903,12.937202338645626,-8.38554515886273
s1,r0,3.6366626738461942,3.137619312887796,2.0324890334874737,0.570262164968328,0.5702621649683279,9.356620894884534,-3.170043942214721
s1,r1,2.128652721881986,3.137619312887796,3.448956575125913,0.19670565189952366,0.19670565189952335,12.78743128507262,-13.9520900530309
s1,r2,2.560616285529241,3.137619312887796,2.602468468030483,0.3135875250550735,0.31358752505507337,11.043015702658856,-9.623152857651881
s2,r0,-0.3411452648741505,2.049423227006157,2.0324890334874737,-0.08189916664566226,-0.08189916664566224,5.961873497235953,-21.703055674826125
s2,r1,-1.6646205511948302,2.049423227006157,3.448956575125913,-0.23550268980592942,-0.2355026898059291,12.70453283801545,-12.311530018053029
s2,r2,-2.4399910455692293,2.049423227006157,2.602468468030483,-0.4574789360091147,-0.45747893600911466,8.552758730987922,-5.772141634487472
s0,r0,13.305437022648082,5.474125480179842,3.8376706103785097,0.6333542646687338,0.6333542646687339,22.73023744775862,-1.7399740303621873
s0,r1,6.147630858224159,5.474125480179842,3.5695454064157652,0.3146155056981497,0.31461550569814983,28.45334575792088,-9.591512610152815
s0,r2,11.67528300794952,5.474125480179842,4.117266361008564,0.5180166325535458,0.5180166325535457,31.77517583421133,-4.355986176726081
s1,r0,2.4260861413136783,4.434123634640941,3.8376706103785097,0.14257084465499612,0.1425708446549961,23.73301258681132,-16.830320933217525
s1,r1,8.919992780989876,4.434123634640941,3.5695454064157652,0.5635647149949483,0.5635647149949481,16.185302947487976,-3.3213849329278786
s1,r2,5.948528238384148,4.434123634640941,4.117266361008564,0.3258312731598398,0.3258312731598396,23.48510470272434,-9.252740887849848
s2,r0,-1.562090171109292,4.057629665894338,3.8376706103785097,-0.10031502748051141,-0.10031502748051152,23.148392994826064,-19.928930979491973
s2,r1,-4.657856063542072,4.057629665894338,3.5695454064157652,-0.32158867480343206,-0.32158867480343245,16.224381490461784,-9.379867136702554
s2,r2,-4.0225373431898515,4.057629665894338,4.117266361008564,-0.24077905936400518,-0.2407790593640053,23.923955480959506,-12.108326068184683
s0,r0,11.473260451223394,4.079328559300918,3.4664487042052,0.8113596177974528,0.8113596177974524,7.907325501159265,2.848332578743156
s0,r1,4.026452026826869,4.079328559300918,2.4679905072083512,0.3999358707155947,0.3999358707155948,13.05971797519997,-7.2029507316015655
s0,r2,0.9925537863861684,4.079328559300918,1.3416735030713605,0.18135040159562596,0.1813504015956257,13.596392554776445,-14.684743352448015
s1,r0,0.8407392025400311,1.3518641990356217,3.4664487042052,0.17940868110148372,0.17940868110148328,8.998681625909866,-14.780719431476914
s1,r1,0.9921117173893368,1.3518641990356217,2.4679905072083512,0.2973610126699827,0.2973610126699822,4.604061185521729,-10.1321721256327
s1,r2,0.5007452073853147,1.3518641990356217,1.3416735030713605,0.2760812365969385,0.2760812365969375,2.1136003637684992,-10.83457735695796
s2,r0,-0.648775592919888,1.6276513474220775,3.4664487042052,-0.11498689403885111,-0.11498689403885096,10.782713213106657,-18.72886957181345
s2,r1,-0.35092401486385066,1.6276513474220775,2.4679905072083512,-0.08735911433953644,-0.08735911433953641,7.21216987497402,-21.140549712198435
s2,r2,-0.989349478872584,1.6276513474220775,1.3416735030713605,-0.4530451696981953,-0.4530451696981945,3.33161122737595,-5.879231333918932
s0,r0,2.6279258067884923,4.03705834063815,2.660696283852322,0.2446542537710684,0.24465425377106836,15.977644135158227,-11.96064226640842
s0,r1,12.810104003330562,4.03705834063815,4.059688422546216,0.7816186744786371,0.781618674478637,21.548093174849413,1.9609299818730432
s0,r2,1.8197891897378022,4.03705834063815,1.8636866230870048,0.24187064750962695,0.24187064750962706,12.602180454782223,-12.06634912725751
s1,r0,3.4479008830938236,3.0883329790283884,2.660696283852322,0.4195998753424345,0.41959987534243426,12.62294365988322,-6.702241393788127
s1,r1,4.428342706001585,3.0883329790283884,4.059688422546216,0.35320301405122895,0.35320301405122867,17.9541561609345,-8.460836765685809
s1,r2,0.5640121833779269,3.0883329790283884,1.8636866230870048,0.0979921932893794,0.0979921932893794,9.998073505932924,-20.134350545882942
s2,r0,-1.4544785658389445,1.768184425003103,2.660696283852322,-0.30916082799187494,-0.3091608279918746,6.681452590967888,-9.759401126969028
s2,r1,-0.3806411831825412,1.768184425003103,4.059688422546216,-0.053026811125723765,-0.05302681112572372,14.788817118973352,-25.49633362490776
s2,r2,-0.4841738951729798,1.768184425003103,1.8636866230870048,-0.14692676666755963,-0.14692676666755966,4.48314362281655,-16.562313576586046
s0,r0,0.8730452126059757,2.59481553365363,1.218194653082332,0.2761935658414784,0.27619356584147847,6.547560000181407,-10.831359424576355
s0,r1,1.1639798557570644,2.59481553365363,3.1371816723902515,0.14298790596122354,0.14298790596122346,13.775790656394175,-16.804089648030278
s0,r2,1.4991532489733508,2.59481553365363,2.18424940926493,0.26450708794886607,0.2645070879488663,8.42200357746602,-11.236372649486205
s1,r0,0.5437651133599729,3.8140712373009107,1.218194653082332,0.11703233002622054,0.11703233002622043,14.752248120102829,-18.572381018255008
s1,r1,10.776039150288064,3.8140712373009107,3.1371816723902515,0.9005974046150974,0.9005974046150961,16.987815655300274,6.329147383277577
s1,r2,0.9557485878315788,3.8140712373009107,2.18424940926493,0.11472356596387864,0.11472356596387863,17.641591082020202,-18.748244243913806
s2,r0,-0.6160373007920638,2.7262046152934603,1.218194653082332,-0.18549485644901997,-0.18549485644901997,8.269506462947048,-14.48161548399845
s2,r1,-0.42600738573262836,2.7262046152934603,3.1371816723902515,-0.049810283172130564,-0.049810283172130515,13.63970397878345,-26.04261695628712
s2,r2,-3.775710452519829,2.7262046152934603,2.18424940926493,-0.6340711692543773,-0.6340711692543773,9.553127330912734,-1.7239156309559984
s0,r0,2.118795727638538,2.3158713380194875,2.1156473602615797,0.43244549809227034,0.4324454980922693,7.011440079402966,-6.381258294799865
s0,r1,2.0849484951231885,2.3158713380194875,3.9386878195321526,0.2285753235599102,0.22857532355990978,14.257111191544901,-12.586138625572419
s0,r2,0.4347373149450262,2.3158713380194875,1.1503661203412852,0.16318356179093846,0.1631835617909382,5.7153250275411995,-15.630075157706981
s1,r0,0.5511025670047185,4.050354251880188,2.1156473602615797,0.06431261140150843,0.06431261140150839,16.834873777304367,-23.816305220024564
s1,r1,12.197861119013686,4.050354251880188,3.9386878195321526,0.7646084886138037,0.7646084886138036,16.704100636052363,1.484415706884222
s1,r2,0.19889212715956703,4.050354251880188,1.1503661203412852,0.04268629886440787,0.042686298864407876,15.399717588435076,-27.385786317319397
s2,r0,-0.807264783510554,1.9308829749608256,2.1156473602615797,-0.1976135742301629,-0.19761357423016174,7.257933679672973,-13.910953135414529
s2,r1,-1.8894043454097367,1.9308829749608256,3.9386878195321526,-0.24843764086052006,-0.24843764086051873,16.319884450757662,-11.81881024805581
s2,r2,-0.26063086785741624,1.9308829749608256,1.1503661203412852,-0.11733668494138676,-0.11733668494138617,4.659499868119934,-18.550249213415565
s0,r0,14.115792685629474,5.1842175774346675,3.8472713422064078,0.7077326535077163,0.7077326535077153,36.20765276767428,0.015757025069387427
s0,r1,10.447998017584982,5.1842175774346675,4.069448820204044,0.4952383527479349,0.4952383527479346,30.026878942279524,-4.881453682895914
s0,r2,3.819115991486704,5.1842175774346675,2.490720100080409,0.2957703960693947,0.2957703960693944,21.372668297788753,-10.183289214087313
s1,r0,1.7125539995975456,3.1422587354251315,3.8472713422064078,0.1416607427787233,0.14166074277872306,18.815968021249677,-16.887186810703593
s1,r1,6.950918083467149,3.1422587354251315,4.069448820204044,0.5435814618254865,0.5435814618254863,16.16368910517951,-3.7734542428675972
s1,r2,1.8359334793878455,3.1422587354251315,2.490720100080409,0.2345795094619036,0.23457950946190345,8.102960271296128,-12.348448999465191
s2,r0,-1.5051634012567823,2.7442718335195773,3.8472713422064078,-0.1425619752453104,-0.14256197524530997,19.66026790501026,-16.830477840505196
s2,r1,-1.4630742339137193,2.7442718335195773,4.069448820204044,-0.1310097575699354,-0.13100975756993513,17.484452691493214,-17.57849911161158
s2,r2,-1.7691330370806022,2.7442718335195773,2.490720100080409,-0.2588263208451491,-0.25882632084514845,10.342276084294687,-11.43849810158699
s0,r0,7.550744569902669,4.956678173331569,3.022010312733144,0.5040842346055368,0.5040842346055363,19.328177101989162,-4.676640624415212
s0,r1,7.093565583061879,4.956678173331569,3.163982977722902,0.4523136852593837,0.45231368525938365,16.612411841199144,-5.897126988393824
s0,r2,9.705462196343616,4.956678173331569,3.8951849583162717,0.5026867242663084,0.5026867242663078,22.345570183303295,-4.70899101626011
s1,r0,0.763272667372838,1.7990669047264063,3.022010312733144,0.1403900905590385,0.14039009055903828,8.378871015562963,-16.966735334607854
s1,r1,1.7113690362961904,1.7990669047264063,3.163982977722902,0.30065069858614535,0.30065069858614535,6.657399598213119,-10.02714643472852
s1,r2,1.303001775612463,1.7990669047264063,3.8951849583162717,0.18593862224411847,0.18593862224411828,11.528334664563852,-14.459645061561224
s2,r0,-0.4435642119316654,1.7531632786205869,3.022010312733144,-0.08372172948971769,-0.0837217294897174,10.486769611430303,-21.512067539099526
s2,r1,-0.9111188763524982,1.7531632786205869,3.163982977722902,-0.1642549780722363,-0.16425497807223594,8.597533246819362,-15.569857123987592
s2,r2,-1.6692588411999474,1.7531632786205869,3.8951849583162717,-0.2444405404392483,-0.24444054043924754,14.37902205922601,-11.96825647790194
s0,r0,5.751940507834014,4.336389431303432,2.7075604564608287,0.4899005709004473,0.4899005709004466,16.78580583984468,-5.005924731625908
s0,r1,0.11401858945215097,4.336389431303432,1.261682908638936,0.020839973708777687,0.020839973708777642,18.277096312963543,-33.624747851933755
s0,r2,8.578740270569577,4.336389431303432,3.3585236566942664,0.5890427707953423,0.5890427707953413,13.879464923155817,-2.746352485858669
s1,r0,3.028418373687304,2.4473566465845753,2.7075604564608287,0.45702551557131055,0.45702551557131044,6.948881672658122,-5.7823534282541456
s1,r1,0.10490241439987691,2.4473566465845753,1.261682908638936,0.033973320908600224,0.03397332090860019,6.2817372471559265,-29.383003053752212
s1,r2,1.7979682822258918,2.4473566465845753,3.3585236566942664,0.21874410196314065,0.21874410196314054,12.019710138163541,-12.987671196911824
s2,r0,-1.3435271457317246,2.2498301726844403,2.7075604564608287,-0.22055583209704058,-0.22055583209704044,9.721722292778578,-12.911539149918378
s2,r1,-0.8731003567873332,2.2498301726844403,1.261682908638936,-0.3075843317793507,-0.3075843317793504,4.583456055067263,-9.806524281069409
s2,r2,-1.3379510833176276,2.2498301726844403,3.3585236566942664,-0.17706881748804246,-0.17706881748804237,13.830733459550972,-14.897005335663197
s0,r0,10.197689570100959,4.2808576179661415,3.8732168714768833,0.6150340909015319,0.6150340909015315,22.207239046142377,-2.1578674955146773
s0,r1,1.803064087224152,4.2808576179661415,5.836690610993908,0.07216285499618753,0.07216285499618756,41.41126968391023,-22.811302674956867
s0,r2,1.3130321228505772,4.2808576179661415,2.081338083235326,0.14736757494854585,0.14736757494854572,17.461432684201455,-16.536730320018517
s1,r0,1.5538210027473187,7.059794785939076,3.8732168714768833,0.056824692638581906,0.05682469263858191,43.06270262898432,-24.894993214416054
s1,r1,36.99197874714359,7.059794785939076,5.836690610993908,0.897736354703982,0.8977363547039825,16.83109654477955,6.1835172069068225
s1,r2,0.9471500874319856,7.059794785939076,2.081338083235326,0.06445907896574811,0.0644590789657481,39.518416269129595,-23.79603228744113
s2,r0,-6.15862111676008,3.2442722877628674,3.8732168714768833,-0.4901109154500299,-0.4901109154500296,13.411226402708797,-5.0010562962685325
s2,r1,-2.055460537417158,3.2442722877628674,5.836690610993908,-0.10854883664756115,-0.10854883664756114,34.10251987691902,-19.23602670798093
s2,r2,-2.3409750534222704,3.2442722877628674,2.081338083235326,-0.3466864421112164,-0.3466864421112159,12.445161251016824,-8.645146430292836
s0,r0,0.7327054663121093,3.2044670990706097,1.5787196982016167,0.14483335358662094,0.14483335358662106,9.487908971601822,-16.690778982211928
s0,r1,3.911575803645227,3.2044670990706097,2.485409342633377,0.4911317464093829,0.49113174640938245,7.92120094774635,-4.977273443074551
s0,r2,3.724397044033074,3.2044670990706097,2.35610226278665,0.49329421223700065,0.4932942122370005,13.305789411913993,-4.9269217342060525
s1,r0,1.5570770334856485,2.6229559470237223,1.5787196982016167,0.37602270957557454,0.37602270957557443,8.101811633655092,-7.8332806424320145
s1,r1,3.3359416052076014,2.6229559470237223,2.485409342633377,0.5117166130349785,0.5117166130349774,8.126713083257545,-4.500196547597127
s1,r2,0.822474268126452,2.6229559470237223,2.35610226278665,0.13308747532431892,0.13308747532431875,8.315920420777385,-17.4400502527175
s2,r0,-0.7816862313143621,2.4744186659583454,1.5787196982016167,-0.20010330022825304,-0.2001033002282527,5.099991319636712,-13.797192926276718
s2,r1,-1.3480707908228753,2.4744186659583454,2.485409342633377,-0.21920052456545655,-0.21920052456545583,6.740503970465916,-12.969106408888711
s2,r2,-0.7011330581782085,2.4744186659583454,2.35610226278665,-0.12026330229687542,-0.12026330229687507,7.130019571475651,-18.333700301276153
s0,r0,12.222265319114262,3.567247578841069,4.113031763607795,0.8330218476371863,0.8330218476371857,9.865696760301024,3.554963037767666
s0,r1,1.2590439444826,3.567247578841069,2.6141385028489723,0.13501407425968892,0.13501407425968887,14.750598150724004,-17.31254157302539
s0,r2,0.0356653233309877,3.567247578841069,1.6626737102333375,0.006013203253973301,0.006013203253973287,11.257380310835092,-44.427948151326696
s1,r0,0.8096393139217402,1.9846178506547474,4.113031763607795,0.09918651504892641,0.09918651504892632,14.045832658784372,-20.027540802548675
s1,r1,0.3744389152660146,1.9846178506547474,2.6141385028489723,0.0721731218964094,0.0721731218964094,8.811460451279117,-22.809493217427086
s1,r2,0.6135948933114606,1.9846178506547474,1.6626737102333375,0.18595069817887114,0.1859506981788707,5.245216549622277,-14.45860072693722
s2,r0,-1.5434225818132044,3.384372766046215,4.113031763607795,-0.11087779867750139,-0.11087779867750124,21.215881146275713,-19.04935613319558
s2,r1,-2.3983558679482027,3.384372766046215,2.6141385028489723,-0.2710858435555965,-0.2710858435555963,13.044939198614921,-11.00637021218688
s2,r2,-0.9430096923747937,3.384372766046215,1.6626737102333375,-0.16758337594206457,-0.16758337594206402,9.806991498160581,-15.391608868605593
s0,r0,20.815337520227196,4.799010164633972,4.989298218717609,0.8693453276696113,0.869345327669612,16.023854969380842,4.905969968143048
s0,r1,0.9262535451222953,4.799010164633972,2.4289715513823964,0.07946132181062697,0.07946132181062696,18.730474997943205,-21.97004849455365
s0,r2,0.34699131089780455,4.799010164633972,2.421984203207013,0.029853525353094754,0.029853525353094747,16.425850660653918,-30.497525674203427
s1,r0,4.861532082320204,3.5340215709843554,4.989298218717609,0.27571760466804823,0.2757176046680487,25.45852293381313,-10.846880421234962
s1,r1,4.380290295299611,3.5340215709843554,2.4289715513823964,0.5102831986315259,0.5102831986315264,8.344532239176207,-4.533084462637979
s1,r2,1.917965323531514,3.5340215709843554,2.421984203207013,0.22407853098392083,0.22407853098392105,12.013610064922874,-12.767562866960237
s2,r0,-1.4975416365928522,3.8259060421085613,4.989298218717609,-0.07845220284173529,-0.07845220284173526,19.78683118986024,-22.080855757175634
s2,r1,-1.4077323365385415,3.8259060421085613,2.4289715513823964,-0.15148281192792862,-0.15148281192792845,12.84417929434183,-16.29153480998022
s2,r2,-6.205909887612318,3.8259060421085613,2.421984203207013,-0.669730162561485,-0.6697301625614845,12.643550457506109,-0.8969663813288447
s0,r0,15.671330207609719,4.57732602152511,3.9061880066245505,0.876477704393134,0.8764777043931327,19.313890765262848,5.20432123644139
s0,r1,0.47380195242441453,4.57732602152511,1.6783634730494117,0.061673554668434466,0.061673554668434445,18.39126782280909,-24.181787176916604
s0,r2,4.747214191297093,4.57732602152511,3.132735574668348,0.33105735590262847,0.33105735590262864,15.669500814504207,-9.09777340048187
s1,r0,1.6290506868034225,2.8273270127691714,3.9061880066245505,0.1475045484823079,0.14750454848230757,13.784318717500444,-16.528390057513185
s1,r1,2.2208192007488767,2.8273270127691714,1.6783634730494117,0.4680056992935232,0.46800569929352265,8.228226804028301,-5.521213893021813
s1,r2,3.1791616346293368,2.8273270127691714,3.132735574668348,0.35893253602052766,0.35893253602052755,8.590340292034979,-8.30070765108738
s2,r0,-0.12520431006742663,1.69428045359806,3.9061880066245505,-0.018918244613557015,-0.018918244613556928,13.925675707083505,-34.45663400160607
s2,r1,-0.9158803096190941,1.69428045359806,1.6783634730494117,-0.32208270318882615,-0.3220827031888249,3.7070445373314826,-9.363896295107955
s2,r2,-1.2351571116794962,1.69428045359806,3.132735574668348,-0.23270899139472342,-0.23270899139472268,9.342372686968542,-12.42072247392464
s0,r0,7.234526867715898,3.12913292698547,3.1332973641447395,0.7378779082551937,0.7378779082551926,8.283110542827332,0.7754817404124554
s0,r1,1.4353197735560683,3.12913292698547,1.6879448882531867,0.27174802262876835,0.2717480226287683,8.35261687333325,-10.9835790732852
s0,r2,2.173835104595478,3.12913292698547,2.2920739356522115,0.30309164345905404,0.3030916434590537,10.263999466974644,-9.949918432488653
s1,r0,1.05172021732148,2.3512608832360202,3.1332973641447395,0.14275712410723487,0.14275712410723487,7.313781948480297,-16.818603845206205
s1,r1,0.9364879883269919,2.3512608832360202,1.6879448882531867,0.23596257662845127,0.2359625766284516,5.201018837996998,-12.294272361198619
s1,r2,3.7235261726078774,2.3512608832360202,2.2920739356522115,0.6909155536263537,0.690915553626354,4.2136297032443295,-0.3934490321172202
s2,r0,-0.6446054933788335,1.4344031987984602,3.1332973641447395,-0.14342377323790953,-0.14342377323790897,7.6086658992983445,-16.776901455442445
s2,r1,-0.5641804650116475,1.4344031987984602,1.6879448882531867,-0.23301749902895127,-0.23301749902895064,2.9466830472214003,-12.408976583317957
s2,r2,-0.7415185947167732,1.4344031987984602,2.2920739356522115,-0.225539274165232,-0.22553927416523115,5.67604697564428,-12.708131023992452
s0,r0,19.46804753737092,4.857489812307301,4.948262363981735,0.8099492006419767,0.8099492006419786,13.543388557590486,2.803803429865577
s0,r1,2.1917801139035866,4.857489812307301,2.2274804766081844,0.2025681573588776,0.20256815735887765,19.257503272475255,-13.68675135746367
s0,r2,1.1194444576208762,4.857489812307301,2.3824739312554595,0.09673029109714572,0.09673029109714569,18.76293909289927,-20.248036945799615
s1,r0,6.208284389150743,3.11001051426208,4.948262363981735,0.4034196303458308,0.4034196303458312,15.222441408499948,-7.1134432879026175
s1,r1,2.1672611604073526,3.11001051426208,2.2274804766081844,0.31284951391612076,0.3128495139161205,9.019405163560794,-9.646047145867783
s1,r2,2.300169128537028,3.11001051426208,2.3824739312554595,0.31043433938665216,0.3104343393866516,10.692955988338213,-9.720538163656377
s2,r0,-0.2955335395322305,2.0390789648014795,4.948262363981735,-0.029290043205284184,-0.02929004320528409,26.303294173796036,-30.66190429417815
s2,r1,-0.7311064759855194,2.0390789648014795,2.2274804766081844,-0.16096545446950178,-0.16096545446950095,6.858697535230401,-15.751355826461259
s2,r2,-2.0008616349354806,2.0390789648014795,2.3824739312554595,-0.4118649693965107,-0.41186496939650824,8.433652319390687,-6.8976077996410226
s0,r0,1.7525141518702196,2.0161713987222685,1.5299122137779972,0.5681559672050048,0.5681559672050025,5.25330936780995,-3.2178512360176894
s0,r1,1.5979196128079904,2.0161713987222685,2.6899426408139435,0.2946350830817517,0.29463508308175146,7.70903402897022,-10.219994020754052
s0,r2,0.20580147597913476,2.0161713987222685,1.0624101971467905,0.09607907319739654,0.09607907319739625,3.735533185458769,-20.30832614644462
s1,r0,0.3073472520356646,2.4540347263142688,1.5299122137779972,0.08186195624690289,0.08186195624690258,6.621913017769666,-21.70978851066763
s1,r1,5.301644828444191,2.4540347263142688,2.6899426408139435,0.8031319558469437,0.8031319558469437,7.816771903211945,2.593759676212863
s1,r2,0.4232933582088261,2.4540347263142688,1.0624101971467905,0.16235606605256248,0.1623560660525621,5.455324856298282,-15.675234271480125
s2,r0,-1.4979068015909216,2.199187917619421,1.5299122137779972,-0.44520080425746383,-0.4452008042574618,5.467101342497228,-6.069387284958076
s2,r1,-0.9003368472450266,2.199187917619421,2.6899426408139435,-0.15219474743369818,-0.152194747433698,11.035593027796793,-16.250052913041966
s2,r2,-0.7385129457767137,2.199187917619421,1.0624101971467905,-0.31608474874704867,-0.31608474874704756,4.766293102891939,-9.546470312842162
