s0,r0,0.166949896199114,8.162830137694948,5.219765309753446,0.003918270526114173,0.003918270526114176,61.898205647157965,-48.28643305226254
s0,r1,-0.7412536489385023,8.162830137694948,4.724503063372932,-0.019220733186915796,-0.019220733186915778,60.443195888624,-33.00326538206054
s0,r2,13.251381613588004,8.162830137694948,5.470817383016856,0.2967345962052944,0.29673459620529435,44.370233889924975,-22.44490207750652
s1,r0,-0.430651699899838,8.476356443701096,5.219765309753446,-0.009733431523985136,-0.009733431523985162,78.33103689411487,-39.45692905185268
s1,r1,-0.6543991771061644,8.476356443701096,4.724503063372932,-0.01634095366163524,-0.016340953661635238,67.26484519208252,-34.90377210350322
s1,r2,9.854111782475995,8.476356443701096,5.470817383016856,0.21249859119164036,0.2124985911916404,55.592174935324394,-27.178867301884832
s2,r0,-0.5301239086970284,7.546942874464536,5.219765309753446,-0.013457219989025451,-0.013457219989025455,63.16212370877725,-37.00543537835788
s2,r1,-0.1977813063169917,7.546942874464536,4.724503063372932,-0.0055469984359354145,-0.005546998435935412,65.09755221855144,-44.122893161685816
s2,r2,5.882685300690292,7.546942874464536,5.470817383016856,0.14247948451478562,0.14247948451478565,63.37426984940926,-37.20654579913752
s0,r0,-1.3922819459785982,8.768755519913741,5.254825015206626,-0.03021558250705679,-0.030215582507056776,84.50724808172865,-29.652052429591407
s0,r1,-1.0181577354364022,8.768755519913741,6.000090629906567,-0.019351707588375833,-0.019351707588375833,104.63160699452881,-33.356489128712056
s0,r2,15.62769692029587,8.768755519913741,6.030233880537467,0.29554448651489473,0.2955444865148946,51.89523960419387,-17.208526398714923
s1,r0,-1.567070447804217,9.63785642501211,5.254825015206626,-0.030942101730360157,-0.03094210173036014,104.8003013317799,-29.80808747400253
s1,r1,-1.8462240558988448,9.63785642501211,6.000090629906567,-0.031926120078306024,-0.03192612007830603,114.54432728931067,-29.461728765383935
s1,r2,12.502921766580988,9.63785642501211,6.030233880537467,0.21512798278916334,0.2151279827891633,54.877775955986685,-20.372768342960406
s2,r0,-1.0124521879983512,7.354820154788769,5.254825015206626,-0.02619655646335514,-0.02619655646335512,72.59172805295418,-31.397225520929716
s2,r1,-1.9397046757358358,7.354820154788769,6.000090629906567,-0.043954742970081034,-0.04395474297008104,86.52433960567114,-26.854031845731683
s2,r2,6.26752324787532,7.354820154788769,6.030233880537467,0.14131548051885978,0.1413154805188597,62.79613185441007,-27.941183401395364
s0,r0,-0.17907883779298028,7.543114117310089,3.8015590942203223,-0.006244991380024289,-0.006244991380024293,47.66017833797763,-42.635765453516896
s0,r1,0.11321807535976999,7.543114117310089,3.417310796023839,0.0043921848660936486,0.004392184866093624,47.21361397317558,-47.410060380675674
s0,r2,16.589078113654796,7.543114117310089,5.877523629497508,0.3741770875331558,0.3741770875331556,37.81479461916044,-14.352114635259143
s1,r0,0.16783262594709303,7.516784995513496,3.8015590942203223,0.005873304477332251,0.00587330447733226,55.904740624293154,-44.22401472624626
s1,r1,0.04683265106546466,7.516784995513496,3.417310796023839,0.0018231908637605099,0.0018231908637605,53.93346687569316,-56.84692190575184
s1,r2,11.438674335854689,7.516784995513496,5.877523629497508,0.25891021396693764,0.25891021396693725,31.87042134447134,-17.47601557363818
s2,r0,0.8850918714849257,12.09278510378614,3.8015590942203223,0.01925308247181094,0.019253082471810946,127.59703014731794,-34.20532757407724
s2,r1,-0.15247110202319092,12.09278510378614,3.417310796023839,-0.0036895782495334466,-0.0036895782495334336,145.3840621304723,-48.00754787812463
s2,r2,9.694402777297432,12.09278510378614,5.877523629497508,0.13639559369146742,0.13639559369146728,136.35998767222083,-22.88603920839535
s0,r0,0.3657546981555817,6.337698266727338,3.6484309550415412,0.0158180237274319,0.015818023727431907,38.39587995316,-35.17832516768489
s0,r1,-0.6172389208829776,6.337698266727338,4.690911530655011,-0.020761776046244112,-0.02076177604624411,49.44324126636072,-32.75468805551203
s0,r2,8.79755246695217,6.337698266727338,4.481005982568472,0.3097810039638416,0.3097810039638416,26.881204243486142,-16.891491403752156
s1,r0,0.06546602427577707,7.613106529972832,3.6484309550415412,0.002356936752001364,0.002356936752001361,54.23785797135937,-51.91493777576131
s1,r1,0.033040461416020045,7.613106529972832,4.690911530655011,0.0009251815307627329,0.0009251815307627368,63.00905430258253,-62.22769030464882
s1,r2,7.355253956809696,7.613106529972832,4.481005982568472,0.21560570174043994,0.21560570174044005,37.18409465499227,-21.05608614140177
s2,r0,-0.4627361524978223,7.028969305615069,3.6484309550415412,-0.018044117753474028,-0.01804411775347405,47.944323152505035,-34.72127456993742
s2,r1,0.5796679673159848,7.028969305615069,4.690911530655011,0.017580467213376184,0.017580467213376177,65.26843840918346,-34.98990123800855
s2,r2,4.9062426077288555,7.028969305615069,4.481005982568472,0.15576929315208915,0.15576929315208915,42.780390022188165,-22.986066304575544
s0,r0,0.12295200550898995,9.879855352419511,5.360409346002273,0.0023215982891313302,0.0023215982891313302,90.57042687285097,-53.23243551128012
s0,r1,0.61972404328657,9.879855352419511,4.953361898943348,0.012663323458354329,0.012663323458354336,67.45181678869501,-37.70772519949465
s0,r2,6.265847329334102,9.879855352419511,6.561782719803043,0.09665122816978579,0.09665122816978584,108.42299452232214,-43.669673928856184
s1,r0,1.993432674194037,9.524224614814134,5.360409346002273,0.039045769637346,0.039045769637346,90.84624946950917,-27.998445168585416
s1,r1,0.8863101055219446,9.524224614814134,4.953361898943348,0.018786938460134267,0.01878693846013427,67.4981281942003,-34.41572432269039
s1,r2,4.915198309832472,9.524224614814134,6.561782719803043,0.07864834173010037,0.07864834173010044,55.0302501408754,-40.01786475701702
s2,r0,2.3765082596510614,6.945887016725094,5.360409346002273,0.06382835584985048,0.06382835584985046,55.592523944615145,-23.81458224615361
s2,r1,-0.009260404743836041,6.945887016725094,4.953361898943348,-0.00026915484063154904,-0.00026915484063154616,54.44751972630959,-67.57372856328385
s2,r2,1.9041618744362525,6.945887016725094,6.561782719803043,0.041778640640844446,0.04177864064084446,79.23160120191125,-50.27782215932369
s0,r0,-3.052021434739908,10.535933110364601,6.382762993141589,-0.04538432246143442,-0.04538432246143446,117.56178527101157,-25.91774331676797
s0,r1,-2.37066953985793,10.535933110364601,4.275672472097359,-0.052625178889505776,-0.05262517888950577,92.85146506294427,-24.497168652954983
s0,r2,15.301497980645077,10.535933110364601,9.636328572624446,0.1507125245680681,0.15071252456806802,135.53190658659753,-37.78239725523644
s1,r0,-0.30731327624577903,12.997982493534801,6.382762993141589,-0.003704219013086598,-0.003704219013086608,156.14555701620478,-48.58053720741594
s1,r1,-1.041248929918392,12.997982493534801,4.275672472097359,-0.018735884078674003,-0.01873588407867399,140.99075589904396,-34.08396589239013
s1,r2,8.511119102305145,12.997982493534801,9.636328572624446,0.06795151132523534,0.06795151132523533,101.53297251216048,-36.530745742846364
s2,r0,0.616243787609619,11.959891963991744,6.382762993141589,0.008072658470327164,0.008072658470327173,135.52275683997436,-41.73060588946506
s2,r1,0.1176970911015433,11.959891963991744,4.275672472097359,0.0023016222275497487,0.002301622227549755,130.79863022567883,-53.31462870666448
s2,r2,1.6758676767239287,11.959891963991744,9.636328572624446,0.014541220771435982,0.014541220771435985,198.08462980688293,-31.505516925242823
s0,r0,-0.25350517450050514,8.36703626640802,8.593045976702808,-0.0035258841746223612,-0.0035258841746223647,65.79401189606303,-49.00193822543204
s0,r1,0.10609910097399954,8.36703626640802,2.92687351225653,0.00433247532726199,0.004332475327261974,55.775003162984795,-47.208082028358724
s0,r2,-0.2616421670833787,8.36703626640802,2.2946893921351323,-0.013627374093336083,-0.013627374093336062,53.312451678808515,-37.320373280420355
s1,r0,-0.10108229930371466,9.185421159136697,8.593045976702808,-0.0012806454264808565,-0.0012806454264808669,57.0483778421183,-57.76298738444136
s1,r1,0.10120183160718003,9.185421159136697,2.92687351225653,0.0037643096794929788,0.0037643096794929736,59.11428505337402,-48.45395577525577
s1,r2,-0.2671098681587816,9.185421159136697,2.2946893921351323,-0.012672635721292999,-0.012672635721292985,69.15194743952063,-37.946496157485036
s2,r0,0.06406040880725833,4.2903283068915705,8.593045976702808,0.001737608944855982,0.0017376089448559817,83.14443503556953,-55.216896682193585
s2,r1,0.04902033838245637,4.2903283068915705,2.92687351225653,0.0039037484397964227,0.003903748439796414,23.55552903245614,-48.148783748003474
s2,r2,0.044267596748613657,4.2903283068915705,2.2946893921351323,0.004496468034532031,0.0044964680345320265,18.117420489109485,-46.9312298441778
s0,r0,0.8981691221831576,9.882740175348438,8.155442925095562,0.011143796949709794,0.011143796949709803,51.14937114160007,-39.06865425574189
s0,r1,0.9319852075079214,9.882740175348438,2.755262332850602,0.03422698832202184,0.034226988322021874,76.32791504814007,-29.303220239161433
s0,r2,0.0029139257633357795,9.882740175348438,4.052565524724304,7.275637623972569e-05,7.275637623972291e-05,76.76610052901343,-78.50896036037014
s1,r0,0.7901954524768309,9.601793400932376,8.155442925095562,0.01009100952629922,0.010091009526299228,44.41242375708005,-39.92800977751175
s1,r1,0.9463196266970928,9.601793400932376,2.755262332850602,0.0357702961109102,0.035770296110910225,74.25276537982285,-28.92116621858254
s1,r2,-0.03129407098231994,9.601793400932376,4.052565524724304,-0.0008042288725470354,-0.0008042288725470363,65.30865046140293,-61.763314683713006
s2,r0,0.1161929952986045,4.498339258129407,8.155442925095562,0.0031672342741764364,0.0031672342741764295,64.7671678181176,-49.40268536406693
s2,r1,0.1999056551764831,4.498339258129407,2.755262332850602,0.01612909199332539,0.016129091993325403,19.086478473959655,-35.978071762065596
s2,r2,-0.37491059933428417,4.498339258129407,4.052565524724304,-0.0205657933249831,-0.020565793324983095,18.805462904284695,-33.78439292146246
s0,r0,0.8650338230576302,9.228969118068504,7.445582903190604,0.012588708938550573,0.012588708938550587,32.47080228852579,-38.00839282938507
s0,r1,-0.9311189985681059,9.228969118068504,2.6957633311816114,-0.037425726003149785,-0.03742572600314969,62.51031667888128,-28.53833366361138
s0,r2,-0.21019645708130177,9.228969118068504,5.1554008555562,-0.004417837726480447,-0.004417837726480448,62.369823138559916,-47.09516019397706
s1,r0,0.7791430467176871,9.455393214716235,7.445582903190604,0.011067229127546518,0.011067229127546518,93.42252611111722,-39.11841060866894
s1,r1,-0.9758712711965273,9.455393214716235,2.6957633311816114,-0.038285222650600345,-0.038285222650600276,63.33143713765796,-28.332806584488047
s1,r2,-0.07733618302899849,9.455393214716235,5.1554008555562,-0.0015865022774959577,-0.0015865022774959607,73.52512038476185,-55.97400678704756
s2,r0,-0.19482771869240742,3.8959081065634393,7.445582903190604,-0.00671650491714516,-0.006716504917145167,61.08581700922404,-43.739917934911034
s2,r1,-0.0698699317183114,3.8959081065634393,2.6957633311816114,-0.006652729305706481,-0.006652729305706474,17.654145362243085,-42.71258304101522
s2,r2,0.05513607928804702,3.8959081065634393,5.1554008555562,0.0027451415071797804,0.0027451415071797817,32.9410439145857,-51.24399977378767
s0,r0,1.980047669656604,8.823058388064805,8.23879399015368,0.02723910597011536,0.027239105970115376,30.307222258120465,-31.296868665345645
s0,r1,-0.3858021949854199,8.823058388064805,1.9750556877390495,-0.02213941777890852,-0.022139417778908457,69.33583878557046,-33.1010148350908
s0,r2,-0.04998322357475491,8.823058388064805,3.769903493166193,-0.0015027089593339768,-0.0015027089593339655,59.20286833771711,-56.40263773272007
s1,r0,1.7755382963477184,9.497530603622213,8.23879399015368,0.022691107787837214,0.02269110778783718,64.44973607775319,-32.884386291240716
s1,r1,-0.415900774353414,9.497530603622213,1.9750556877390495,-0.022171735144362482,-0.022171735144362416,73.23075090930902,-33.08695088137987
s1,r2,-0.020415269690285603,9.497530603622213,3.769903493166193,-0.000570182898092441,-0.0005701828980924429,73.05157299788824,-64.66572947034399
s2,r0,-0.14385948780135532,4.90156339257122,8.23879399015368,-0.0035623799875022844,-0.003562379987502285,87.2606136885484,-49.07952444035475
s2,r1,-0.013928899383564603,4.90156339257122,1.9750556877390495,-0.0014388079610509678,-0.0014388079610509622,26.067293383246973,-56.441652377441685
s2,r2,0.08773210972902473,4.90156339257122,3.769903493166193,0.004747814217442405,0.004747814217442396,30.315316770489762,-46.41911392507574
s0,r0,1.1863467481305254,8.433827935840853,7.146383681038781,0.01968342086213006,0.01968342086213012,55.859832414530835,-34.12131136233825
s0,r1,-0.08235227685092333,8.433827935840853,2.8788446657696074,-0.003391818793911558,-0.0033918187939115507,59.93167752165648,-49.43404966345327
s0,r2,-0.10092911626178235,8.433827935840853,3.2981224800641256,-0.0036284818449683768,-0.0036284818449683815,59.15379508767224,-48.80891584261564
s1,r0,1.1278573843964244,8.352367755099095,7.146383681038781,0.018895493977658686,0.018895493977658755,56.875053884136626,-34.473001678609414
s1,r1,-0.04440286470739029,8.352367755099095,2.8788446657696074,-0.00184664387452272,-0.0018466438745227231,53.708481623176134,-54.689706980322704
s1,r2,-0.17994301353152065,8.352367755099095,3.2981224800641256,-0.006532186888988462,-0.006532186888988467,58.82251507278821,-43.698954495908986
s2,r0,-0.004325206812870242,3.715437191897687,7.146383681038781,-0.00016289607686353926,-0.00016289607686353777,61.42213213203513,-75.4720217306374
s2,r1,0.03268335378131834,3.715437191897687,2.8788446657696074,0.003055613771191195,0.0030556137711911947,19.549394196410006,-51.683550127607944
s2,r2,0.022384230001376154,3.715437191897687,3.2981224800641256,0.0018266925426516708,0.0018266925426516716,20.76280112207987,-55.08017986123195
s0,r0,-1.792263078466847,6.455090341968948,5.477601519981964,-0.050688448467847466,-0.05068844846784752,16.081843035837867,-25.887241041942467
s0,r1,-0.7049951011817494,6.455090341968948,2.3045965239800377,-0.04739023604884718,-0.04739023604884731,31.519047545991643,-26.481120902679372
s0,r2,-0.047949422491158356,6.455090341968948,2.957537853583699,-0.002511601560179945,-0.0025116015601799463,36.144962339757186,-51.92987188719947
s1,r0,-1.7708000022714483,6.792658652534955,5.477601519981964,-0.04759258428475376,-0.04759258428475379,39.55579864816792,-26.437276207335366
s1,r1,-0.6919897045430605,6.792658652534955,2.3045965239800377,-0.04420434296204964,-0.04420434296204977,32.13909434019142,-27.085036754288158
s1,r2,-0.016026964715805447,6.792658652534955,2.957537853583699,-0.0007977763878142877,-0.0007977763878142885,40.76372169749606,-61.78080150068511
s2,r0,-0.03589896358417204,3.9335212647753863,5.477601519981964,-0.0016661341761359024,-0.001666134176135904,41.4273901516648,-57.113313093549685
s2,r1,0.00038899434054654337,3.9335212647753863,2.3045965239800377,4.2910826353423556e-05,4.291082635342179e-05,18.40405245365329,-68.64509350665175
s2,r2,-0.020830757118452115,3.9335212647753863,2.957537853583699,-0.001790577986645597,-0.0017905779866455931,17.481575523550937,-56.35774279485126
s0,r0,-0.7386287097190427,5.172812650201961,4.321363710488149,-0.033042934868420894,-0.03304293486842084,26.890047539269904,-29.611145721796415
s0,r1,0.24349519839307918,5.172812650201961,3.013296997586309,0.015621463318000278,0.01562146331800027,26.73842191461243,-36.13645816066765
s0,r2,-0.41019078237276785,5.172812650201961,2.952493784946367,-0.02685778268174329,-0.026857782681743256,28.4675883580005,-31.413161083361253
s1,r0,-0.9398530621737516,5.96911064670877,4.321363710488149,-0.03643590079415683,-0.03643590079415681,20.771654215973317,-28.76264852577646
s1,r1,1.0052550401436684,5.96911064670877,3.013296997586309,0.05588878792992073,0.05588878792992073,31.024545906682672,-25.041395197960036
s1,r2,-0.3892302859637799,5.96911064670877,2.952493784946367,-0.022085539061580138,-0.022085539061580117,26.98530013825764,-33.11451374412692
s2,r0,-0.6395152617550259,6.508667414367655,4.321363710488149,-0.022737253955387195,-0.022737253955387178,37.85813771751921,-32.86141882472577
s2,r1,1.6724777629880214,6.508667414367655,3.013296997586309,0.08527590422539333,0.08527590422539327,25.454593934873966,-21.352716446830645
s2,r2,0.12480589948093752,6.508667414367655,2.952493784946367,0.006494624438074741,0.006494624438074733,42.39761932844225,-43.75118987013629
s0,r0,1.6994001475988632,6.253025330476055,5.05206590775674,0.05379432420945255,0.05379432420945254,42.198697039492465,-25.37272339938717
s0,r1,-0.22584480488606562,6.253025330476055,2.448586177085079,-0.014750424653226029,-0.014750424653226034,30.502020467919465,-36.61452392095552
s0,r2,5.188620346816656,6.253025330476055,4.478128239381055,0.1852956313220391,0.18529563132203888,30.769278019324656,-14.49079511290561
s1,r0,1.6746616642476673,7.0860048067502,5.05206590775674,0.04677961341827654,0.0467796134182766,37.128370341610626,-26.58940719783552
s1,r1,-0.10430068648000101,7.0860048067502,2.448586177085079,-0.00601132669178318,-0.006011326691783187,39.99768715298335,-44.404858222629066
s1,r2,5.195150142688865,7.0860048067502,4.478128239381055,0.1637193963121939,0.16371939631219365,42.09196032920693,-15.599892678917529
s2,r0,0.2979942979815585,4.192673363276117,5.05206590775674,0.014068503959556755,0.01406850395955677,36.08955678260182,-37.03283286656282
s2,r1,0.19747032338533832,4.192673363276117,2.448586177085079,0.019235142790112604,0.019235142790112625,16.784937515742087,-34.35788246447832
s2,r2,0.3332413816581918,4.192673363276117,4.478128239381055,0.0177488970710579,0.01774889707105788,31.560324137881736,-35.004480700976266
s0,r0,0.45139978126125857,8.225875235246008,5.83177559217549,0.009409757303978068,0.009409757303978075,65.53805620643503,-40.516861500956765
s0,r1,-0.39116605377507785,8.225875235246008,3.7457321050612054,-0.012695281267613259,-0.01269528126761325,53.979343749853456,-37.86476114596295
s0,r2,1.6461486149108766,8.225875235246008,4.050296610909823,0.049408320807905144,0.049408320807905186,51.31319298325241,-26.11387963454963
s1,r0,0.6788412051819093,7.791482893814183,5.83177559217549,0.014939885546976714,0.014939885546976724,53.706629638531815,-36.509393498097076
s1,r1,-0.6895415783928152,7.791482893814183,3.7457321050612054,-0.023626730295365113,-0.023626730295365092,34.177007486283564,-32.51671431831462
s1,r2,1.1590503243384933,7.791482893814183,4.050296610909823,0.03672783618708721,0.03672783618708726,43.077403487298476,-28.694723230323817
s2,r0,0.16144526499830336,4.639621219360901,5.83177559217549,0.0059668068862586306,0.005966806886258642,41.621166563730476,-44.47127657391082
s2,r1,-0.4934686957588201,4.639621219360901,3.7457321050612054,-0.02839490160411808,-0.028394901604118075,15.013283517709967,-30.91016155723493
s2,r2,0.3248210317886604,4.639621219360901,4.050296610909823,0.017285215044290883,0.017285215044290914,23.12842953729397,-35.247337294038715
s0,r0,-0.28868140441909307,6.852046809837082,4.970023235336066,-0.00847695873679497,-0.008476958736794986,35.68410176281536,-41.434059914246035
s0,r1,-0.17217385993703366,6.852046809837082,3.8747044699702826,-0.006484975071868829,-0.006484975071868837,35.994437276798884,-43.762888529175044
s0,r2,0.009346549889209447,6.852046809837082,3.8121255479636647,0.00035781934144711044,0.00035781934144713125,35.54231542128954,-68.59151840739318
s1,r0,-0.40920986101798806,7.484861762830541,4.970023235336066,-0.011000283747739006,-0.011000283747739018,43.649410358725895,-39.174348227608576
s1,r1,-1.1493164780134209,7.484861762830541,3.8747044699702826,-0.03962937889497002,-0.039629378894970056,33.44090767193824,-28.024266223280062
s1,r2,-0.00908454820128736,7.484861762830541,3.8121255479636647,-0.00031838482099739627,-0.000318384820997412,52.53145393341059,-69.34036556867734
s2,r0,-0.33583449005457167,7.296609966087303,4.970023235336066,-0.009260741140042465,-0.009260741140042458,52.57169227474236,-40.66401221698509
s2,r1,-1.5689580670249856,7.296609966087303,3.8747044699702826,-0.05549471440567584,-0.05549471440567585,26.185468446157703,-25.104413729326453
s2,r2,-0.17153194951481318,7.296609966087303,3.8121255479636647,-0.006166755024028991,-0.006166755024028984,52.20666982335533,-44.203269538643916
s0,r0,0.2668971541384203,6.536757775590282,4.2904923226433365,0.009516437982154962,0.00951643798215497,36.65837871734793,-40.43496602362193
s0,r1,-0.8563099533997438,6.536757775590282,3.8330549729919,-0.0341761826526927,-0.034176182652692635,24.891965227144773,-29.29279190965111
s0,r2,-1.7075402547145198,6.536757775590282,4.698907688811392,-0.05559191637556398,-0.05559191637556391,42.34681028147166,-25.085153506716964
s1,r0,0.020105518042226156,7.279123729432268,4.2904923226433365,0.0006437674837476398,0.0006437674837476374,39.64447696115424,-63.75912966441365
s1,r1,-0.9086937189501444,7.279123729432268,3.8330549729919,-0.03256817153281118,-0.03256817153281113,33.81878648807314,-29.727698371835398
s1,r2,-2.643461624400276,7.279123729432268,4.698907688811392,-0.07728531747217457,-0.07728531747217453,43.03188864683762,-22.21181532802047
s2,r0,-0.15645937674236943,5.5097857955855325,4.2904923226433365,-0.006618502719337671,-0.006618502719337672,35.95612896411733,-43.57994975331191
s2,r1,0.0006363286653526118,5.5097857955855325,3.8330549729919,3.013017990625152e-05,3.013017990624329e-05,26.2178974169347,-79.95313275896427
s2,r2,-1.5039702539244584,5.5097857955855325,4.698907688811392,-0.058090834900437066,-0.058090834900437066,37.7428713730287,-24.702938275808773
s0,r0,-0.6300863928271029,7.639186753166329,4.543498536938567,-0.01815359244033684,-0.01815359244033684,62.24575026542093,-34.825955653062955
s0,r1,-0.28900437699802806,7.639186753166329,4.704572612192637,-0.008041500939276403,-0.008041500939276414,49.90474432559269,-41.7023730779781
s0,r2,-0.7274263500104174,7.639186753166329,4.063966161377143,-0.0234310536450477,-0.023431053645047734,47.19148491132003,-32.59354927826914
s1,r0,-0.5494604165557762,7.11647684789902,4.543498536938567,-0.016993427293440482,-0.016993427293440482,37.59798745448207,-35.39609971700523
s1,r1,-0.8908500502426574,7.11647684789902,4.704572612192637,-0.026608438686601732,-0.026608438686601735,35.069498701574666,-31.473402740622827
s1,r2,-0.5656222766785901,7.11647684789902,4.063966161377143,-0.019557411856901803,-0.01955741185690183,39.88885884951955,-34.16855990901626
s2,r0,-0.06981109741168928,6.603390091523431,4.543498536938567,-0.0023268432026814748,-0.002326843202681473,51.53763376439589,-52.817191934236895
s2,r1,-0.70533078057012,6.603390091523431,4.704572612192637,-0.022704174033543526,-0.02270417403354352,17.307508334105464,-32.68562742678201
s2,r2,0.043488614285678906,6.603390091523431,4.063966161377143,0.0016205354382548309,0.0016205354382548252,46.6640641367398,-56.05807019481671
s0,r0,-0.7714045513395891,9.602659568067518,2.9355295408177224,-0.0273655517673227,-0.027365551767322697,85.46489011269978,-31.248508844491433
s0,r1,1.1667086959391721,9.602659568067518,8.25006660368604,0.014726971541175244,0.014726971541175256,70.38554713952342,-36.636938463597865
s0,r2,-2.034489082397907,9.602659568067518,6.151827275432942,-0.034439726807297955,-0.03443972680729798,73.3536451385634,-29.253389483354134
s1,r0,-0.6595837434945906,10.75880192551549,2.9355295408177224,-0.02088428330871041,-0.0208842833087104,92.7569647568111,-33.60114812325101
s1,r1,-2.529871896053392,10.75880192551549,8.25006660368604,-0.02850211997678677,-0.028502119976786776,79.5973279074573,-30.898824680267648
s1,r2,-1.2744558867686788,10.75880192551549,6.151827275432942,-0.019255586993730454,-0.019255586993730464,68.6003403014482,-34.30718394950172
s2,r0,-1.2897512296650895,9.31292018542291,2.9355295408177224,-0.04717735782963607,-0.047177357829636044,80.04153869509555,-26.498862140029445
s2,r1,-2.5536108146279455,9.31292018542291,8.25006660368604,-0.033236200737314744,-0.03323620073731475,120.07604736067574,-29.55294507462073
s2,r2,-1.334972203153496,9.31292018542291,6.151827275432942,-0.023301410380587775,-0.023301410380587785,107.18806987922417,-32.64324899952095
s0,r0,-1.4359091886400037,9.930013236495876,2.6330361236353403,-0.05491871030519661,-0.05491871030519665,78.26642325710988,-25.193244981667828
s0,r1,-0.8099623209617139,9.930013236495876,9.389930940920957,-0.008686655343859886,-0.008686655343859912,102.52515530590622,-41.22184091258899
s0,r2,2.0868783542634417,9.930013236495876,6.32261580818396,0.03323919629172462,0.03323919629172468,74.15834827567387,-29.562704062367544
s1,r0,-1.0757068865474406,11.564988504057181,2.6330361236353403,-0.035325793518689134,-0.03532579351868914,110.35460373941041,-29.032554827345482
s1,r1,-4.1086768742082205,11.564988504057181,9.389930940920957,-0.037835056252532605,-0.037835056252532626,145.92019345413377,-28.435862114524756
s1,r2,1.3050441202394851,11.564988504057181,6.32261580818396,0.017847738578424387,0.017847738578424404,88.75492824075401,-34.96668869244695
s2,r0,-1.6861348430131904,8.38991617110855,2.6330361236353403,-0.07632694218361255,-0.07632694218361255,63.7185342192092,-22.294604072476112
s2,r1,0.07796532796488018,8.38991617110855,9.389930940920957,0.000989649684050029,0.0009896496840500302,123.31904725614675,-60.01646869736219
s2,r2,0.3682681242483877,8.38991617110855,6.32261580818396,0.00694240132027814,0.0069424013202781425,92.2237244050749,-43.109147406476666
s0,r0,-1.17261823596069,11.70007421019781,2.6211045446966588,-0.03823698881586981,-0.03823698881586984,117.98035697144485,-28.347193269928646
s0,r1,-1.6837282638361408,11.70007421019781,7.2744181806890875,-0.01978267983424554,-0.019782679834245535,91.94257185463167,-34.072851594972626
s0,r2,5.310588281977045,11.70007421019781,7.869848342207329,0.05767500664383466,0.05767500664383463,87.23242502098175,-24.767331686438357
s1,r0,-1.1881758664785045,10.820567778215205,2.6211045446966588,-0.04189346997465402,-0.041893469974654055,93.77494016168578,-27.549856489368057
s1,r1,-0.5591374245203246,10.820567778215205,7.2744181806890875,-0.007103465057410044,-0.007103465057410051,77.0730538839336,-42.96975347815207
s1,r2,4.188073880431944,10.820567778215205,7.869848342207329,0.04918106413046934,0.04918106413046934,72.99599852949676,-26.153796656525415
s2,r0,-3.0330630389845554,10.203876324332615,2.6211045446966588,-0.11340492277526584,-0.11340492277526595,101.30758633619983,-18.837402783843064
s2,r1,-0.6525357020341164,10.203876324332615,7.2744181806890875,-0.008791051585756448,-0.008791051585756453,98.59774419960095,-41.10372667550767
s2,r2,0.4151090347865541,10.203876324332615,7.869848342207329,0.00516928689864613,0.005169286898646137,90.66198202501151,-45.613479212402616
s0,r0,-1.6715333796479137,12.523686797919469,2.5836024063708294,-0.05166032991682205,-0.05166032991682204,134.33855956465172,-25.725225642073823
s0,r1,2.5504132754486117,12.523686797919469,7.96734042903815,0.025560243586381773,0.025560243586381762,193.53719749974508,-31.845844479627953
s0,r2,0.1986104901306992,12.523686797919469,6.872412598222879,0.0023076012203632613,0.0023076012203632566,83.04910941922942,-52.72538758085997
s1,r0,-1.531312161630497,10.69627911942897,2.5836024063708294,-0.05541219118854649,-0.05541219118854644,90.45870993244176,-25.114520194968815
s1,r1,2.7934138750455344,10.69627911942897,7.96734042903815,0.03277850821964603,0.03277850821964601,75.38955292603316,-29.683529052393066
s1,r2,0.732736630267524,10.69627911942897,6.872412598222879,0.009967952282338224,0.009967952282338217,72.65991736359688,-40.026590416338124
s2,r0,-4.909475426629264,11.11190725391702,2.5836024063708294,-0.17100972253425678,-0.17100972253425692,104.03208838953846,-15.194426717638336
s2,r1,-1.485278746804848,11.11190725391702,7.96734042903815,-0.016776678602839372,-0.01677667860283938,161.024884513397,-35.48387909663603
s2,r2,0.9788438664123278,11.11190725391702,6.872412598222879,0.012817861972691089,0.01281786197269111,139.8058203481472,-37.791875704589586
s0,r0,-2.0317781125927423,10.52572406650474,2.5413899617804114,-0.07595440861633367,-0.07595440861633365,92.84235892257124,-22.363864115058814
s0,r1,-3.0367521807124493,10.52572406650474,7.437105348176488,-0.03879300638347787,-0.038793006383477865,115.19402583826141,-28.218435212137088
s0,r2,-0.6033233607154754,10.52572406650474,5.683998042888155,-0.010084264798161545,-0.010084264798161545,85.46826948601216,-39.925132173030555
s1,r0,-1.438529065812312,9.65252543331519,2.5413899617804114,-0.05864167633039678,-0.05864167633039675,71.6571533601192,-24.620925860500652
s1,r1,-4.483956603422766,9.65252543331519,7.437105348176488,-0.06246209014111804,-0.06246209014111801,62.32772058077785,-24.070697186582784
s1,r2,-0.4847765824136589,9.65252543331519,5.683998042888155,-0.008835817931379055,-0.008835817931379051,66.4761582706399,-41.073713145777845
s2,r0,-1.2020490945199593,4.111799072142751,2.5413899617804114,-0.11503209020572469,-0.11503209020572461,19.124723409999756,-18.71997712233707
s2,r1,-0.4004313817905315,4.111799072142751,7.437105348176488,-0.01309460155527882,-0.013094601555278817,52.539733667340045,-37.64404226525303
s2,r2,0.21230725064470526,4.111799072142751,5.683998042888155,0.00908403967547132,0.009084039675471315,40.31835939239753,-40.78087837496486
s0,r0,-0.7191104683136018,9.368277689318228,3.2796656452081923,-0.02340487279008135,-0.023404872790081348,72.68771006639385,-32.6163849100092
s0,r1,-3.3037513013384614,9.368277689318228,7.714117487881964,-0.0457152756564143,-0.04571527565641429,109.74839348528592,-26.78995788014249
s0,r2,-4.97748008012497,9.368277689318228,7.20457819600235,-0.07374646643005149,-0.0737464664300515,72.04619397345685,-22.61931827584915
s1,r0,-0.7191456446515605,10.796601660447976,3.2796656452081923,-0.020309545546220616,-0.02030954554622062,101.67430207448555,-33.84409190786916
s1,r1,-4.119421833483369,10.796601660447976,7.714117487881964,-0.04946100528644564,-0.04946100528644566,90.30293670106023,-26.10408588190596
s1,r2,-3.6861813439935247,10.796601660447976,7.20457819600235,-0.0473893835092254,-0.047389383509225426,71.36627000617145,-26.47657649229606
s2,r0,-1.9606687858969751,9.220572850510901,3.2796656452081923,-0.06483608169171189,-0.06483608169171193,89.62523757381736,-23.739715634892875
s2,r1,-0.5456146466134729,9.220572850510901,7.714117487881964,-0.0076708213374544485,-0.0076708213374544485,132.3472055775267,-42.29311162095429
s2,r2,-0.07850465532633182,9.220572850510901,7.20457819600235,-0.0011817590811034353,-0.0011817590811034355,119.65044511195231,-58.7731445991935
s0,r0,-0.31443414226315247,9.751731888785013,4.443198542759077,-0.0072569181479883605,-0.007256918147988373,70.38804526398367,-42.782756116663684
s0,r1,-0.12157253292942961,9.751731888785013,3.980977872692232,-0.0031315831608758247,-0.003131583160875808,60.80087653588722,-50.088865536306464
s0,r2,-0.33880768787285775,9.751731888785013,7.063177723821809,-0.004918938240214695,-0.0049189382402147,102.29629996513431,-46.15927509556603
s1,r0,-0.20230009941106186,9.273811059794795,4.443198542759077,-0.0049095550343191555,-0.004909555034319165,71.57173195243968,-46.17698661648689
s1,r1,0.02716230422408083,9.273811059794795,3.980977872692232,0.0007357302317051556,0.000735730231705155,66.53969341871046,-62.580409885027436
s1,r2,-0.16438172921223948,9.273811059794795,7.063177723821809,-0.0025095460365404227,-0.002509546036540425,66.13369123307457,-52.000750993453394
s2,r0,-0.01300429109131607,4.266227587440076,4.443198542759077,-0.0006860360576783117,-0.0006860360576783154,28.593315008001113,-62.89353823557306
s2,r1,-0.017324766496729448,4.266227587440076,3.980977872692232,-0.001020078529073565,-0.0010200785290735625,25.523857912073655,-60.43614267866729
s2,r2,0.27987777608451964,4.266227587440076,7.063177723821809,0.009288043922664753,0.009288043922664762,57.461608917951885,-40.64828408999452
s0,r0,-0.2906652174378045,6.991211362222398,3.5616224912453966,-0.011673275826030493,-0.011673275826030484,31.837158412835716,-38.65666691561159
s0,r1,0.6910301844246091,6.991211362222398,4.389541526579098,0.02251777232944593,0.02251777232944594,21.04575246422231,-32.97156505662418
s0,r2,-0.18981153173254078,6.991211362222398,4.370191479698109,-0.006212547119704183,-0.006212547119704173,39.14572338665018,-44.131837157379955
s1,r0,-0.36816686095225853,7.035116514596418,3.5616224912453966,-0.014693508716341796,-0.014693508716341784,35.29629192919515,-36.65687177767315
s1,r1,-0.13486210274314836,7.035116514596418,4.389541526579098,-0.004367163688669063,-0.004367163688669063,35.13240866027852,-47.14394180739238
s1,r2,-0.42582476364996824,7.035116514596418,4.370191479698109,-0.013850299142453231,-0.013850299142453212,30.787823965812567,-37.1695149120123
s2,r0,-0.10274689599669459,5.416286675150889,3.5616224912453966,-0.005326221000973043,-0.005326221000973047,27.261070016978575,-45.47580226312972
s2,r1,-1.1996509303559741,5.416286675150889,4.389541526579098,-0.05045847147544643,-0.050458471475446465,26.763919603517024,-25.90923924361602
s2,r2,-0.34330780774092334,5.416286675150889,4.370191479698109,-0.014503792298034198,-0.014503792298034184,31.248987553080664,-36.7669829283897
s0,r0,0.04879464465848876,7.706565918505243,4.689678147771829,0.0013501071087869934,0.0013501071087870038,51.673648679221515,-57.37222195186209
s0,r1,-0.10750530414293259,7.706565918505243,4.011828703766672,-0.00347717551914521,-0.0034771755191452093,45.0693315478414,-49.184330327585386
s0,r2,-0.7186097270701676,7.706565918505243,4.79535781974824,-0.019445144513109698,-0.019445144513109712,55.71991815588793,-34.22167677733069
s1,r0,0.08053240989472933,7.791888109344269,4.689678147771829,0.0022038648064865323,0.0022038648064865427,49.13205177617383,-53.12751718044996
s1,r1,-0.12052953699902376,7.791888109344269,4.011828703766672,-0.0038557458466837087,-0.003855745846683702,48.7915824971684,-48.27575345287662
s1,r2,-0.5803639089211554,7.791888109344269,4.79535781974824,-0.015532332209358138,-0.015532332209358157,44.85562590830282,-36.17401378604482
s2,r0,0.03821512351568751,4.1377581256129865,4.689678147771829,0.001969369144621427,0.00196936914462143,34.22291355173825,-54.11394157709641
s2,r1,-0.08720668413680502,4.1377581256129865,4.011828703766672,-0.005253422043605541,-0.005253422043605538,22.093840964946022,-45.70148885648085
s2,r2,0.010922950539331455,4.1377581256129865,4.79535781974824,0.000550495594846202,0.0005504955948462,27.88348061675225,-65.15537484300073
s0,r0,-1.0065913153457,6.072671954944227,5.189311420587769,-0.03194211166167502,-0.03194211166167504,44.2044855663177,-29.90721630404958
s0,r1,-0.10122443339158066,6.072671954944227,3.2265539973058996,-0.0051661450499203496,-0.005166145049920346,37.89258238056972,-45.71970617169771
s0,r2,-0.09111584469385635,6.072671954944227,2.8007108664743945,-0.005357298041241648,-0.00535729804124164,34.86596070018844,-45.41269420313482
s1,r0,-1.0328192504212041,6.752082139932278,5.189311420587769,-0.02947656502805265,-0.029476565028052668,47.33450013908111,-30.6062686228715
s1,r1,-0.13137363695660426,6.752082139932278,3.2265539973058996,-0.006030197949325893,-0.0060301979493258915,47.11843152195984,-44.38736810479312
s1,r2,-0.12936473443905955,6.752082139932278,2.8007108664743945,-0.006840847484513272,-0.0068408474845132695,33.73605203364868,-43.294797747216265
s2,r0,-0.1823612433337437,2.4522302503289355,5.189311420587769,-0.014330507300275127,-0.014330507300275146,24.20136190229098,-36.82282672369985
s2,r1,-0.08579171948166212,2.4522302503289355,3.2265539973058996,-0.010842893427414723,-0.010842893427414728,12.184578894988876,-39.17563156391097
s2,r2,-0.060925922151941994,2.4522302503289355,2.8007108664743945,-0.008871000205225563,-0.008871000205225564,8.877451323691973,-40.962028832131
s0,r0,0.007470095113556334,6.533096466721684,4.2862536251956245,0.0002667652127106579,0.00026676521271064746,35.57094231127113,-70.92775827100937
s0,r1,-0.27492380340719264,6.533096466721684,3.2771494957346454,-0.012840945987245661,-0.012840945987245663,32.540321443195566,-37.82691189895169
s0,r2,-0.07822379786203867,6.533096466721684,3.1146319490856014,-0.003844263007574075,-0.0038442630075740886,39.45661269883804,-48.29420684374536
s1,r0,-0.009930671943897247,6.118867703907174,4.2862536251956245,-0.00037864280306141885,-0.0003786428030614201,29.61870271030919,-68.13776311960886
s1,r1,-0.07286431189876073,6.118867703907174,3.2771494957346454,-0.003633687301882023,-0.003633687301882025,26.914891864580444,-48.78966107505269
s1,r2,-0.1491416972141033,6.118867703907174,3.1146319490856014,-0.007825665552795973,-0.007825665552795982,34.21956854166787,-42.127648920655844
s2,r0,-0.10522645340824886,3.8176089571553664,4.2862536251956245,-0.006430661159717532,-0.006430661159717532,23.493957697895446,-43.821649973697134
s2,r1,0.17585427650251487,3.8176089571553664,3.2771494957346454,0.014056112999568441,0.014056112999568451,19.032686707678,-37.03619756080803
s2,r2,0.034743345254223186,3.8176089571553664,3.1146319490856014,0.002921954553896291,0.0029219545538962865,19.191604809668778,-50.72916117663331
s0,r0,-0.3474616193186697,6.66888607985283,4.705692642764107,-0.011072099583926145,-0.011072099583926135,32.040970603941176,-39.11434143533895
s0,r1,-0.30104482916451913,6.66888607985283,4.404116740832246,-0.010249886372174331,-0.010249886372174333,20.62633857139932,-39.775296292693156
s0,r2,0.0405195834589209,6.66888607985283,2.6058263968156408,0.002331665218165673,0.002331665218165675,45.28066018788337,-52.64251910611874
s1,r0,-0.3483485551761124,6.970240485214827,4.705692642764107,-0.010620444504755933,-0.010620444504755916,38.816765163747306,-39.476256158226555
s1,r1,-0.3592867076903476,6.970240485214827,4.404116740832246,-0.011704006802417996,-0.011704006802417984,38.06968010634433,-38.62982122758894
s1,r2,0.021181753041395496,6.970240485214827,2.6058263968156408,0.0011661882433885826,0.001166188243388589,43.46164785799495,-58.635298724334994
s2,r0,-0.05980086610630181,2.7048192589208244,4.705692642764107,-0.004698353250938854,-0.00469835325093885,25.43188353859309,-46.5547780724128
s2,r1,-0.022482679600275696,2.7048192589208244,4.404116740832246,-0.0018873437139232873,-0.0018873437139232873,22.514524345612134,-54.22372906620878
s2,r2,0.0046794355537826265,2.7048192589208244,2.6058263968156408,0.0006639108119160493,0.0006639108119160472,10.143796506062104,-63.52434756918992
s0,r0,1.5042809704815976,12.836216937404675,2.9705079141846324,0.039451289182891744,0.03945128918289173,103.726293203065,-28.073697184152195
s0,r1,0.4629884166139018,12.836216937404675,1.1883333520102979,0.03035252259754655,0.030352522597546477,150.84681741814762,-30.36121236375815
s0,r2,3.420321675744858,12.836216937404675,2.610288920868724,0.102080155836179,0.10208015583617902,131.25117867437731,-19.7768136169104
s1,r0,8.437723303396895,10.984227123079188,2.9705079141846324,0.25859794029263794,0.25859794029263805,81.01983830807659,-11.446945522442123
s1,r1,1.3193266364476826,10.984227123079188,1.1883333520102979,0.10107518387546974,0.10107518387546956,97.27502861618275,-19.862924205342367
s1,r2,6.7609698159218645,10.984227123079188,2.610288920868724,0.23580386144467433,0.23580386144467444,82.69159343518965,-12.30064259184402
s2,r0,11.46236600648261,6.160141735729063,2.9705079141846324,0.6264015927449519,0.6264015927449523,31.98558715866087,-1.8898038285620586
s2,r1,1.35381681135365,6.160141735729063,1.1883333520102979,0.1849400248754744,0.18494002487547412,37.15343875121879,-14.505823272553599
s2,r2,7.0488940079406,6.160141735729063,2.610288920868724,0.43837087821878673,0.438370878218787,28.313735354359675,-6.230252616611063
s0,r0,6.273232250731021,3.076488231459891,3.0536507452728086,0.6677543783914001,0.6677543783913993,9.502918863470919,-0.9433706752684728
s0,r1,1.8482729443976758,3.076488231459891,2.2122373597094604,0.2715683326150345,0.2715683326150341,7.444737186516997,-10.989831244220934
s0,r2,1.0300505593078249,3.076488231459891,2.435259817732309,0.1374858431182829,0.13748584311828277,9.947151145478596,-17.152242230784132
s1,r0,8.521690284807994,4.1969120023005795,3.0536507452728086,0.6649309047126662,0.6649309047126655,11.873185136529893,-1.0097796843039997
s1,r1,4.496093857577961,4.1969120023005795,2.2122373597094604,0.4842546314687919,0.484254631468791,15.196537720131913,-5.137995856557106
s1,r2,5.414424476500664,4.1969120023005795,2.435259817732309,0.5297575245967727,0.5297575245967718,11.70366529627206,-4.0879213413304125
s2,r0,5.204241173290918,3.565413569599405,3.0536507452728086,0.47800026479589786,0.47800026479589774,11.855213687223005,-5.2848896826805385
s2,r1,3.7736923237577433,3.565413569599405,2.2122373597094604,0.47843710418805724,0.47843710418805674,11.885521819509288,-5.274641276501538
s2,r2,5.22251202103244,3.565413569599405,2.435259817732309,0.6014842121436672,0.601484212143667,12.129037573446233,-2.4652023293898204
s0,r0,0.753994199456518,1.6107620574665817,2.289193397828845,0.20448155029810472,0.2044815502981048,5.823255536193757,-13.599703384028786
s0,r1,0.5997513343614501,1.6107620574665817,2.126910982068598,0.17506144875073984,0.1750614487507396,5.506224467810513,-14.998673644597602
s0,r2,1.0964765107148604,1.6107620574665817,2.9480197891370397,0.23090723826102957,0.2309072382610294,7.842189326767746,-12.490732092895929
s1,r0,4.673146838953802,3.5860575636350878,2.289193397828845,0.5692587125701639,0.5692587125701638,8.905419829011274,-3.1929343788244116
s1,r1,3.393823598725295,3.5860575636350878,2.126910982068598,0.44496176568989226,0.44496176568989104,9.75040738279696,-6.075349526081547
s1,r2,6.157259006955681,3.5860575636350878,2.9480197891370397,0.582424682517841,0.5824246825178396,9.375144690374695,-2.8957914810234398
s2,r0,3.8105137273828724,3.389817039200492,2.289193397828845,0.4910489507820702,0.49104895078206995,9.536620662021418,-4.978774519540431
s2,r1,3.540304213610142,3.389817039200492,2.126910982068598,0.491037895639324,0.49103789563932276,9.84786057988436,-4.9791322456178095
s2,r2,6.63267563227337,3.389817039200492,2.9480197891370397,0.6637157231244678,0.6637157231244667,10.089593850572168,-1.0378193325910763
s0,r0,12.445201007880316,4.40166109005483,3.66787187079312,0.770852275519525,0.7708522755195256,21.89480491544828,1.6564270795656082
s0,r1,1.4839104759255795,4.40166109005483,2.781784576363741,0.12119022879340546,0.12119022879340538,18.839345346666594,-18.266584182170867
s0,r2,5.9568639165505495,4.40166109005483,2.4036166854597507,0.5630356162091318,0.5630356162091325,18.857763832016662,-3.333375308077552
s1,r0,12.906641287483996,4.741627896191116,3.66787187079312,0.7421156914726873,0.7421156914726873,16.601752760695476,0.884385303428681
s1,r1,5.723125598426995,4.741627896191116,2.781784576363741,0.4338926693930768,0.4338926693930762,20.161622677874792,-6.346528385646586
s1,r2,5.564645884621935,4.741627896191116,2.4036166854597507,0.4882529242645988,0.48825292426459876,16.69934089417079,-5.044390350967836
s2,r0,2.1251865738091196,3.016137616372763,3.66787187079312,0.19210194159073976,0.19210194159073962,14.561816013987992,-14.166150199631675
s2,r1,7.211842049908583,3.016137616372763,2.781784576363741,0.859550819163941,0.8595508191639396,12.108659490010863,4.516152614097598
s2,r2,0.7950978854111586,3.016137616372763,2.4036166854597507,0.10967413939843286,0.10967413939843287,11.418850982932947,-19.145376144730378
s0,r0,5.850753157500342,3.057231555994596,2.224891410391492,0.8601508497118948,0.8601508497118937,8.115147626212616,4.540012456323601
s0,r1,0.3079699490318166,3.057231555994596,1.592758174936345,0.0632455778245948,0.06324557782459449,10.552460695160946,-23.963956416275735
s0,r2,0.8009465206696019,3.057231555994596,1.7421569177327094,0.15037925044023231,0.15037925044023184,8.570435556111093,-16.357214820409798
s1,r0,4.174892919703845,2.8358860907493355,2.224891410391492,0.6616795904780276,0.6616795904780263,9.059293160938402,-1.0855964221381746
s1,r1,1.8895105189381716,2.8358860907493355,1.592758174936345,0.4183219840747338,0.4183219840747313,7.45049602934777,-6.734443074248417
s1,r2,2.5467352050278915,2.8358860907493355,1.7421569177327094,0.5154751570050686,0.5154751570050665,5.93218900450123,-4.414373177196602
s2,r0,1.6098236737721234,2.6694443976256825,2.224891410391492,0.271049500397876,0.27104950039787573,8.677199838022426,-11.00735427346779
s2,r1,1.9777652908566745,2.6694443976256825,1.592758174936345,0.46516178543284864,0.4651617854328464,7.373299321318033,-5.588682446485203
s2,r2,2.566691675352813,2.6694443976256825,1.7421569177327094,0.551906556006078,0.5519065560060764,6.722667297348827,-3.584803701907918
s0,r0,5.130486506440863,4.926801504909627,3.04685556774732,0.3417760425711908,0.34177604257119093,21.710020083156788,-8.785749286539914
s0,r1,10.81094945275447,4.926801504909627,3.457779087513676,0.6346021337203603,0.6346021337203606,20.557215217591565,-1.7117361386389158
s0,r2,5.5454967665771,4.926801504909627,2.599443079767609,0.4330071612027854,0.4330071612027856,19.777846846908858,-6.368392737803022
s1,r0,8.733862330827725,5.2199647931871604,3.04685556774732,0.5491448317287968,0.5491448317287968,18.06383221991727,-3.6475658971288007
s1,r1,11.168714312550122,5.2199647931871604,3.457779087513676,0.6187829874934498,0.61878298749345,18.317527661262705,-2.072844657534649
s1,r2,5.005984005668957,5.2199647931871604,2.599443079767609,0.36892796112912857,0.36892796112912873,18.570055285070133,-8.025787839118085
s2,r0,7.227757291005986,3.4130685348269303,3.04685556774732,0.6950350142319024,0.6950350142319021,10.153149015847855,-0.2870916371352117
s2,r1,3.316813608053889,3.4130685348269303,3.457779087513676,0.2810469095886093,0.28104690958860923,14.298707596773077,-10.663204058967976
s2,r2,1.4711635212426675,3.4130685348269303,2.599443079767609,0.1658195096401427,0.16581950964014264,9.708345482517876,-15.484065300522959
s0,r0,3.779984685868386,4.542901244154545,2.1426478773271582,0.38833446779991937,0.38833446779991904,20.730700153329938,-7.505702669874576
s0,r1,4.275388960368483,4.542901244154545,3.5856998782054696,0.2624631876183395,0.26246318761833926,16.916043969747573,-11.308071225967707
s0,r2,3.3101351714771825,4.542901244154545,2.503181325773109,0.2910851986313932,0.291085198631393,19.615516315084854,-10.334597224465027
s1,r0,4.394624873754663,5.0708746115308365,2.1426478773271582,0.40447169289112517,0.4044716928911244,17.228636026066756,-7.086404823468326
s1,r1,12.017960427363036,5.0708746115308365,3.5856998782054696,0.6609581489739913,0.6609581489739904,15.987709037504652,-1.1026421431706426
s1,r2,6.0549060127377,5.0708746115308365,2.503181325773109,0.47701520680603593,0.47701520680603515,16.04387633263591,-5.308101781976334
s2,r0,2.502378966105677,4.450613594315369,2.1426478773271582,0.26241121119835586,0.26241121119835553,16.0982446926321,-11.310692259054537
s2,r1,12.600305979188857,4.450613594315369,3.5856998782054696,0.7895638659738046,0.7895638659738036,17.389863874510347,2.1896898250328034
s2,r2,4.304522217124234,4.450613594315369,2.503181325773109,0.3863783231350282,0.38637832313502773,14.347280662542067,-7.557396696374829
s0,r0,2.707065493368644,4.281801505960767,1.6822454572029495,0.375822578788918,0.37582257878891684,12.165017642482134,-7.839064521948233
s0,r1,5.512979917357569,4.281801505960767,2.3499356649771332,0.5479032887472974,0.5479032887472964,9.93495414147103,-3.6755200869065847
s0,r2,3.4288637112670743,4.281801505960767,2.4490236782615056,0.3269871670566742,0.3269871670566734,11.965280316439472,-9.218212510999733
s1,r0,2.774624028229797,4.166333572099728,1.6822454572029495,0.3958774284702733,0.39587742847027263,11.218505562992567,-7.3085567966603175
s1,r1,5.240650810348667,4.166333572099728,2.3499356649771332,0.535272845844422,0.5352728458444218,10.105927019312091,-3.9623286302654983
s1,r2,5.818446558802604,4.166333572099728,2.4490236782615056,0.5702430848615541,0.5702430848615534,9.80531760723254,-3.170688251897488
s2,r0,0.5730225034335279,2.139356950604551,1.6822454572029495,0.15922052847304877,0.1592205284730484,5.220297597537758,-15.843101956301615
s2,r1,0.665564398991771,2.139356950604551,2.3499356649771332,0.13238868197853856,0.13238868197853845,7.259068538487203,-17.479630577998556
s2,r2,3.107294640088676,2.139356950604551,2.4490236782615056,0.5930703321811037,0.5930703321811027,5.728838812980498,-2.6429163620478464
s0,r0,1.565123498782974,4.576780098086931,1.412000278973169,0.24218864823805744,0.2421886482380563,19.85953511729129,-12.05452509987716
s0,r1,10.47632876989053,4.576780098086931,2.9785387570482076,0.7685034425083005,0.7685034425082998,17.047483736505797,1.5915107707989404
s0,r2,2.0694126253541585,4.576780098086931,2.602827587150866,0.17371673050214115,0.17371673050214087,17.273427159569998,-15.070178029480749
s1,r0,1.7679421930495853,4.2055534945436275,1.412000278973169,0.2977214438889626,0.2977214438889612,16.5204661933246,-10.120746472284775
s1,r1,8.421558786048594,4.2055534945436275,2.9785387570482076,0.6723045762680004,0.6723045762680002,15.882627807569392,-0.8365473688903492
s1,r2,4.459849091442496,4.2055534945436275,2.602827587150866,0.4074286838276543,0.407428683827654,16.4614977224285,-7.010653025588241
s2,r0,0.8117644777382244,3.4496331483658604,1.412000278973169,0.1666565349848513,0.16665653498485075,10.299370538673585,-15.440443672199576
s2,r1,2.4811010229918566,3.4496331483658604,2.9785387570482076,0.24147283436555142,0.2414728343655515,11.774531386712201,-12.081125506814665
s2,r2,4.644446358822402,3.4496331483658604,2.602827587150866,0.5172680303790222,0.5172680303790225,11.190984055528892,-4.372884671320295
s0,r0,18.72154138722905,4.950626439065963,4.237578173247721,0.8924085498793956,0.8924085498793947,13.549495292057642,5.923439246655746
s0,r1,1.6780762958620201,4.950626439065963,2.138430267986122,0.1585099222274422,0.15850992222744217,14.799013970773833,-15.888252419283234
s0,r2,1.842173386209519,4.950626439065963,1.775865498282135,0.20953678549430865,0.2095367854943082,16.647675616127277,-13.379688455500482
s1,r0,17.058524701200696,4.807589356412579,4.237578173247721,0.8373294779508846,0.837329477950884,5.568379132753489,3.7029802727699423
s1,r1,3.939501323010031,4.807589356412579,2.138430267986122,0.38319408151850215,0.383194081518502,13.901126209931098,-7.641926719631576
s1,r2,2.4418049842954113,4.807589356412579,1.775865498282135,0.286004944328601,0.28600494432860035,15.070368385493456,-10.501884461161415
s2,r0,3.859610988391679,3.475305302229806,4.237578173247721,0.26207937732257963,0.262079377322579,15.696868106024647,-11.322320917867582
s2,r1,4.781099344925555,3.475305302229806,2.138430267986122,0.643338751593906,0.6433387515939049,11.280172863162674,-1.511043978097777
s2,r2,1.7672517214357522,3.475305302229806,1.775865498282135,0.2863488086775188,0.2863488086775177,9.773302113966157,-10.490570366495284
s0,r0,0.36038397137407585,7.751299295766991,1.310319930093214,0.03548245116859103,0.03548245116859099,56.814794269892644,-29.003411133541643
s0,r1,1.826113207572194,7.751299295766991,2.823149401522809,0.08344865275126327,0.08344865275126323,57.78162176122945,-21.540134314396646
s0,r2,0.28543930804827516,7.751299295766991,0.9685093622697546,0.03802204314319435,0.03802204314319415,55.059608257770876,-28.407325098789304
s1,r0,1.6874217700079992,5.229673888129933,1.310319930093214,0.24624742232226746,0.24624742232226723,23.996744496421673,-11.900960476405032
s1,r1,8.283341999927504,5.229673888129933,2.823149401522809,0.5610442594410114,0.5610442594410112,19.761113815562375,-3.378424368228104
s1,r2,0.8910648505529212,5.229673888129933,0.9685093622697546,0.1759263455396422,0.17592634553964132,23.08820236599203,-14.956979775983315
s2,r0,2.4721329717285023,4.424401754837556,1.310319930093214,0.4264223157663014,0.42642231576630074,17.327467771805587,-6.531133996017843
s2,r1,9.605728898610332,4.424401754837556,2.823149401522809,0.7690275666256877,0.7690275666256872,13.606714129457464,1.6078646598926152
s2,r2,0.912456146267751,4.424401754837556,0.9685093622697546,0.21293822116336408,0.21293822116336283,17.32706875768501,-13.234163864348547
s0,r0,3.4239398444981406,4.582124973386236,3.2157613492808936,0.2323674996419547,0.23236749964195436,21.236076172675006,-12.430413003296026
s0,r1,4.7717372605589885,4.582124973386236,2.375385578675138,0.4384049783978229,0.43840497839782294,18.654487378736015,-6.229545350571819
s0,r2,2.0090230501495223,4.582124973386236,2.9747365908996324,0.14739049384969324,0.1473904938496931,21.604777757180365,-16.532033235007095
s1,r0,9.182651109099794,4.98030106502813,3.2157613492808936,0.5733616953094769,0.5733616953094764,16.455471145269602,-3.1002732353372395
s1,r1,5.213368756809717,4.98030106502813,2.375385578675138,0.44068547083874465,0.4406854708387449,19.208233296468553,-6.179619507569335
s1,r2,7.535996652711775,4.98030106502813,2.9747365908996324,0.508670537975044,0.5086705379750438,15.108129266883378,-4.570882262277664
s2,r0,9.972610388902796,4.789678924140268,3.2157613492808936,0.6474684930929429,0.6474684930929423,22.46718878412291,-1.4110061469026323
s2,r1,2.8658094506918927,4.789678924140268,2.375385578675138,0.2518876029755,0.2518876029755002,23.90330871319005,-11.68912087974071
s2,r2,7.757351595011334,4.789678924140268,2.9747365908996324,0.5444506979315766,0.5444506979315765,23.69126207368371,-3.7503480766916457
s0,r0,0.34716691410515077,1.2194056509776467,1.1871533423696679,0.23981884455369973,0.2398188445536991,1.8680929098919046,-12.143726466434886
s0,r1,0.41544449343800305,1.2194056509776467,3.7443918267395615,0.0909878734772314,0.09098787347723115,12.928993062637455,-20.783106152547916
s0,r2,0.5019297180362714,1.2194056509776467,2.209519622548085,0.18629313182733112,0.1862931318273302,6.090584643617586,-14.441901690188331
s1,r0,1.256757681830487,4.042214847752292,1.1871533423696679,0.26189387161475425,0.26189387161475386,15.00702634870178,-11.32902950771056
s1,r1,11.856383934729884,4.042214847752292,3.7443918267395615,0.7833422889142364,0.7833422889142352,16.008370038615737,2.0089407764654155
s1,r2,4.379793936196351,4.042214847752292,2.209519622548085,0.4903841471836979,0.4903841471836963,12.989962724230073,-4.994698512236831
s2,r0,1.4641257007399555,4.705389387634663,1.1871533423696679,0.2621054044450996,0.26210540444509933,20.70859016893029,-11.321626783606686
s2,r1,14.203321795625499,4.705389387634663,3.7443918267395615,0.8061448232209498,0.8061448232209486,18.580787446260786,2.686019596393281
s2,r2,4.802406654432508,4.705389387634663,2.209519622548085,0.46191865356381284,0.4619186535638114,16.865783217458578,-5.6664090963293
s0,r0,0.45496618580910103,1.4795948991568404,2.245787719292448,0.13692022116155222,0.13692022116155214,5.246667434787348,-17.183763706461793
s0,r1,1.0233979349803821,1.4795948991568404,4.001340200329502,0.17286068653785866,0.17286068653785844,14.301924822518655,-15.110402255563056
s0,r2,0.5025877692638512,1.4795948991568404,1.4846576747144171,0.22879301558660253,0.2287930155866018,2.681555676042408,-12.573469269706843
s1,r0,4.724158406929298,4.6055976932764136,2.245787719292448,0.4567407388028589,0.4567407388028591,17.70184534456006,-5.790532052456869
s1,r1,14.960125164876393,4.6055976932764136,4.001340200329502,0.8117901002501638,0.8117901002501637,15.103537482515328,2.86140391790075
s1,r2,1.9631420648798548,4.6055976932764136,1.4846576747144171,0.28710410518897905,0.2871041051889785,15.865742528285857,-10.465695418254226
s2,r0,4.1104109462177005,4.274088445855644,2.245787719292448,0.42822600357557405,0.4282260035755745,16.909560088086707,-6.486366259898225
s2,r1,13.686235194488868,4.274088445855644,4.001340200329502,0.8002671990449998,0.8002671990449998,21.50499909754371,2.508211381499773
s2,r2,1.7486512166051942,4.274088445855644,1.4846576747144171,0.27557090452212946,0.2755709045221289,14.703905394710167,-10.852237101570006
s0,r0,2.3708955111329653,3.3196640988513044,3.141387918881748,0.2273509134666777,0.22735091346667768,14.803265503611689,-12.635211559790656
s0,r1,0.4696301726748853,3.3196640988513044,1.0720863178911038,0.1319568975723626,0.13195689757236229,9.721250952389713,-17.51625322054572
s0,r2,11.027373224407677,3.3196640988513044,3.714308751167798,0.8943343885515455,0.8943343885515458,2.1215617531440625,6.0167846275052215
s1,r0,8.562061166091375,4.747375301305366,3.141387918881748,0.5741206803647666,0.5741206803647667,18.234852217174016,-3.0830593978427743
s1,r1,1.1621697086765042,4.747375301305366,1.0720863178911038,0.22834222684383856,0.22834222684383804,19.679595233194657,-12.594274712682193
s1,r2,12.91351969960473,4.747375301305366,3.714308751167798,0.732340516233364,0.7323405162333642,12.33647030180381,0.632432678314505
s2,r0,7.479862949641799,2.9673166081223217,3.141387918881748,0.8024318974812326,0.8024318974812328,13.33943385239357,2.5807353799951356
s2,r1,0.3765066101781074,2.9673166081223217,1.0720863178911038,0.11835291650507454,0.11835291650507432,7.803591102680213,-18.46313275459368
s2,r2,1.2364649509364363,2.9673166081223217,3.714308751167798,0.11218632493711898,0.11218632493711905,11.13344856589198,-18.944240225222188
s0,r0,1.3205466205466332,4.682493925509344,1.2341796921484087,0.22850626908312185,0.22850626908312213,15.208023945660296,-12.589067110520284
s0,r1,4.947546841094485,4.682493925509344,2.4352838281936777,0.43387348195669445,0.4338734819566938,14.05270791446135,-6.34696946240808
s0,r2,1.011942151588299,4.682493925509344,1.3117600232616196,0.16474948756503718,0.16474948756503707,17.423037593036998,-15.543950756440546
s1,r0,1.4337678281353945,4.213262131709949,1.2341796921484087,0.2757286885355031,0.2757286885355036,13.664952328103238,-10.847376554107173
s1,r1,5.567915247125291,4.213262131709949,2.4352838281936777,0.5426559274896625,0.5426559274896617,13.59680972427599,-3.794550303560338
s1,r2,1.6533821694557327,4.213262131709949,1.3117600232616196,0.2991578328292288,0.2991578328292288,13.920133922227082,-10.075118959315798
s2,r0,0.4994489470373318,2.2466000338833103,1.2341796921484087,0.180130371515337,0.18013037151533734,4.126553192421356,-14.723639120897559
s2,r1,1.5693488393688464,2.2466000338833103,2.4352838281936777,0.28684292646118464,0.28684292646118426,6.764828529243859,-10.440504925872876
s2,r2,0.6600312731689654,2.2466000338833103,1.3117600232616196,0.22396716929977892,0.2239671692997789,6.02703730472348,-12.746777300755152
s0,r0,2.8443353981900215,3.3261462955189813,1.943564390433146,0.43998768974216956,0.4399876897421696,9.286982654042568,-6.192131514959957
s0,r1,4.751985982434228,3.3261462955189813,4.0415973440585855,0.35349295291595434,0.35349295291595384,14.169820562182105,-8.44833740258979
s0,r2,4.280721766036876,3.3261462955189813,3.8369854965397225,0.33541732899086335,0.33541732899086296,12.904643112594547,-8.965627318069878
s1,r0,3.7262406481251813,5.590619238853565,1.943564390433146,0.34293518905317716,0.34293518905317716,27.854084880512566,-8.752130428850865
s1,r1,14.818102832296038,5.590619238853565,4.0415973440585855,0.6558124334261219,0.6558124334261209,27.407254036881287,-1.222226547834843
s1,r2,7.616686363276855,5.590619238853565,3.8369854965397225,0.355071651763983,0.35507165176398253,32.89475288580125,-8.408217708375151
s2,r0,2.77904237577887,6.7895193480885805,1.943564390433146,0.2105994367939754,0.21059943679397541,37.62559653396397,-13.333547077018066
s2,r1,20.01904309167435,6.7895193480885805,4.0415973440585855,0.7295435810936952,0.7295435810936943,47.97324332734641,0.560971051134377
s2,r2,7.5282000047967905,6.7895193480885805,3.8369854965397225,0.28897612342966633,0.28897612342966605,36.9207495230429,-10.403872309766985
s0,r0,0.7406273232881275,2.8970372989581348,1.0976012078143471,0.23291693529209193,0.2329169352920923,6.300685717200798,-12.413681123021227
s0,r1,1.567882186881376,2.8970372989581348,2.091824451997434,0.25872244333363337,0.258722443333633,8.483880152073828,-11.44240889622352
s0,r2,4.691220896468917,2.8970372989581348,2.1548663662432466,0.7514696648904774,0.7514696648904751,8.477828182717074,1.1304254364081754
s1,r0,1.0910758633694668,3.2629207476863713,1.0976012078143471,0.30465186897376545,0.30465186897376584,8.243708883841624,-9.901073722968503
s1,r1,3.8919825955102194,3.2629207476863713,2.091824451997434,0.570215644843567,0.5702156448435662,8.438319688923801,-3.171352207984866
s1,r2,4.6743742983039835,3.2629207476863713,2.1548663662432466,0.6648085823166762,0.6648085823166742,8.474374736796564,-1.0126495857535482
s2,r0,0.5210144284000296,2.5745565080585533,1.0976012078143471,0.18437530240047467,0.18437530240047498,5.519935860295111,-14.535821908935114
s2,r1,3.4240206248980503,2.5745565080585533,2.091824451997434,0.6357827028313676,0.635782702831367,8.380709742021141,-1.6846939643383811
s2,r2,0.9362020036189884,2.5745565080585533,2.1548663662432466,0.1687511710043785,0.168751171004378,8.92007993668111,-15.329636791617624
s0,r0,16.70725048301779,5.156902846514827,3.881391031769638,0.8346965840110505,0.8346965840110503,11.100636701309961,3.6122774052039754
s0,r1,4.48208936464648,5.156902846514827,3.2946944965559437,0.26380098406180985,0.2638009840618095,18.271678784367218,-11.261249337904951
s0,r2,3.6819356574242095,5.156902846514827,2.5121992283256245,0.28420595099294443,0.28420595099294454,17.83081222537766,-10.561616561847766
s1,r0,14.12579006296748,5.423078660185009,3.881391031769638,0.6710879575848849,0.6710879575848845,18.136300197273854,-0.865156346771404
s1,r1,9.918353350168843,5.423078660185009,3.2946944965559437,0.5551093239983554,0.5551093239983547,17.560204767639508,-3.512515309000018
s1,r2,6.33473417703462,5.423078660185009,2.5121992283256245,0.4649737266185193,0.4649737266185195,21.024914667738518,-5.593416413389938
s2,r0,4.447430642663656,4.573878272844143,3.881391031769638,0.25051698925712795,0.2505169892571279,16.87682857360685,-11.73663889727843
s2,r1,10.166424934433847,4.573878272844143,3.2946944965559437,0.6746344360392111,0.6746344360392103,17.701622946056656,-0.7723516774061935
s2,r2,5.006142727624304,4.573878272844143,2.5121992283256245,0.43567691342293036,0.4356769134229306,18.563601030589293,-6.2967766853504585
s0,r0,3.573328974763268,2.7187288969772747,2.16559703777826,0.6069172047101854,0.6069172047101838,6.6457369666285855,-2.336251762675666
s0,r1,3.449457919434412,2.7187288969772747,4.140474518050979,0.30643250526811355,0.3064325052681134,16.621871507120076,-9.842068585696373
s0,r2,2.6352166020497823,2.7187288969772747,2.5180421861080173,0.3849350106077304,0.3849350106077297,7.2710031980596055,-7.592291594296743
s1,r0,4.549694312938302,5.241389544426252,2.16559703777826,0.40082807344420734,0.4008280734442062,19.991066223498247,-7.180188743555201
s1,r1,15.702757521731954,5.241389544426252,4.140474518050979,0.72356803072017,0.7235680307201696,14.737787221451528,0.40947727369729703
s1,r2,5.897414779362796,5.241389544426252,2.5180421861080173,0.4468401963708163,0.4468401963708155,19.029426386074782,-6.02962154268551
s2,r0,2.404083273929877,6.0923141190914425,2.16559703777826,0.182217284720527,0.1822172847205265,28.068340139154504,-14.641559080745035
s2,r1,20.66802725583893,6.0923141190914425,4.140474518050979,0.8193446494524977,0.8193446494524979,27.91793449300931,3.1016875703960474
s2,r2,4.5774694191835685,6.0923141190914425,2.5180421861080173,0.2983871815958118,0.2983871815958114,23.74871718527621,-10.09949432841611
s0,r0,11.53120046129658,4.775559918245293,3.1545871800809535,0.7654338946349633,0.7654338946349621,12.977891806642326,1.5071509314443645
s0,r1,2.7350597746133145,4.775559918245293,1.864418551489154,0.30718436560965867,0.30718436560965867,17.247261919369226,-9.821719263190364
s0,r2,2.955059112793726,4.775559918245293,1.5653257825715103,0.39530939486587935,0.39530939486587924,18.429754773134125,-7.3233374219159
s1,r0,10.157565841523397,4.042941450426297,3.1545871800809535,0.7964337582717628,0.7964337582717609,5.674253164027626,2.3918479550253813
s1,r1,3.3539995507901166,4.042941450426297,1.864418551489154,0.44496118950373115,0.4449611895037308,13.949911150547003,-6.075399808686913
s1,r2,2.4696651226876445,4.042941450426297,1.5653257825715103,0.39024367965248624,0.39024367965248585,11.876167762701908,-7.455791153803119
s2,r0,2.092741980073661,2.143127993973464,3.1545871800809535,0.309545890718724,0.3095458907187231,8.26530284958121,-9.743800056352661
s2,r1,2.2087955665005845,2.143127993973464,1.864418551489154,0.5527948611220522,0.5527948611220512,5.047033710734873,-3.5603883965473084
s2,r2,0.8715183958020704,2.143127993973464,1.5653257825715103,0.259790766184882,0.25979076618488156,4.744999723096105,-11.401115552613318
s0,r0,2.7787084231679446,4.893027007301581,1.9308655872757212,0.2941123913179604,0.29411239131796035,16.418832260344068,-10.235949285726951
s0,r1,12.443104535206885,4.893027007301581,3.33774842613082,0.7618992341110823,0.7618992341110828,14.319618562424779,1.411563247836255
s0,r2,3.50356081487425,4.893027007301581,2.913622595623904,0.24575295636457092,0.24575295636457098,21.581794663250157,-11.918813532299746
s1,r0,3.254640910673962,4.486132455999127,1.9308655872757212,0.37573265775004494,0.37573265775004483,14.900191112444034,-7.841510739341315
s1,r1,10.130680802433181,4.486132455999127,3.33774842613082,0.6765703163519178,0.6765703163519178,8.854788302957301,-0.7357571625836735
s1,r2,7.58668639649916,4.486132455999127,2.913622595623904,0.5804258468186542,0.5804258468186541,13.337434102542042,-2.940901232521888
s2,r0,1.4234504465246696,2.9319151118519726,1.9308655872757212,0.2514426346312866,0.25144263463128635,6.505763548625754,-11.707237439475099
s2,r1,2.406556549187239,2.9319151118519726,3.33774842613082,0.24591843106997177,0.24591843106997158,11.793115039163968,-11.912399575287639
s2,r2,5.591568369821753,2.9319151118519726,2.913622595623904,0.6545592297002714,0.6545592297002709,12.658514904578773,-1.2498198130163585
s0,r0,1.9141092972390301,3.3129759843383053,3.834356493674589,0.15068011976047677,0.15068011976047685,17.521876733927826,-16.33676983090541
s0,r1,5.889716189867355,3.3129759843383053,2.780077482667898,0.6394685349643757,0.639468534964376,13.413313638892447,-1.5951569848078766
s0,r2,1.1625598253292524,3.3129759843383053,2.8324306144350464,0.12389042517778653,0.12389042517778664,11.63880844163754,-18.070376171928086
s1,r0,13.521023544741798,5.433661898122044,3.834356493674589,0.6489697729812608,0.6489697729812608,20.632558127582094,-1.3810432019420835
s1,r1,7.642046673715825,5.433661898122044,2.780077482667898,0.505894751859029,0.5058947518590291,21.26209171691896,-4.634885767440052
s1,r2,7.529495136312915,5.433661898122044,2.8324306144350464,0.4892309971867376,0.4892309971867379,24.236437034700085,-5.021541615957645
s2,r0,13.620107739009594,4.839079069906317,3.834356493674589,0.7340494814295849,0.7340494814295846,20.410117649528903,0.6759787760196178
s2,r1,2.4225913384215563,4.839079069906317,2.780077482667898,0.18007795143341793,0.1800779514334179,23.475012363805188,-14.747472323478744
s2,r2,7.888851048288356,4.839079069906317,2.8324306144350464,0.5755615291965367,0.5755615291965366,16.89170313604564,-3.0505783429355264
s0,r0,6.812425175014739,5.8319586891393875,4.073774177046135,0.28674136959354973,0.2867413695935497,36.00365547142865,-10.476753525206924
s0,r1,3.5301634168806726,5.8319586891393875,2.7026975201449375,0.22396643023317794,0.22396643023317736,34.922357957555256,-12.772183994201995
s0,r2,13.523102145175526,5.8319586891393875,2.933158703222697,0.7905445111332892,0.7905445111332879,27.831057269439256,2.219953704805634
s1,r0,15.765488281170379,5.660656644472905,4.073774177046135,0.6836654963508784,0.683665496350878,19.69698365202365,-0.5671537237416875
s1,r1,7.390091762564761,5.660656644472905,2.7026975201449375,0.48304275759968446,0.48304275759968307,23.40559392012244,-5.166377237514714
s1,r2,8.287110646996881,5.660656644472905,2.933158703222697,0.49911516173953374,0.49911516173953285,20.528016074124572,-4.791721635739945
s2,r0,16.282218766591388,5.063742434574208,4.073774177046135,0.7893053151187563,0.7893053151187562,23.027908495609392,2.182039651404314
s2,r1,6.479722316006178,5.063742434574208,2.7026975201449375,0.4734644159374327,0.47346441593743166,21.164827258281438,-5.391732867735184
s2,r2,2.066706793037878,5.063742434574208,2.933158703222697,0.13914631127168228,0.13914631127168206,21.08007885512548,-17.04605290079192
s0,r0,0.5434815586208778,2.53842336861328,0.9861085165162927,0.21711810779665344,0.21711810779665247,6.537916186579083,-13.056388259858215
s0,r1,3.8923629745911246,2.53842336861328,2.180931930274943,0.7030839187236723,0.7030839187236714,7.4006799678886335,-0.09855285365156731
s0,r2,1.9349998824459465,2.53842336861328,2.4763487091191254,0.30782584872778646,0.30782584872778584,7.9753722679066374,-9.801561857279449
s1,r0,0.8508841308686106,3.2049381606752574,0.9861085165162927,0.26923161742140134,0.2692316174214002,9.448519860160033,-11.070834926809344
s1,r1,4.466559648501281,3.2049381606752574,2.180931930274943,0.6390154712499113,0.639015471249911,7.487053736174691,-1.6104416416365985
s1,r2,5.6168988053344275,3.2049381606752574,2.4763487091191254,0.707725991029951,0.7077259910299503,7.921237893705507,0.01526050166652607
s2,r0,0.6976426150731546,3.6830184217308406,0.9861085165162927,0.19208984258033365,0.1920898425803329,13.163407148687678,-14.16589743734371
s2,r1,2.7592089425381734,3.6830184217308406,2.180931930274943,0.3435093691802393,0.34350936918023894,12.632404111887372,-8.735418007884808
s2,r2,6.788404017740213,3.6830184217308406,2.4763487091191254,0.7443068064840798,0.7443068064840787,10.801722436099567,0.9424002046865653
s0,r0,1.0450169408556251,2.808874498792198,1.2317004590756842,0.30205490487051995,0.3020549048705199,6.4526038601931575,-9.982906266413485
s0,r1,5.997889118886931,2.808874498792198,2.586193820797981,0.8256671913924676,0.8256671913924657,10.147560635940332,3.3081048852709296
s0,r2,1.228733899142668,2.808874498792198,1.3777548174411456,0.31750719156762275,0.317507191567623,5.88462864992939,-9.503497653370168
s1,r0,1.3809593321474571,3.038235640055629,1.2317004590756842,0.369023762063509,0.3690237620635091,7.380151745159221,-8.023249928771024
s1,r1,6.420042687559062,3.038235640055629,2.586193820797981,0.8170627136965752,0.8170627136965737,8.89599278744929,3.0284051671128083
s1,r2,1.6393489164591208,3.038235640055629,1.3777548174411456,0.39163185146655555,0.39163185146655616,8.39284901354375,-7.419389133219843
s2,r0,0.3714416953097117,2.1277593757516473,1.2317004590756842,0.14173040778809765,0.14173040778809762,4.956957495966348,-16.883193563493528
s2,r1,1.7497404974359083,2.1277593757516473,2.586193820797981,0.3179728657731861,0.31797286577318534,9.349406638521218,-9.488010872981997
s2,r2,1.5382125580310733,2.1277593757516473,1.3777548174411456,0.5247130934476083,0.5247130934476086,3.5558052218473124,-4.20097184252574
s0,r0,9.011184319820627,3.295377322940622,5.501666907060532,0.4970298036913821,0.4970298036913821,28.46782592587995,-4.839714221603471
s0,r1,2.396239407872404,3.295377322940622,2.2263746866759764,0.3266079876844671,0.3266079876844665,11.557237173930577,-9.229490445022424
s0,r2,0.3320397783321077,3.295377322940622,1.393162883484466,0.07232410548873885,0.07232410548873884,9.62413401680151,-22.79328045636436
s1,r0,26.308512152492924,5.380843188377484,5.501666907060532,0.8886927947651588,0.8886927947651588,21.642914225703475,5.748204766488756
s1,r1,4.259031572969755,5.380843188377484,2.2263746866759764,0.3555185518911804,0.35551855189117976,21.543797557960765,-8.395951111077856
s1,r2,1.6727513845655955,5.380843188377484,1.393162883484466,0.22314089298580167,0.22314089298580161,25.481148548487322,-12.806705468002216
s2,r0,22.349307515535532,5.160065634540285,5.501666907060532,0.7872534137746384,0.7872534137746393,33.05872884280383,2.122250727811403
s2,r1,3.69577781557957,5.160065634540285,2.2263746866759764,0.3217009718727863,0.32170097187278607,23.471682714974925,-9.376515011584972
s2,r2,1.597414469865414,5.160065634540285,1.393162883484466,0.22220841051357293,0.2222084105135731,24.19561253810971,-12.845178360211584
s0,r0,1.980463448606529,6.0571798966434995,1.4135371388289268,0.23130719161229563,0.23130719161229515,34.203663988148556,-12.477917705919909
s0,r1,16.40091084753386,6.0571798966434995,3.8008506550398655,0.712388155659739,0.7123881556597389,33.2214175542804,0.13058943221253982
s0,r2,12.0161093163528,6.0571798966434995,3.2322788452077496,0.6137402113442894,0.6137402113442896,31.232704859517824,-2.1869838918727282
s1,r0,2.1281376848958247,5.313330989022764,1.4135371388289268,0.28335157306136577,0.28335157306136494,24.981767646168503,-10.590096627105716
s1,r1,14.377337747094462,5.313330989022764,3.8008506550398655,0.7119193528855942,0.711919352885593,24.712424842418006,0.11862726820713619
s1,r2,10.849703948337824,5.313330989022764,3.2322788452077496,0.6317455586099607,0.6317455586099604,18.310441387608236,-1.777147733314076
s2,r0,0.6223778878663494,2.059915241824703,1.4135371388289268,0.21374579511250122,0.2137457951125009,4.813252134694102,-13.15914722314674
s2,r1,2.7713250534491403,2.059915241824703,3.8008506550398655,0.3539625469537394,0.35396254695373947,11.203427551895583,-8.387326962396536
s2,r2,2.2776741463459844,2.059915241824703,3.2322788452077496,0.3420845194819192,0.34208451948191965,9.863915041714542,-8.721559076745457
s0,r0,6.28123687939615,3.145474568730282,2.8544926911892325,0.6995681977809592,0.6995681977809587,10.99040849732265,-0.18220204173049917
s0,r1,1.9669280840381864,3.145474568730282,2.0804124389050607,0.30057500378726615,0.300575003787266,9.185478451037485,-10.028927708995322
s0,r2,2.2529479879386627,3.145474568730282,2.170242007320665,0.3300325856579704,0.3300325856579698,9.810728374946448,-9.127039696376864
s1,r0,7.533607678468533,3.824886192416241,2.8544926911892325,0.6900102580632265,0.6900102580632262,9.83521040949403,-0.4152649140023176
s1,r1,3.650889669595749,3.824886192416241,2.0804124389050607,0.4588077544755468,0.4588077544755469,9.74137205706684,-5.7408987789555
s1,r2,3.9981544791290444,3.824886192416241,2.170242007320665,0.4816514668904034,0.4816514668904027,10.062960317455227,-5.199033440243182
s2,r0,4.563973806820279,3.6913863384299774,2.8544926911892325,0.43313642469083197,0.4331364246908317,10.796931401732426,-6.3650689791542385
s2,r1,4.155836601510346,3.6913863384299774,2.0804124389050607,0.5411523158347877,0.5411523158347877,12.649889410941078,-3.828647469019954
s2,r2,4.432388173005466,3.6913863384299774,2.170242007320665,0.5532738209193868,0.5532738209193859,11.44073749308607,-3.554005596136811
s0,r0,11.214031801162369,4.143179322059323,4.069400697472063,0.6651163098479363,0.6651163098479352,24.628345680080933,-1.0054370219603483
s0,r1,3.4453437510903253,4.143179322059323,2.32144960754229,0.3582115359314686,0.35821153593146815,17.439511715806805,-8.320833054342883
s0,r2,0.9572903486182883,4.143179322059323,1.2737093913000044,0.18140096744719714,0.18140096744719655,13.529079154322021,-14.682044210872718
s1,r0,16.180198450857286,5.200322376107142,4.069400697472063,0.7645803313500956,0.7645803313500948,23.442243234635423,1.4836239233267008
s1,r1,5.091483770300528,5.200322376107142,2.32144960754229,0.421749752058732,0.4217497520587317,21.96913920020327,-6.648321671196093
s1,r2,1.3958735434083895,5.200322376107142,1.2737093913000044,0.21073926350633226,0.21073926350633168,20.93605205432475,-13.327951821844975
s2,r0,1.939080317158797,1.8681951564075088,4.069400697472063,0.25506043796381495,0.25506043796381445,15.117037194810173,-11.561345420401128
s2,r1,1.5565440087687363,1.8681951564075088,2.32144960754229,0.35890532479550785,0.35890532479550724,7.13040986136539,-8.287222674720345
s2,r2,0.26149043047368625,1.8681951564075088,1.2737093913000044,0.10989127374222923,0.10989127374222889,2.932204792314257,-19.125689655665997
s0,r0,0.7943550395383648,3.656058010898392,1.5659898400250745,0.13874349711644524,0.13874349711644507,12.266624704234928,-17.071773797357462
s0,r1,2.5113621876770345,3.656058010898392,3.354897326008303,0.2047467606711716,0.2047467606711715,16.50607980409528,-13.589662952311897
s0,r2,8.001673981272022,3.656058010898392,2.627795265130245,0.8328681391233642,0.8328681391233637,7.388851932632558,3.5497695751016627
s1,r0,1.724614875051972,4.289792209821942,1.5659898400250745,0.256724272209,0.2567242722089996,16.853918528695896,-11.514700512870457
s1,r1,10.129895100067728,4.289792209821942,3.354897326008303,0.7038651428162118,0.7038651428162114,15.472333033890422,-0.07941143672346829
s1,r2,6.660131157092174,4.289792209821942,2.627795265130245,0.5908197435226719,0.5908197435226715,13.328061388341963,-2.7062743084183456
s2,r0,1.910412245305717,4.983507456292246,1.5659898400250745,0.2447952805549777,0.24479528055497737,20.097025710697018,-11.955718911091072
s2,r1,13.165961602044842,4.983507456292246,3.354897326008303,0.7874776530960133,0.7874776530960129,18.262382841909364,2.128387556054097
s2,r2,2.252260330022059,4.983507456292246,2.627795265130245,0.17198554593991563,0.17198554593991555,25.618487300876904,-15.159930065557807
s0,r0,3.1520151582671305,3.9136770393089124,2.0324890334874737,0.3962553163958093,0.3962553163958091,12.649930919727923,-7.298749053773847
s0,r1,8.686110528422036,3.9136770393089124,3.448956575125913,0.6435060593687395,0.6435060593687384,13.760844375878403,-1.507169370443605
s0,r2,3.6639987967546523,3.9136770393089124,2.602468468030483,0.3597367955776077,0.3597367955776075,15.747056993078155,-8.27843392260094
s1,r0,3.774137028558335,4.542097853102005,2.0324890334874737,0.4088207841654116,0.4088207841654115,17.35354122642713,-6.975130584104162
s1,r1,10.879727718379375,4.542097853102005,3.448956575125913,0.6945025010413322,0.6945025010413308,16.913529914973203,-0.30702799985753665
s1,r2,6.320584610581822,4.542097853102005,2.602468468030483,0.5347062825866806,0.5347062825866805,16.634587166522493,-3.9752204648578844
s2,r0,2.19647776165056,3.548685068491185,2.0324890334874737,0.3045307418286957,0.30453074182869583,12.26038817180139,-9.901799683254534
s2,r1,5.937118334742326,3.548685068491185,3.448956575125913,0.48508798695094135,0.4850879869509409,16.144676386719965,-5.113723824758925
s2,r2,5.037723338416762,3.548685068491185,2.602468468030483,0.5454831978421798,0.5454831978421799,13.77871971241738,-3.7250693566346107
s0,r0,14.93218391917007,6.15340156023467,3.8376706103785097,0.6323250352844799,0.63232503528448,32.490446758854354,-1.7637377236992955
s0,r1,4.941687676591692,6.15340156023467,3.5695454064157652,0.22498166457138216,0.22498166457138213,32.669403954769884,-12.731421441342496
s0,r2,17.117920863389763,6.15340156023467,4.117266361008564,0.6756577972252475,0.6756577972252472,38.61291618874356,-0.7571975944638747
s1,r0,15.522368631724529,6.811154351927675,3.8376706103785097,0.5938401736952101,0.5938401736952101,37.50578382848061,-2.6380329499398223
s1,r1,13.03798616623823,6.811154351927675,3.5695454064157652,0.5362618263233667,0.5362618263233667,28.249678074989053,-3.93984584570303
s1,r2,16.871320038995478,6.811154351927675,4.117266361008564,0.60161599968629,0.6016159996862898,37.604028699937814,-2.462226044919344
s2,r0,3.391572700549784,4.674492281813697,3.8376706103785097,0.18905971009299063,0.18905971009299052,22.626654722556474,-14.30991840141506
s2,r1,13.34905867703296,4.674492281813697,3.5695454064157652,0.8000244947937007,0.8000244947937005,19.309948002399256,2.5003035568524896
s2,r2,4.082180122541572,4.674492281813697,4.117266361008564,0.21210394813388342,0.21210394813388322,18.837994574544187,-13.269140534671424
s0,r0,4.892897989665859,3.53434001450658,3.4664487042052,0.3993678090657892,0.399367809065789,9.352248902089498,-7.217939703520764
s0,r1,6.467368858883313,3.53434001450658,2.4679905072083512,0.7414396695749825,0.7414396695749826,8.87986334491902,0.8670656029609959
s0,r2,0.7930553247041112,3.53434001450658,1.3416735030713605,0.16724314075744112,0.1672431407574409,9.617864542410393,-15.410143413909907
s1,r0,11.647625827378217,4.486599719740121,3.4664487042052,0.7489197918028918,0.7489197918028909,10.376799988175861,1.0629488783587246
s1,r1,5.993390764914247,4.486599719740121,2.4679905072083512,0.5412672925401296,0.5412672925401295,14.291999500418838,-3.826026344807287
s1,r2,1.748253921811251,4.486599719740121,1.3416735030713605,0.2904292433385417,0.2904292433385411,15.27404549864253,-10.35662042154441
s2,r0,6.437266013797572,2.638664249768139,3.4664487042052,0.7037729093026527,0.7037729093026526,8.694052352309752,-0.07936170707517987
s2,r1,0.9192903933077357,2.638664249768139,2.4679905072083512,0.14116437309118704,0.14116437309118712,7.910865005606534,-16.916487947851998
s2,r2,1.318468478351579,2.638664249768139,1.3416735030713605,0.37242495615599874,0.37242495615599835,4.949335186445186,-7.929930605099284
s0,r0,6.805235360841614,5.334254693420092,2.660696283852322,0.47948397708798124,0.4794839770879812,15.432015719031439,-5.249879426616966
s0,r1,16.1623637476081,5.334254693420092,4.059688422546216,0.7463429341055723,0.7463429341055723,13.448921145915213,0.9951085682018658
s0,r2,3.4128880907045906,5.334254693420092,1.8636866230870048,0.3433012714624693,0.34330127146246964,19.086521823151244,-8.741789219694411
s1,r0,6.79812581387834,5.137758922328287,2.660696283852322,0.4973019620524599,0.4973019620524601,17.13757110919973,-4.833771752141101
s1,r1,15.757988709760918,5.137758922328287,4.059688422546216,0.7554998104475703,0.7554998104475709,8.423074878018326,1.237882561263736
s1,r2,3.0838340800874295,5.137758922328287,1.8636866230870048,0.3220656396059211,0.3220656396059216,18.681746410438958,-9.365537160946241
s2,r0,1.5649043582446107,2.1422777844138223,2.660696283852322,0.2745470065522806,0.2745470065522806,7.2137688923108,-10.846304401003225
s2,r1,2.625080158587725,2.1422777844138223,4.059688422546216,0.3018381164751508,0.3018381164751509,14.080026017040371,-9.947345890055157
s2,r2,0.8762745164804511,2.1422777844138223,1.8636866230870048,0.2194782606160476,0.21947826061604786,4.464685117955516,-12.919198433025207
s0,r0,1.80947140111427,4.68903269653179,1.218194653082332,0.31677563735553815,0.3167756373555382,18.874275575995476,-9.525819404524034
s0,r1,9.884626336383592,4.68903269653179,3.1371816723902515,0.6719505694105525,0.6719505694105522,20.349118691396413,-0.8448270600744074
s0,r2,5.648387158338372,4.68903269653179,2.18424940926493,0.5514916851737757,0.5514916851737762,19.205777862715685,-3.5944479288992595
s1,r0,1.4451555360742443,3.9955005302555806,1.218194653082332,0.2969112882471948,0.29691128824719454,13.726606130722942,-10.146718698266675
s1,r1,9.50478840182341,3.9955005302555806,3.1371816723902515,0.7582834740441075,0.7582834740441065,18.876106803918706,1.312698373647102
s1,r2,4.595171869349161,3.9955005302555806,2.18424940926493,0.5265363275339205,0.5265363275339204,12.945678141915097,-4.161387722305513
s2,r0,0.32508840101618375,2.376014042053677,1.218194653082332,0.11231448820413371,0.11231448820413367,4.94244208833416,-18.899380123192458
s2,r1,2.5847429531900556,2.376014042053677,3.1371816723902515,0.3467597553299285,0.34675975532992814,10.217911400667662,-8.579999046399676
s2,r2,1.2139772987014337,2.376014042053677,2.18424940926493,0.23391568049986355,0.23391568049986364,8.344969407254698,-12.322516206649455
s0,r0,2.123132736891426,3.5572750885450644,2.1156473602615797,0.28210865824102505,0.28210865824102477,12.343292627186594,-10.62822789558168
s0,r1,2.0859158537308446,3.5572750885450644,3.9386878195321526,0.14887705659924544,0.14887705659924538,20.30008541894711,-16.444888627718147
s0,r2,2.1730997041697737,3.5572750885450644,1.1503661203412852,0.5310386352228097,0.5310386352228097,13.022001877326394,-4.057325458507634
s1,r0,4.273307795847208,4.769400930184854,2.1156473602615797,0.4235035572717535,0.42350355727175304,21.92183938505478,-6.604205645591428
s1,r1,13.719744456422472,4.769400930184854,3.9386878195321526,0.7303493216629391,0.7303493216629388,15.882157906161416,0.5828172903160471
s1,r2,0.6385579415547659,4.769400930184854,1.1503661203412852,0.11638590706503518,0.1163859070650352,22.92662709160294,-18.619837698765803
s2,r0,3.6092357256107754,4.938327933644925,2.1156473602615797,0.3454554438238068,0.3454554438238063,20.271832467559676,-8.679736359295617
s2,r1,14.55956925300043,4.938327933644925,3.9386878195321526,0.7485434944551423,0.7485434944551417,22.742828664626167,1.0531993573487082
s2,r2,0.28626032552722236,4.938327933644925,1.1503661203412852,0.0503900920666874,0.05039009206668737,22.68996249669306,-25.944248971369525
s0,r0,2.439815497313269,4.424910371629699,3.8472713422064078,0.14331765374774172,0.14331765374774147,30.637273246143582,-16.783910063829076
s0,r1,15.178399466359082,4.424910371629699,4.069448820204044,0.8429191280290091,0.8429191280290089,18.208096179721963,3.89941919291722
s0,r2,2.6670830503922955,4.424910371629699,2.490720100080409,0.24199541385367632,0.24199541385367615,19.136887961953406,-12.061796748688211
s1,r0,11.616699261950451,5.518978606347797,3.8472713422064078,0.5471056731984832,0.547105673198483,37.119590689776544,-3.6936794760001317
s1,r1,15.50139763866947,5.518978606347797,4.069448820204044,0.690202543430811,0.6902025434308113,25.4076903452966,-0.41048954604548815
s1,r2,5.754526173577445,5.518978606347797,2.490720100080409,0.4186257451858394,0.41862574518583934,24.242106920550786,-6.726701398521393
s2,r0,12.752470553999544,3.8844043642853037,3.8472713422064078,0.8533301264557156,0.8533301264557132,17.02667850197707,4.283630933130928
s2,r1,2.169227785750236,3.8844043642853037,4.069448820204044,0.13722875852248526,0.13722875852248503,14.926300025611724,-17.16807135828461
s2,r2,2.9582180761002164,3.8844043642853037,2.490720100080409,0.3057601111337728,0.30576011113377227,17.198596201836633,-9.86522726293341
s0,r0,4.971081428063464,4.390283420297747,3.022010312733144,0.3746816097813763,0.3746816097813757,17.07741142544626,-7.869774127317763
s0,r1,8.648612774757849,4.390283420297747,3.163982977722902,0.6226152544204545,0.6226152544204543,15.758325445333181,-1.9856152657290338
s0,r2,9.649061199487846,4.390283420297747,3.8951849583162717,0.5642407120452775,0.5642407120452767,14.172121004154619,-3.3062167727780354
s1,r0,8.504387382443163,5.848386026522279,3.022010312733144,0.4811838710136215,0.48118387101362103,28.622374555389236,-5.210003761149765
s1,r1,10.220321531194772,5.848386026522279,3.163982977722902,0.5523246039406113,0.5523246039406114,21.43036379375476,-3.575572706053616
s1,r2,14.397516179106011,5.848386026522279,3.8951849583162717,0.632009286939862,0.6320092869398616,24.67995397260616,-1.7711280083312908
s2,r0,6.336491277400278,4.340565439441272,3.022010312733144,0.4830661333592197,0.4830661333592186,16.7170564143839,-5.130438655076329
s2,r1,3.575413343229749,4.340565439441272,3.163982977722902,0.260342943101546,0.2603429431015457,18.636411992143255,-11.357901292893501
s2,r2,6.540943962300727,4.340565439441272,3.8951849583162717,0.38687087510056334,0.3868708751005625,24.458110651262167,-7.513850686942426
s0,r0,1.1606071650894025,1.872342427901231,2.7075604564608287,0.22894006724895274,0.22894006724895274,8.929030647522913,-12.57116994821569
s0,r1,0.056405689145287624,1.872342427901231,1.261682908638936,0.02387742068101858,0.023877420681018564,4.296524488117992,-32.451417105158505
s0,r2,0.3514420341269174,1.872342427901231,3.3585236566942664,0.05588818598562058,0.05588818598562055,13.252012463878343,-25.041134327244762
s1,r0,6.201617985996149,4.077233332567548,2.7075604564608287,0.5617735428007327,0.5617735428007319,14.598853975436333,-3.3619087642244874
s1,r1,0.8136510761671482,4.077233332567548,1.261682908638936,0.15816938180503212,0.1581693818050318,15.594968591133021,-15.90798893664607
s1,r2,8.14390804433607,4.077233332567548,3.3585236566942664,0.5947286816657731,0.5947286816657722,14.75033436265007,-2.6179312985288608
s2,r0,6.6929935909202145,4.494263522392714,2.7075604564608287,0.5500266248429647,0.5500266248429642,16.160819596901177,-3.627473484530486
s2,r1,0.7657712426207822,4.494263522392714,1.261682908638936,0.13504866621218065,0.13504866621218037,17.535118802459124,-17.30958770367834
s2,r2,8.853896044266651,4.494263522392714,3.3585236566942664,0.5865802995387548,0.5865802995387543,14.428684943232168,-2.801844162029297
s0,r0,0.7214288365457235,2.1897791108117124,3.8732168714768833,0.08505921575727125,0.08505921575727118,16.29987597406922,-21.370580995542284
s0,r1,1.9886879014425176,2.1897791108117124,5.836690610993908,0.15559643779414023,0.15559643779414015,32.495249086196644,-16.051036394459473
s0,r2,0.38074410619679805,2.1897791108117124,2.081338083235326,0.08353918807074127,0.08353918807074112,7.493635032672052,-21.52819877500389
s1,r0,13.383256259093935,7.176670325601683,3.8732168714768833,0.4814675062195199,0.4814675062195195,39.08995204140004,-5.203304700586063
s1,r1,33.59341099875961,7.176670325601683,5.836690610993908,0.8019816545099554,0.8019816545099553,15.493006285435289,2.55877809467501
s1,r2,3.866630335914963,7.176670325601683,2.081338083235326,0.2588612396348069,0.2588612396348065,39.86930897008824,-11.437383506653097
s2,r0,16.646445860927457,7.219357706790988,3.8732168714768833,0.5953209235487914,0.5953209235487908,38.05056346363867,-2.603203004793956
s2,r1,28.441405413210166,7.219357706790988,5.836690610993908,0.6749720960194868,0.6749720960194867,26.376999796071235,-0.7718416535647308
s2,r2,3.9628110796437643,7.219357706790988,2.081338083235326,0.26373160445410665,0.2637316044541063,47.033080563818324,-11.262980225858868
s0,r0,1.5488195874650634,3.216791365829441,1.5787196982016167,0.30498108852135625,0.30498108852135597,6.899899913874062,-9.890199826151923
s0,r1,5.730073619982866,3.216791365829441,2.485409342633377,0.7167032616315782,0.7167032616315765,6.233987656776737,0.23781477586186686
s0,r2,2.418222620356292,3.216791365829441,2.35610226278665,0.3190650601468483,0.3190650601468478,9.9629113826874,-9.45579097677458
s1,r0,2.0440062395752507,3.4935141289021017,1.5787196982016167,0.3706079108360473,0.3706079108360472,8.655124528878952,-7.980094921734477
s1,r1,5.5705446634856255,3.4935141289021017,2.485409342633377,0.6415599282264447,0.6415599282264434,8.445185930709789,-1.5520031115074082
s1,r2,3.7181372373587,3.4935141289021017,2.35610226278665,0.451719433952559,0.45171943395255837,9.53198298579502,-5.911512728799013
s2,r0,0.9519935146858775,2.109298071138837,1.5787196982016167,0.2858847612899588,0.28588476128995877,4.351923911211421,-10.500245661906932
s2,r1,1.2192459109060196,2.109298071138837,2.485409342633377,0.23257092795627302,0.2325709279562726,7.00059846157205,-12.4218213356402
s2,r2,1.7949843577108184,2.109298071138837,2.35610226278665,0.36118406075260723,0.3611840607526069,7.0686231592843045,-8.232706370461676
s0,r0,16.442424127147696,4.574242691706141,4.113031763607795,0.8739459622180903,0.8739459622180896,24.5279651006601,5.0992738525255135
s0,r1,2.2766767153595957,4.574242691706141,2.6141385028489723,0.1903941364033835,0.19039413640338354,17.337396432900764,-14.246010431768362
s0,r2,0.42323327771653896,4.574242691706141,1.6626737102333375,0.055648514424762846,0.05564851442476273,21.51966104841198,-25.080961836121478
s1,r0,15.340667610663795,5.035085834288996,4.113031763607795,0.7407562393048822,0.7407562393048814,15.63295543914136,0.8490467983843086
s1,r1,6.000500082758182,5.035085834288996,2.6141385028489723,0.4558815055482682,0.4558815055482682,17.885876327663524,-5.811156196971124
s1,r2,1.0496128242243414,5.035085834288996,1.6626737102333375,0.1253762338260147,0.12537623382601434,20.529942059658445,-17.96688995617871
s2,r0,5.228590408034986,4.409276043123917,4.113031763607795,0.2883070548612407,0.28830705486124036,23.38902444738564,-10.425704061791837
s2,r1,6.5023519439945465,4.409276043123917,2.6141385028489723,0.564124017058267,0.5641240170582664,17.472043055427424,-3.3085999716953967
s2,r2,1.5120908858964288,4.409276043123917,1.6626737102333375,0.20625456860452904,0.2062545686045284,15.80146699970527,-13.522445178917271
s0,r0,24.684456154549576,5.544810694548822,4.989298218717609,0.8922722297506173,0.8922722297506174,24.246780156842785,5.918391600865507
s0,r1,4.160620196950256,5.544810694548822,2.4289715513823964,0.3089220592654693,0.308922059265469,28.767412063989724,-9.767472527225971
s0,r2,2.6349960905209113,5.544810694548822,2.421984203207013,0.1962103649111014,0.19621036491110128,24.8275245333268,-13.975152843527727
s1,r0,24.082180313474357,5.819120683193648,4.989298218717609,0.8294667401758313,0.8294667401758309,12.320341972271859,3.4346424606508807
s1,r1,5.667148545924535,5.819120683193648,2.4289715513823964,0.4009450018563356,0.40094500185633497,24.012383536951493,-7.177195099977611
s1,r2,5.165082363106931,5.819120683193648,2.421984203207013,0.3664785672024205,0.3664785672024201,20.69066558291016,-8.092682559393507
s2,r0,4.5679650023453195,3.9691785202016625,4.989298218717609,0.23066551543714278,0.2306655154371427,21.199753341110707,-12.498903355712795
s2,r1,2.624101847889462,3.9691785202016625,2.4289715513823964,0.2721808878131282,0.2721808878131279,15.787830290811058,-10.965623733001399
s2,r2,6.079894387050211,3.9691785202016625,2.421984203207013,0.632446941378703,0.6324469413787022,11.329108197340322,-1.754703736236116
s0,r0,12.654707484184744,4.587977879957459,3.9061880066245505,0.706118602802788,0.7061186028027866,17.53474150345072,-0.023264122644099383
s0,r1,0.6844650054482111,4.587977879957459,1.6783634730494117,0.08888815959398846,0.08888815959398838,16.602671853358835,-20.987629921052047
s0,r2,9.172414549801053,4.587977879957459,3.132735574668348,0.6381732855651031,0.638173285565103,18.631336861904874,-1.6289248449911393
s1,r0,14.8893587134064,4.971169133831567,3.9061880066245505,0.7667685853023437,0.7667685853023425,18.30499649135826,1.5436914448702193
s1,r1,1.833030521548567,4.971169133831567,1.6783634730494117,0.21969751154943437,0.2196975115494343,18.988691373624068,-12.948679610803735
s1,r2,9.179604616378,4.971169133831567,3.132735574668348,0.5894428410739124,0.5894428410739126,23.32574407443006,-2.7373301507209913
s2,r0,2.2280208108423643,2.16276950990492,3.9061880066245505,0.2637277699289133,0.2637277699289124,11.114549132973552,-11.260429140674129
s2,r1,1.2393599324423565,2.16276950990492,1.6783634730494117,0.34142961946769607,0.34142961946769534,5.842995508304207,-8.792051064317734
s2,r2,1.1394729580360514,2.16276950990492,3.132735574668348,0.1681783338973581,0.16817833389735778,10.189082160125226,-15.357404315339451
s0,r0,7.812480131057454,4.027210787081753,3.1332973641447395,0.619131572011533,0.619131572011532,12.339897525668208,-2.06402996766211
s0,r1,2.5800061036832678,4.027210787081753,1.6879448882531867,0.3795404858504117,0.3795404858504115,13.310680862022643,-7.738230204039791
s0,r2,4.9912841448620275,4.027210787081753,2.2920739356522115,0.5407285618738118,0.5407285618738111,15.277684572207027,-3.8373308193558224
s1,r0,9.024508807980204,3.978498650025572,3.1332973641447395,0.7239402855627902,0.723940285562789,9.593664960779902,0.41880170739149986
s1,r1,2.5504086595322035,3.978498650025572,1.6879448882531867,0.3797801804850255,0.37978018048502526,11.812797833891123,-7.732908379947094
s1,r2,5.005605792045203,3.978498650025572,2.2920739356522115,0.5489196867901772,0.5489196867901767,9.719074992071002,-3.65264937200587
s2,r0,2.5882248350554753,1.6962813467437865,3.1332973641447395,0.48697032882982627,0.48697032882982555,8.268841406815694,-5.068459682632106
s2,r1,0.44071928741270733,1.6962813467437865,1.6879448882531867,0.15392384663989833,0.1539238466398983,4.534432236120511,-16.14213491924638
s2,r2,1.1382164210203585,1.6962813467437865,2.2920739356522115,0.29275096674363793,0.2927509667436376,5.550046588576232,-10.274759087887947
s0,r0,5.40791436533251,4.515653189123714,4.948262363981735,0.24202292621721097,0.24202292621721133,24.4840448953955,-12.055658471621193
s0,r1,3.503935336509979,4.515653189123714,2.2274804766081844,0.3483546377174788,0.3483546377174785,15.613931864522776,-8.59303311288165
s0,r2,5.707536890572052,4.515653189123714,2.3824739312554595,0.5305178366760959,0.5305178366760949,17.397776018130028,-4.063007480214818
s1,r0,19.75335181123666,5.424176991837279,4.948262363981735,0.735960029253011,0.7359600292530114,13.738808338347491,0.7250245525094737
s1,r1,5.023372382585976,5.424176991837279,2.2274804766081844,0.41576470178884467,0.4157647017888441,21.39595311021944,-6.798768258120723
s1,r2,5.570878025601997,5.424176991837279,2.3824739312554595,0.43108373810819056,0.4310837381081896,24.387253729320097,-6.415877154613721
s2,r0,19.364503280932563,4.50341318824304,4.948262363981735,0.8689841348832895,0.8689841348832903,19.74718628251019,4.891584768099903
s2,r1,2.5093055640721147,4.50341318824304,2.2274804766081844,0.2501484683488086,0.2501484683488083,17.36779370844346,-11.755669588256334
s2,r2,2.3346616533132734,4.50341318824304,2.3824739312554595,0.21759754812478324,0.2175975481247827,17.11200114245873,-13.036250969367865
s0,r0,0.25054223210102017,2.1821608967374115,1.5299122137779972,0.07504601941072463,0.07504601941072432,6.05960066423702,-22.466985396122393
s0,r1,2.7517317614899843,2.1821608967374115,2.6899426408139435,0.46878780784098517,0.46878780784098506,6.985436747406874,-5.502177411003387
s0,r2,0.3175905135407158,2.1821608967374115,1.0624101971467905,0.13698989156723212,0.13698989156723176,4.0457015624752675,-17.181778937499782
s1,r0,1.965025256322858,3.201377173454665,1.5299122137779972,0.4012035627327465,0.40120356273274516,8.68902315956766,-7.1705848124830895
s1,r1,6.407814541948966,3.201377173454665,2.6899426408139435,0.7440978853338699,0.74409788533387,9.161135300064183,0.9361607804013186
s1,r2,0.9867960342002113,3.201377173454665,1.0624101971467905,0.29013379653851396,0.29013379653851334,8.35057437130381,-10.366395120617147
s2,r0,2.228181572518642,2.771815251466889,1.5299122137779972,0.5254359533382987,0.5254359533382972,7.30278381978827,-4.179516703946791
s2,r1,3.699131758510874,2.771815251466889,2.6899426408139435,0.49612658703433027,0.49612658703433055,9.9171371325679,-4.853906567792956
s2,r2,0.8252912391548585,2.771815251466889,1.0624101971467905,0.28025329304802826,0.2802532930480279,6.705728671446397,-10.691630523333842
