s0,r0,0.09438269526691608,9.354586143972389,5.219765309753446,0.0019329330854853007,0.001932933085485298,108.99125994761816,-54.116369947204895
s0,r1,-1.42255029159911,9.354586143972389,4.724503063372932,-0.03218747547175837,-0.03218747547175834,94.06231623504448,-29.854813258274472
s0,r2,-1.1546626415254664,9.354586143972389,5.470817383016856,-0.022562037558603087,-0.022562037558603087,97.07231998208887,-43.59366401669214
s1,r0,-0.7075334370171602,5.814986610511592,5.219765309753446,-0.023310268339217875,-0.023310268339217927,45.81299566819123,-32.64696568301962
s1,r1,-0.020148345662125478,5.814986610511592,4.724503063372932,-0.0007333892485812166,-0.0007333892485812104,30.120076009238,-62.6355518432164
s1,r2,-0.2223613340873546,5.814986610511592,5.470817383016856,-0.006989696743097234,-0.006989696743097239,58.578026541477,-42.206390915084
s2,r0,-0.4521006051573518,8.701712387434714,5.219765309753446,-0.009953581730854767,-0.009953581730854784,73.86043934047373,-40.034618674797215
s2,r1,0.015554569073658738,8.701712387434714,4.724503063372932,0.00037835294975440044,0.0003783529497543983,56.15961280206327,-68.3855398175105
s2,r2,0.5403743176077533,8.701712387434714,5.470817383016856,0.011351094968864987,0.011351094968865001,87.23640445876482,-39.90359296828405
s0,r0,-0.291922775245342,5.554644832054962,5.254825015206626,-0.010001230240507582,-0.010001230240507588,42.820366059139275,-39.99630257181269
s0,r1,-1.019651941852653,5.554644832054962,6.000090629906567,-0.03059411150749705,-0.03059411150749706,45.93187549659775,-30.287156917755592
s0,r2,0.2049551110092553,5.554644832054962,6.030233880537467,0.006118828789252949,0.006118828789252937,62.48566498519136,-34.50256931803088
s1,r0,-0.4573086236795904,7.2132782951180054,5.254825015206626,-0.012064753260737015,-0.012064753260737008,50.83287582687656,-38.36862331892874
s1,r1,-1.1374710576289908,7.2132782951180054,6.000090629906567,-0.02628148233182076,-0.026281482331820778,56.856905420586145,-31.605839232989794
s1,r2,-0.021126727145223546,7.2132782951180054,6.030233880537467,-0.0004856969529829757,-0.00048569695298299957,76.96356137747544,-50.82446203668805
s2,r0,-0.5197085869519468,5.104540102573436,5.254825015206626,-0.019375147339212438,-0.01937514733921242,37.45472222121264,-34.25335869435266
s2,r1,-0.659129812449458,5.104540102573436,6.000090629906567,-0.021520706508636536,-0.021520706508636533,46.29864900089594,-33.34135174828927
s2,r2,0.8627652873500312,5.104540102573436,6.030233880537467,0.02802863104578493,0.028028631045784902,50.321900925387155,-29.75322396798638
s0,r0,-0.20695668729627686,6.102085773393881,3.8015590942203223,-0.008921531439676621,-0.008921531439676627,30.785061400381522,-40.99236059381096
s0,r1,0.38043893227859127,6.102085773393881,3.417310796023839,0.018244088385190052,0.01824408838518999,39.17387447027524,-34.75681165008754
s0,r2,-0.1492216216763264,6.102085773393881,5.877523629497508,-0.004160629687964139,-0.004160629687964136,64.63779214555666,-42.38242563302895
s1,r0,0.42992629876359323,4.391457709493672,3.8015590942203223,0.025752746998845392,0.0257527469988454,20.351030969817973,-31.78082997605586
s1,r1,-0.07806364717066036,4.391457709493672,3.417310796023839,-0.005201824004922064,-0.005201824004922059,19.96926094080654,-45.65756125422648
s1,r2,0.3506273081159569,4.391457709493672,5.877523629497508,0.013584468432571798,0.01358446843257178,41.91822294028099,-38.75174317876447
s2,r0,0.348803360786521,7.9166848243088115,3.8015590942203223,0.011589789805346402,0.011589789805346414,48.75379263963262,-38.71564927178368
s2,r1,-0.15940338419823305,7.9166848243088115,3.417310796023839,-0.005892094497626651,-0.0058920944976266305,58.04705913180074,-44.61420771920799
s2,r2,0.9700142209250187,7.9166848243088115,5.877523629497508,0.020846846190878857,0.020846846190878846,88.1584334819851,-30.91427456192443
s0,r0,0.562928040036097,5.328761957068326,3.6484309550415412,0.028954790692816944,0.028954790692816975,30.0781057753229,-30.762008866762063
s0,r1,0.033948978266018046,5.328761957068326,4.690911530655011,0.001358135638917634,0.0013581356389176266,33.5880670817318,-57.26052725639746
s0,r2,-0.34879474180136255,5.328761957068326,4.481005982568472,-0.014607237322857297,-0.014607237322857305,40.600300580910314,-40.74143337378204
s1,r0,-0.013937211013514361,3.7724998052741037,3.6484309550415412,-0.0010126060494041287,-0.0010126060494041226,19.701388566287566,-59.857243304844026
s1,r1,-0.23977303460782673,3.7724998052741037,4.690911530655011,-0.013549206800845958,-0.013549206800845957,22.34091950222608,-37.3587858544952
s1,r2,-0.09074851517001321,3.7724998052741037,4.481005982568472,-0.005368275281513749,-0.005368275281513745,27.356178485932656,-41.3852024253501
s2,r0,-0.7302603336153215,6.065365876974311,3.6484309550415412,-0.0330000483157041,-0.033000048315704085,35.505532785400355,-29.624868984459432
s2,r1,1.169397551071373,6.065365876974311,4.690911530655011,0.04110057843441706,0.04110057843441703,39.892986606687515,-27.715520234130267
s2,r2,-0.47870317456549516,6.065365876974311,4.481005982568472,-0.017613018050240632,-0.01761301805024062,53.80615180745034,-34.185087727650966
s0,r0,2.682936078138538,9.98622898727247,5.360409346002273,0.05011997544156968,0.050119975441569674,67.73025448361778,-25.98207365346153
s0,r1,-0.13822754075926103,9.98622898727247,4.953361898943348,-0.002794428499326594,-0.0027944284993266172,97.14470147807171,-51.14560195868425
s0,r2,-0.7473506123035937,9.98622898727247,6.561782719803043,-0.011405150718576392,-0.011405150718576392,100.93001924716278,-50.605820176752566
s1,r0,0.6543001575030594,6.372249170573156,5.360409346002273,0.019155183630063854,0.019155183630063844,67.69996620554052,-34.354789715149735
s1,r1,-0.06263063242518926,6.372249170573156,4.953361898943348,-0.001984239032049037,-0.0019842390320490176,40.33050004049797,-54.00902181201288
s1,r2,-0.16246576159604484,6.372249170573156,6.561782719803043,-0.0038855030643491317,-0.0038855030643491326,60.09964178318272,-43.902189815505245
s2,r0,0.26439392758164926,6.1197602902989985,5.360409346002273,0.00805970431798829,0.008059704317988296,41.3561036430732,-41.87844795327692
s2,r1,0.6099089471463596,6.1197602902989985,4.953361898943348,0.02012011848228372,0.020120118482283705,43.37534647837949,-33.92819180241869
s2,r2,0.7904092478287,6.1197602902989985,6.561782719803043,0.01968320230119351,0.019683202301193546,45.441566023068695,-34.67538084963966
s0,r0,-0.9057864562751838,7.684473295904262,6.382762993141589,-0.018467282744655446,-0.01846728274465545,79.45009104228778,-34.666540424752554
s0,r1,-1.150501543766512,7.684473295904262,4.275672472097359,-0.0350161722783105,-0.03501617227831046,68.81438406523715,-29.112938531647472
s0,r2,1.2763684567127473,7.684473295904262,9.636328572624446,0.017236550544399026,0.017236550544399022,106.08953432983324,-32.804801265348495
s1,r0,0.5824265399233379,10.09772041759557,6.382762993141589,0.00903668400937066,0.009036684009370684,89.63517525625002,-40.87284140760146
s1,r1,-0.6206964900200008,10.09772041759557,4.275672472097359,-0.01437644535340744,-0.014376445353407444,101.54880304429257,-36.83499993526084
s1,r2,-0.6051062435262551,10.09772041759557,9.636328572624446,-0.006218658274493597,-0.0062186582744936025,157.57536557836158,-39.29218758199282
s2,r0,0.40976608546489013,9.938175175232121,6.382762993141589,0.006459823394858551,0.006459823394858555,96.67845799470062,-43.79014033251144
s2,r1,0.6212699179761805,9.938175175232121,4.275672472097359,0.014620736434340214,0.014620736434340215,90.37843377669225,-36.70459948933081
s2,r2,-3.15037562592574,9.938175175232121,9.636328572624446,-0.03289607561983149,-0.03289607561983148,117.1802906788361,-28.644892104485816
s0,r0,-0.548700907373768,7.2835300151275195,8.593045976702808,-0.008766911624369095,-0.008766911624369104,78.25713027736022,-41.083262368003716
s0,r1,-0.037931462599338606,7.2835300151275195,2.92687351225653,-0.0017793186069315538,-0.001779318606931546,47.45415613252355,-55.380229891474926
s0,r2,-0.24559645556259463,7.2835300151275195,2.2946893921351323,-0.014694549376503363,-0.014694549376503349,41.12514409731412,-36.68158326424614
s1,r0,-0.851060247266018,5.381094859069378,8.593045976702808,-0.018405283943693094,-0.018405283943693115,75.97627751653607,-34.68280961847245
s1,r1,-0.05156652947190119,5.381094859069378,2.92687351225653,-0.003274110263310529,-0.003274110263310526,30.251416160309848,-49.820368265615286
s1,r2,-0.1329528140487789,5.381094859069378,2.2946893921351323,-0.01076720490595077,-0.010767204905950756,25.35639171314202,-39.37829251498514
s2,r0,1.8659033747181881,5.498616195469016,8.593045976702808,0.03949013403610817,0.03949013403610822,61.74701834827837,-28.062711272740586
s2,r1,0.6109562628145176,5.498616195469016,2.92687351225653,0.03796232123021151,0.03796232123021146,23.869444290200796,-28.407413176815677
s2,r2,-0.09894103193704783,5.498616195469016,2.2946893921351323,-0.007841499530194144,-0.007841499530194142,28.39043531769401,-42.108542271805845
s0,r0,-0.6839402308902067,6.792630146623218,8.155442925095562,-0.012346180718392016,-0.012346180718392039,61.72335420177686,-38.068848520895
s0,r1,0.35295245306474315,6.792630146623218,2.755262332850602,0.018858853263963103,0.018858853263963134,42.65789845620272,-34.407244635897236
s0,r2,0.3620459564791598,6.792630146623218,4.052565524724304,0.013152117725616605,0.013152117725616634,53.6989786108577,-37.67426697540629
s1,r0,1.3341756278646857,5.160488440498299,8.155442925095562,0.031701122518717616,0.03170112251871763,58.903987675744915,-29.982086617004267
s1,r1,0.09572068048156358,5.160488440498299,2.755262332850602,0.006732122543972519,0.006732122543972534,23.179935297049933,-43.387938837187875
s1,r2,-0.33411669762598273,5.160488440498299,4.052565524724304,-0.015976341130283428,-0.01597634113028343,28.879313723018313,-35.91807883336976
s2,r0,1.4477068152894637,6.591714139158884,8.155442925095562,0.0269298975375515,0.026929897537551595,63.21954981162644,-31.376978232422854
s2,r1,1.200648240263039,6.591714139158884,2.755262332850602,0.06610806850770053,0.06610806850770073,36.15256730140567,-23.5825708987983
s2,r2,0.4063942349014658,6.591714139158884,4.052565524724304,0.01521314931014321,0.015213149310143257,36.930313245463125,-36.33688557868742
s0,r0,-0.22619957941531837,6.380019245220757,7.445582903190604,-0.004761799451477102,-0.004761799451477105,63.51126564926407,-46.23411066206943
s0,r1,-0.47932550366677606,6.380019245220757,2.6957633311816114,-0.027869346612854656,-0.02786934661285462,40.67919266027044,-31.181068226563454
s0,r2,0.45224716981712176,6.380019245220757,5.1554008555562,0.01374964323768435,0.013749643237684366,56.08942237244074,-37.22169510657773
s1,r0,-0.7750698069108614,5.9233253475682135,7.445582903190604,-0.017574238985003546,-0.01757423898500355,43.75150249685492,-35.08680134984546
s1,r1,-0.7768325477102904,5.9233253475682135,2.6957633311816114,-0.04864968853692634,-0.04864968853692622,27.09885379614358,-26.260750691010593
s1,r2,-0.2748145004439043,5.9233253475682135,5.1554008555562,-0.008999359840102375,-0.008999359840102378,37.60091070987312,-40.91629014115089
s2,r0,0.9086636605421023,6.432007090329411,7.445582903190604,0.018973958303660738,0.01897395830366075,57.685246433708556,-34.45011315638418
s2,r1,-0.10676551319463855,6.432007090329411,2.6957633311816114,-0.006157475831547787,-0.0061574758315477785,38.41057846253228,-44.33917488415984
s2,r2,-0.1878280568045588,6.432007090329411,5.1554008555562,-0.005664368666299393,-0.005664368666299404,52.9286838288318,-44.93840215940887
s0,r0,2.100533928248088,7.080501826421931,8.23879399015368,0.036008250239467,0.036008250239467014,94.19439013148066,-28.88688197842559
s0,r1,-0.20165909801515608,7.080501826421931,1.9750556877390495,-0.014420304660141927,-0.014420304660141887,51.778550195768474,-36.89424400661177
s0,r2,-0.3223730490708452,7.080501826421931,3.769903493166193,-0.012077149852551698,-0.012077149852551691,35.74375015465605,-38.318856439844495
s1,r0,-0.15523582918575574,6.394363052447656,8.23879399015368,-0.0029466668118966455,-0.0029466668118966538,69.67787740350674,-50.5209364793104
s1,r1,-0.06635878125459836,6.394363052447656,1.9750556877390495,-0.005254383475848975,-0.005254383475848968,36.78726403540254,-45.652834002460054
s1,r2,-0.02013590895272157,6.394363052447656,3.769903493166193,-0.0008353023736933018,-0.0008353023736933024,34.68010794079755,-61.33570777007361
s2,r0,0.6575310437911701,7.551599981470337,8.23879399015368,0.010568507053521487,0.010568507053521487,75.18748373141084,-39.52521903563534
s2,r1,-0.42756852200542533,7.551599981470337,1.9750556877390495,-0.028667340346286884,-0.028667340346286832,52.80627846760192,-30.851650342323026
s2,r2,-0.37170164982566756,7.551599981470337,3.769903493166193,-0.013056455091506438,-0.013056455091506419,45.587420842256755,-37.679604839186034
s0,r0,0.5422018693755468,6.453676615819352,7.146383681038781,0.011756213961329292,0.011756213961329327,46.708813181208974,-38.62706815275558
s0,r1,-0.446591221127358,6.453676615819352,2.8788446657696074,-0.02403724830134398,-0.024037248301343975,46.574438629511576,-32.40452845902387
s0,r2,0.19936719772341,6.453676615819352,3.2981224800641256,0.009366551494223154,0.009366551494223148,44.343873715735924,-40.556900554360844
s1,r0,0.16189778779775205,5.424397646410982,7.146383681038781,0.004176409417496915,0.004176409417496934,49.00073224863308,-47.65398996691502
s1,r1,0.24146534449546733,5.424397646410982,2.8788446657696074,0.015462690309551896,0.015462690309551906,24.922532342517577,-36.18246685271527
s1,r2,-0.2171895955876882,5.424397646410982,3.2981224800641256,-0.012140056783301998,-0.012140056783302013,34.335972106949505,-38.32038241387491
s2,r0,0.9573404903607776,7.961699123385157,7.146383681038781,0.016825746327700685,0.016825746327700737,93.24429775592512,-35.47330899758121
s2,r1,0.37329286499685377,7.961699123385157,2.8788446657696074,0.016286422442137165,0.01628642244213719,54.19302052035577,-35.77101057422572
s2,r2,0.01747843758147838,7.961699123385157,3.2981224800641256,0.0006656256770678438,0.0006656256770678545,60.843573643450824,-63.47234185867143
s0,r0,-1.5441943423601114,6.520097595554524,5.477601519981964,-0.04323718640040244,-0.043237186400402486,56.51352716888948,-27.249569325591562
s0,r1,-0.6278964627484661,6.520097595554524,2.3045965239800377,-0.04178679259061224,-0.04178679259061239,39.11847099381573,-27.600574857097264
s0,r2,-0.28840653665585425,6.520097595554524,2.957537853583699,-0.014956180263360402,-0.014956180263360394,45.30636484512489,-36.436758646109574
s1,r0,-0.648281869620388,5.215946475569636,5.477601519981964,-0.022690303995014295,-0.02269030399501428,28.318818969464154,-32.8869340083189
s1,r1,-0.2432324720919677,5.215946475569636,2.3045965239800377,-0.020234548818756522,-0.020234548818756568,22.34342611434641,-33.86612209343502
s1,r2,0.0390428394754277,5.215946475569636,2.957537853583699,0.002530917315717449,0.0025309173157174528,24.358668794256424,-51.87265397866878
s2,r0,-0.7497590104646523,5.442311442782943,5.477601519981964,-0.025150572029674204,-0.0251505720296742,35.4545599609452,-31.984887552887024
s2,r1,-0.3458050166552575,5.442311442782943,2.3045965239800377,-0.027571030310223527,-0.02757103031022356,17.73758419843259,-31.18908305370893
s2,r2,-0.07663981764619186,5.442311442782943,2.957537853583699,-0.004761466790967179,-0.004761466790967174,27.357627597750188,-46.436477772293294
s0,r0,-0.752815052619645,4.575341901551569,4.321363710488149,-0.03807535143841341,-0.038075351438413375,26.826852539346827,-28.382610140720065
s0,r1,0.23796016976211717,4.575341901551569,3.013296997586309,0.017259919986543387,0.0172599199865434,22.427517828883204,-35.24281371020526
s0,r2,-0.7219313520669545,4.575341901551569,2.952493784946367,-0.05344208058348872,-0.05344208058348868,15.221083193725088,-25.430554283072105
s1,r0,-0.9525874767641443,5.915330201286706,4.321363710488149,-0.03726533714325167,-0.03726533714325166,34.811861018936554,-28.56764702843364
s1,r1,0.3589771805047284,5.915330201286706,3.013296997586309,0.020139371390426264,0.02013937139042629,36.61441322654932,-33.91808965542421
s1,r2,0.07294733692307513,5.915330201286706,2.952493784946367,0.004176778620434945,0.004176778620434951,31.482194829391492,-47.581742603323235
s2,r0,0.04916759691989434,5.89416435724435,4.321363710488149,0.0019303493786227077,0.0019303493786227079,34.86360906959985,-54.275487376655605
s2,r1,1.8534108700988552,5.89416435724435,3.013296997586309,0.10435362140200924,0.10435362140200923,25.25131524907587,-19.58225785434492
s2,r2,-0.0732790775078763,5.89416435724435,2.952493784946367,-0.004210840191351677,-0.004210840191351674,33.10746699184406,-47.51014180111865
s0,r0,0.8602229354065583,4.468495729261555,5.05206590775674,0.03810488566153748,0.03810488566153751,23.91906116127149,-28.374111735292715
s0,r1,-0.09830884604735828,4.468495729261555,2.448586177085079,-0.008984953993971395,-0.00898495399397141,19.802166604424965,-40.923757318308866
s0,r2,2.7110335068599065,4.468495729261555,4.478128239381055,0.1354805689573456,0.1354805689573455,16.752071610662824,-17.281953769132052
s1,r0,1.1730370726292527,3.5746859901871697,5.05206590775674,0.06495384011040822,0.06495384011040824,26.578225053825438,-23.72939201432365
s1,r1,0.144586103456365,3.5746859901871697,2.448586177085079,0.016518600962000685,0.016518600962000682,13.20955702040203,-35.633880137650316
s1,r2,0.3194649062423321,3.5746859901871697,4.478128239381055,0.019956700176131627,0.019956700176131596,15.70296548664793,-33.996776285716685
s2,r0,0.43800288207724414,5.403973264850863,5.05206590775674,0.01604333931298461,0.016043339312984618,39.422583621941534,-35.892999940685556
s2,r1,-0.04934333610863601,5.403973264850863,2.448586177085079,-0.0037290647438281118,-0.0037290647438281213,28.195815752989855,-48.55213842894445
s2,r2,4.538967675759114,5.403973264850863,4.478128239381055,0.1875630869918718,0.18756308699187166,34.672361785757445,-14.38147244637791
s0,r0,0.5790507570759998,5.655864881156013,5.83177559217549,0.017555645568157953,0.01755564556815796,34.88022514763527,-35.11129647724052
s0,r1,-0.3179285409366063,5.655864881156013,3.7457321050612054,-0.015006996386438678,-0.015006996386438664,26.248973361651565,-36.48373612330714
s0,r2,0.3080824466265175,5.655864881156013,4.050296610909823,0.01344872460262389,0.013448724602623908,25.800340500952178,-37.42435005880692
s1,r0,0.08639623781428218,5.184710469826494,5.83177559217549,0.0028573899853239094,0.0028573899853239137,39.692914083713696,-50.886228927104
s1,r1,-0.3654750263372911,5.184710469826494,3.7457321050612054,-0.01881899745906699,-0.01881899745906699,29.225002172882316,-34.51991362646779
s1,r2,0.3117956160807049,5.184710469826494,4.050296610909823,0.014847682324206454,0.014847682324206475,29.809727001429877,-36.5642144351595
s2,r0,0.6473121983976308,5.830066852754093,5.83177559217549,0.019038794777133206,0.019038794777133248,40.66053273529735,-34.40717425805649
s2,r1,0.015849167178544135,5.830066852754093,3.7457321050612054,0.0007257652969585297,0.0007257652969585296,32.09184941495743,-62.34006715289988
s2,r2,1.8610582188240912,5.830066852754093,4.050296610909823,0.07881331516441813,0.07881331516441833,27.747689110976083,-22.04057410804709
s0,r0,-0.42100900488452553,8.646784220683774,4.970023235336066,-0.009796666963733007,-0.009796666963733004,40.653527508418506,-40.17245817154381
s0,r1,0.591076219622095,8.646784220683774,3.8747044699702826,0.017642100100219948,0.01764210010021997,67.13001344951621,-35.043998986781254
s0,r2,-1.3369852847705015,8.646784220683774,3.8121255479636647,-0.04056064109619503,-0.04056064109619504,47.3143252882231,-27.832589419864387
s1,r0,0.40780077243561075,6.27671792371928,4.970023235336066,0.013072450713404593,0.013072450713404606,39.91072596276506,-37.6714318371294
s1,r1,-0.683362202851068,6.27671792371928,3.8747044699702826,-0.028098281455737093,-0.028098281455737156,36.114481796100215,-31.021042250925763
s1,r2,-0.46405636513036563,6.27671792371928,3.8121255479636647,-0.019394157889227395,-0.019394157889227433,40.054863642414,-34.24430949506359
s2,r0,-0.9620421933337486,9.188409075140864,4.970023235336066,-0.021066645082188355,-0.021066645082188366,80.76306020668497,-33.52551181958036
s2,r1,0.2297858456293059,9.188409075140864,3.8747044699702826,0.006454228959094943,0.006454228959094947,86.97765697794377,-43.78667949467044
s2,r2,2.1710509218481957,9.188409075140864,3.8121255479636647,0.061981558565181526,0.061981558565181574,69.76074671236182,-24.137673623691978
s0,r0,0.35889546034298214,5.659595394162653,4.2904923226433365,0.014780034619796106,0.014780034619796134,20.331578672870673,-36.60246170331293
s0,r1,-0.1295081109870725,5.659595394162653,3.8330549729919,-0.005969892851554875,-0.005969892851554855,29.804613897922255,-44.5729169422152
s0,r2,-2.4153612188040037,5.659595394162653,4.698907688811392,-0.09082382565842011,-0.09082382565842008,32.71440737572085,-20.799720770216002
s1,r0,0.009578926260520287,4.547495153452769,4.2904923226433365,0.000490950216595194,0.0004909502165951918,24.788707053210093,-65.9391393876303
s1,r1,-0.08852684554348013,4.547495153452769,3.8330549729919,-0.005078760072178582,-0.005078760072178584,23.46688607742681,-45.97953350633969
s1,r2,-0.390930060857477,4.547495153452769,4.698907688811392,-0.018294894480397964,-0.018294894480397953,23.484320250270617,-34.75183486273977
s2,r0,-0.3893365041984271,7.120542475727183,4.2904923226433365,-0.012743975106065468,-0.012743975106065479,41.20944838337432,-37.89084128746874
s2,r1,-0.6129732096561183,7.120542475727183,3.8330549729919,-0.022458635388803425,-0.022458635388803397,48.60882543527611,-32.953216189912546
s2,r2,-0.49207334502289624,7.120542475727183,4.698907688811392,-0.014706856191408461,-0.01470685619140846,48.499995929403646,-36.648016961776484
s0,r0,-0.9748478994305144,6.639365935114513,4.543498536938567,-0.03231616834277507,-0.03231616834277509,40.75903299565016,-29.805805419991817
s0,r1,-0.5957409496262054,6.639365935114513,4.704572612192637,-0.019072633853533937,-0.019072633853533947,46.591048048184824,-34.40998219460339
s0,r2,-0.3836384767178182,6.639365935114513,4.063966161377143,-0.014218227826843512,-0.014218227826843536,44.34810639000347,-36.94484299987838
s1,r0,-0.5657910267961594,7.05720955812368,4.543498536938567,-0.01764544638007461,-0.017645446380074613,43.39125089684839,-35.06366439124986
s1,r1,0.2753356062983709,7.05720955812368,4.704572612192637,0.008292952697280661,0.00829295269728067,44.547434647683446,-41.57682463436907
s1,r2,-0.20417297862111963,7.05720955812368,4.063966161377143,-0.007118937298885047,-0.007118937298885056,40.01456331871388,-42.956456727554425
s2,r0,-0.029431867243181715,7.006590193601577,4.543498536938567,-0.0009245293577651949,-0.0009245293577651957,45.64763011823948,-60.6294625368195
s2,r1,-0.17770737787057528,7.006590193601577,4.704572612192637,-0.005391114625485589,-0.00539111462548559,45.98690739271244,-45.36725729860182
s2,r2,-0.31157717035138904,7.006590193601577,4.063966161377143,-0.01094230532532754,-0.010942305325327558,41.58696967275099,-39.2170899776356
s0,r0,-0.21609492207012868,8.064873740808558,2.9355295408177224,-0.009127682685157009,-0.009127682685157009,62.641879474344314,-40.805281042403685
s0,r1,3.243624931163958,8.064873740808558,8.25006660368604,0.04875011027838388,0.0487501102783839,90.20503236147674,-26.22884599034315
s0,r2,0.3767272353352676,8.064873740808558,6.151827275432942,0.007593208276998358,0.007593208276998366,49.34881272394082,-42.391356515260966
s1,r0,0.11837820142081956,8.203753352073653,2.9355295408177224,0.004915556444388099,0.0049155564443880955,58.556758821185234,-46.17466450790417
s1,r1,-0.9961057117095375,8.203753352073653,8.25006660368604,-0.014717545291563385,-0.014717545291563395,65.01607442687724,-36.64170736747348
s1,r2,-0.1775263698684511,8.203753352073653,6.151827275432942,-0.003517597504556729,-0.0035175975045567405,61.42763522180924,-49.07261422415165
s2,r0,0.192807743004931,8.283248909917628,2.9355295408177224,0.0079293448100616,0.00792934481006159,60.72983276991911,-42.01117768791341
s2,r1,-5.956160019102367,8.283248909917628,8.25006660368604,-0.08715818751720676,-0.08715818751720676,78.05782737276616,-21.160717325232483
s2,r2,-2.4702327211400306,8.283248909917628,6.151827275432942,-0.048476697412617765,-0.048476697412617786,50.06464983972074,-26.279017598395054
s0,r0,-0.09304081409215147,7.2491956186428155,2.6330361236353403,-0.0048744639748927975,-0.004874463974892787,48.17375979604781,-46.24753040036086
s0,r1,-1.8474639025953201,7.2491956186428155,9.389930940920957,-0.02714086869727718,-0.027140868697277182,86.81986331728714,-31.324174104038768
s0,r2,0.17513169930867295,7.2491956186428155,6.32261580818396,0.003821009782204397,0.0038210097822044,44.18873207788319,-48.35792705757832
s1,r0,-0.11561717090317518,8.906786307426719,2.6330361236353403,-0.004929972400727989,-0.004929972400727998,64.77310165689734,-46.143839859212406
s1,r1,-1.5699781817571652,8.906786307426719,9.389930940920957,-0.018771984457820266,-0.018771984457820266,84.3320031648696,-34.528122398342205
s1,r2,1.04207517057313,8.906786307426719,6.32261580818396,0.01850466479754069,0.018504664797540687,61.69740787206473,-34.653066657376854
s2,r0,-0.01352732676394234,6.410744521663166,2.6330361236353403,-0.0008013951201403544,-0.0008013951201403544,33.01428577230969,-61.95616102630387
s2,r1,-2.1324680999824155,6.410744521663166,9.389930940920957,-0.03542514814159681,-0.03542514814159682,94.04532544817607,-29.00795887758541
s2,r2,0.9731690079261869,6.410744521663166,6.32261580818396,0.024009493975217604,0.024009493975217615,45.69141567770784,-32.39099561805465
s0,r0,-0.17333325594191262,9.72310369872599,2.6211045446966588,-0.006801310998308496,-0.0068013109983085076,82.89233353647862,-43.37167883267054
s0,r1,-0.5526437345027373,9.72310369872599,7.2744181806890875,-0.007813436186347004,-0.007813436186347004,67.5848486079395,-42.14374696668015
s0,r2,2.0472952774688684,9.72310369872599,7.869848342207329,0.02675526173026437,0.026755261730264376,74.53555141702351,-31.45322337434609
s1,r0,-0.21975524785012737,8.791125233048021,2.6211045446966588,-0.00953697062076711,-0.009536970620767127,68.27265431117182,-40.42841186449781
s1,r1,0.4189001951592879,8.791125233048021,7.2744181806890875,0.006550400172221247,0.006550400172221268,66.95769262629118,-43.67071128670141
s1,r2,1.7143038640764847,8.791125233048021,7.869848342207329,0.02477861192757099,0.024778611927570998,78.03053139045099,-32.120703639172476
s2,r0,0.01977990500263333,9.556190556487989,2.6211045446966588,0.0007896871238812132,0.0007896871238812168,72.66376660013621,-61.76177436095111
s2,r1,-0.3757321998567486,9.556190556487989,7.2744181806890875,-0.005404995671267427,-0.005404995671267431,84.45154292868628,-45.345012326265376
s2,r2,4.452414458600379,9.556190556487989,7.869848342207329,0.05920309617730779,0.059203096177307804,79.83547195107688,-24.539770171009202
s0,r0,0.05585935967335124,8.248454321594037,2.5836024063708294,0.0026211851504011627,0.0026211851504011666,69.21802789107791,-51.62068879692999
s0,r1,4.304751552541736,8.248454321594037,7.96734042903815,0.06550314368058995,0.06550314368059,130.05377412408095,-23.654267548388507
s0,r2,0.8144381187875894,8.248454321594037,6.872412598222879,0.014367337476863107,0.014367337476863128,69.94315386524235,-36.85939894218539
s1,r0,-0.14743370848529558,7.771746061224218,2.5836024063708294,-0.007342644594699501,-0.00734264459469951,52.98911514008119,-42.6817761675006
s1,r1,0.21230078780290582,7.771746061224218,7.96734042903815,0.003428622176589218,0.003428622176589213,86.4299926278703,-49.2950291184879
s1,r2,2.506940261768229,7.771746061224218,6.872412598222879,0.04693708971983032,0.04693708971983038,62.33547926100866,-26.55955389144663
s2,r0,-0.26231675681533095,9.14633236172428,2.5836024063708294,-0.011100776915623996,-0.011100776915624,72.70212043397848,-39.092050166663505
s2,r1,-1.798241375711334,9.14633236172428,7.96734042903815,-0.024676731356423617,-0.024676731356423624,113.06573002003411,-32.1515450447865
s2,r2,-0.6906722553132588,9.14633236172428,6.872412598222879,-0.010987928035447883,-0.010987928035447883,68.5871230839744,-39.180614827966075
s0,r0,-0.1640150227812286,8.917649399157986,2.5413899617804114,-0.007237055855933852,-0.0072370558559338456,76.00819731708931,-42.82306274468743
s0,r1,-4.97937041338537,8.917649399157986,7.437105348176488,-0.07507928138790192,-0.07507928138790183,108.02255497233384,-22.464376660993757
s0,r2,-0.36512012886595463,8.917649399157986,5.683998042888155,-0.007203299335541773,-0.007203299335541765,93.33299344658273,-42.807134650822015
s1,r0,-0.25175204553669717,7.280830949130444,2.5413899617804114,-0.01360569560250363,-0.01360569560250363,48.332768606942714,-37.323274440549646
s1,r1,-1.7590518952030245,7.280830949130444,7.437105348176488,-0.03248581533665095,-0.03248581533665095,57.23212920183885,-29.76114324311446
s1,r2,0.3487473168926427,7.280830949130444,5.683998042888155,0.008427058482264943,0.008427058482264948,50.18344303214635,-41.48089138442723
s2,r0,-0.1878859876731431,7.896078348965244,2.5413899617804114,-0.009362926905802569,-0.009362926905802559,56.79272052826286,-40.57888509658599
s2,r1,-2.4595055549373317,7.896078348965244,7.437105348176488,-0.04188248343465884,-0.04188248343465882,79.23339624760526,-27.552175137010117
s2,r2,-1.11188213545433,7.896078348965244,5.683998042888155,-0.024773843160079034,-0.02477384316007901,62.634495873642315,-32.10900725006106
s0,r0,0.21286188708969433,8.898447157992404,3.2796656452081923,0.007293804384409742,0.007293804384409759,75.6346325442585,-42.69163742760784
s0,r1,-1.9181894394987418,8.898447157992404,7.714117487881964,-0.027944157529763845,-0.02794415752976391,92.38452288946615,-31.071162552563063
s0,r2,-0.6243819872602219,8.898447157992404,7.20457819600235,-0.009739296340646865,-0.009739296340646885,90.14454221033311,-40.1882695655879
s1,r0,0.12970564631701578,7.560296073129728,3.2796656452081923,0.005231069715863558,0.005231069715863573,52.46781194401238,-45.59768636928975
s1,r1,-3.888925057559877,7.560296073129728,7.714117487881964,-0.06668137115781347,-0.06668137115781361,74.90257223329274,-23.500604438130054
s1,r2,-2.5441107603709034,7.560296073129728,7.20457819600235,-0.04670771826469702,-0.046707718264697114,72.15172108732055,-26.59875954993434
s2,r0,0.32708256352301734,8.904032252338572,3.2796656452081923,0.011200595100973787,0.011200595100973822,71.34892016600625,-39.01586663104522
s2,r1,-1.7261750538667247,8.904032252338572,7.714117487881964,-0.025131121082109693,-0.025131121082109742,76.66916903107168,-31.992789752827214
s2,r2,-1.7926679854247953,8.904032252338572,7.20457819600235,-0.02794502991172981,-0.027945029911729865,79.40876433473632,-31.0711463397262
s0,r0,-0.786922595437888,7.313503426314308,4.443198542759077,-0.024216469418889337,-0.024216469418889344,47.72659886037403,-32.31465832080455
s0,r1,-0.8749810586531449,7.313503426314308,3.980977872692232,-0.030052694652555702,-0.030052694652555653,48.78845798558751,-30.43956712981515
s0,r2,0.01202866276578464,7.313503426314308,7.063177723821809,0.00023285831253770355,0.00023285831253770217,68.3221022803057,-71.95729690228369
s1,r0,0.183948505730669,6.9131248810601535,4.443198542759077,0.005988611529708191,0.005988611529708203,49.40078374590783,-44.45517680877234
s1,r1,0.40450084485380683,6.9131248810601535,3.980977872692232,0.01469789928646514,0.014697899286465145,46.96776053885497,-36.649397085001326
s1,r2,0.05686732828650548,6.9131248810601535,7.063177723821809,0.0011646308462937504,0.0011646308462937528,72.49890130059262,-58.65762168803334
s2,r0,0.03710035921264548,5.082303482870138,4.443198542759077,0.001642940364892622,0.0016429403648926164,36.7128642551208,-55.6457204279309
s2,r1,0.20739205408679756,5.082303482870138,3.980977872692232,0.010250422220083856,0.01025042222008384,25.69307927968857,-39.79733919940599
s2,r2,-0.18983080942378883,5.082303482870138,7.063177723821809,-0.005288176850037351,-0.005288176850037357,63.516282195738,-45.53831880277104
s0,r0,0.06915962451695716,6.477181287325476,3.5616224912453966,0.002997910678059287,0.002997910678059284,32.270841515248144,-50.45438879135149
s0,r1,1.5497064478807727,6.477181287325476,4.389541526579098,0.054505989163106866,0.05450598916310688,37.57130883701341,-25.26359700099809
s0,r2,0.0005688055201152237,6.477181287325476,4.370191479698109,2.0094503683066444e-05,2.0094503683065248e-05,34.18237048075231,-79.8343475715682
s1,r0,-0.23089488381166998,3.839940831716578,3.5616224912453966,-0.016882699568778532,-0.016882699568778525,13.41893556801795,-35.4498343750026
s1,r1,0.21560442413756234,3.839940831716578,4.389541526579098,0.012791279057608112,0.012791279057608124,19.903945100531985,-37.86267295674433
s1,r2,-0.1985434997344904,3.839940831716578,4.370191479698109,-0.01183125117480692,-0.011831251174806899,21.57717278042548,-38.53844350948816
s2,r0,-0.10004456194151831,4.061251553810851,3.5616224912453966,-0.006916489329299935,-0.006916489329299936,14.170243994276904,-43.201248296912915
s2,r1,0.15446361691982935,4.061251553810851,4.389541526579098,0.008664572651669394,0.008664572651669407,19.134588312584103,-41.245546124826156
s2,r2,-0.1506936407720186,4.061251553810851,4.370191479698109,-0.008490525469847516,-0.008490525469847505,19.601467997956593,-41.42037628524481
s0,r0,-0.4551021960772759,6.177845647497934,4.689678147771829,-0.015708287442026833,-0.01570828744202686,34.19131547199253,-36.07586921382488
s0,r1,0.10811573580349391,6.177845647497934,4.011828703766672,0.004362239175837869,0.004362239175837875,42.648668747863404,-47.195279486352725
s0,r2,-0.6611261478644798,6.177845647497934,4.79535781974824,-0.022316509181050274,-0.0223165091810503,44.83322313732922,-33.02498885512433
s1,r0,0.2771348087393593,4.296691536261044,4.689678147771829,0.01375351999070914,0.013753519990709149,25.442550327194517,-37.23076330208694
s1,r1,-0.12584199482121547,4.296691536261044,4.011828703766672,-0.007300440005550592,-0.007300440005550603,22.30576540747093,-42.733729619616035
s1,r2,-0.2253486600000717,4.296691536261044,4.79535781974824,-0.010937039603121515,-0.010937039603121528,22.843444324212115,-39.220986431690676
s2,r0,0.39507801964694417,6.036217735999957,4.689678147771829,0.01395644900133278,0.01395644900133282,44.77571161580927,-37.102809754258345
s2,r1,-0.09048754358773028,6.036217735999957,4.011828703766672,-0.0037366422533595027,-0.003736642253359503,28.350919748212046,-48.531484818773
s2,r2,-0.11854412666460586,6.036217735999957,4.79535781974824,-0.004095379250005835,-0.004095379250005842,51.531067424919016,-47.75279847281672
s0,r0,-0.7180606164992809,4.6899397206498445,5.189311420587769,-0.029504218284773776,-0.02950421828477376,29.934340214341695,-30.59698152716175
s0,r1,0.12693911879803088,4.6899397206498445,3.2265539973058996,0.00838859603454728,0.008388596034547278,22.07059897454576,-41.537242675804215
s0,r2,0.196993321140577,4.6899397206498445,2.8007108664743945,0.014997399656565347,0.01499739965656531,21.203009044001934,-36.48139075402183
s1,r0,0.171682272290545,4.3081994831490364,5.189311420587769,0.0076792695871183035,0.0076792695871183035,35.996301120697424,-42.291274612841576
s1,r1,-0.2705585286516466,4.3081994831490364,3.2265539973058996,-0.019463748607945815,-0.019463748607945804,23.106435157568512,-34.215085026483955
s1,r2,0.06580063257781416,4.3081994831490364,2.8007108664743945,0.005453382850249372,0.0054533828502493645,19.793810246840913,-45.26279661560863
s2,r0,-1.0526522552273667,3.8802935599134987,5.189311420587769,-0.05227699410283749,-0.052276994102837517,25.47573882019261,-25.62234736448698
s2,r1,0.44839848745136995,3.8802935599134987,3.2265539973058996,0.03581464233700859,0.03581464233700858,19.283547168841157,-28.91056222700284
s2,r2,-0.2853862604019935,3.8802935599134987,2.8007108664743945,-0.026260331326435016,-0.026260331326434995,14.854204408158818,-31.612292130903924
s0,r0,0.1691034950293107,6.240484258464344,4.2862536251956245,0.006322028163645219,0.0063220281636452115,30.777748386132792,-43.98201101750072
s0,r1,-0.09007242871133214,6.240484258464344,3.2771494957346454,-0.004404304406270858,-0.004404304406270849,29.141000403519264,-47.12007331575546
s0,r2,-0.1580257445733721,6.240484258464344,3.1146319490856014,-0.008130229763277484,-0.008130229763277484,36.428721498010574,-41.795737470161434
s1,r0,-0.23897955801834783,4.545364231013178,4.2862536251956245,-0.012266317398417811,-0.012266317398417825,20.6825487705252,-38.22508731688906
s1,r1,0.1779368967698234,4.545364231013178,3.2771494957346454,0.011945410228280514,0.011945410228280516,19.62425606848707,-38.454958495201176
s1,r2,-0.07740531652925431,4.545364231013178,3.1146319490856014,-0.005467582776111273,-0.005467582776111271,22.792841258319733,-45.24570260355369
s2,r0,-0.1128529904603301,6.165740265004984,4.2862536251956245,-0.004270217347235567,-0.004270217347235583,31.63293160700291,-47.38745526115994
s2,r1,-0.02186102947459239,6.165740265004984,3.2771494957346454,-0.0010819050067342993,-0.0010819050067343004,26.828987616767005,-59.278979243304704
s2,r2,-0.0708137525052488,6.165740265004984,3.1146319490856014,-0.0036874458269251106,-0.0036874458269251192,41.075071384943186,-48.65771770202924
s0,r0,0.17071456627836537,5.486216668572099,4.705692642764107,0.006612627613555053,0.0066126276135550595,28.01269398154494,-43.591271169706204
s0,r1,-0.6487743914404352,5.486216668572099,4.404116740832246,-0.026851090063459288,-0.02685109006345929,32.32150149680248,-31.415510163404537
s0,r2,-0.019318388803499034,5.486216668572099,2.6058263968156408,-0.0013513021508229665,-0.001351302150822971,26.864452038762597,-57.357276380743485
s1,r0,-0.19470216967788523,4.846129145893312,4.705692642764107,-0.00853792332267879,-0.008537923322678791,30.957597512891702,-41.372042718776044
s1,r1,0.27898934163758926,4.846129145893312,4.404116740832246,0.013071752189935218,0.01307175218993522,28.314786272603097,-37.67231464330426
s1,r2,-0.0034731296930037847,4.846129145893312,2.6058263968156408,-0.0002750302972648153,-0.0002750302972648116,22.274368195531917,-70.6731506042951
s2,r0,-0.558669917688757,4.747538295952847,4.705692642764107,-0.02500709550986276,-0.025007095509862742,22.722825671898256,-32.035915599145824
s2,r1,-0.46064063541967615,4.747538295952847,4.404116740832246,-0.022031037391460975,-0.022031037391460978,23.904424368821065,-33.13516254146432
s2,r2,0.10073953491209123,4.747538295952847,2.6058263968156408,0.008143029079716552,0.00814302907971655,20.711652240834482,-41.78380972127836
s0,r0,15.54418553523631,5.94617460031487,2.9705079141846324,0.8800343013959389,0.8800343013959403,33.33301177613646,5.358814190100275
s0,r1,0.3078164204481189,5.94617460031487,1.1883333520102979,0.04356280536785353,0.043562805367853494,33.65279892568681,-27.206383904773144
s0,r2,1.9978488637369918,5.94617460031487,2.610288920868724,0.12871714354860986,0.1287171435486101,33.22860550475882,-17.73377789125855
s1,r0,0.46976015878096766,2.5684411406064664,2.9705079141846324,0.061570949244155876,0.06157094924415568,10.8674537088514,-24.19259287810852
s1,r1,2.002562039441666,2.5684411406064664,1.1883333520102979,0.6561121428118902,0.6561121428118869,6.515963286768893,-1.2121587632596829
s1,r2,0.8970151775420273,2.5684411406064664,2.610288920868724,0.13379552672592696,0.13379552672592662,8.090753840796362,-17.389366885486886
s2,r0,0.8938645882679076,4.008445228571881,2.9705079141846324,0.07506976647246534,0.07506976647246534,18.85731266810047,-22.464555220899328
s2,r1,0.34559870773117174,4.008445228571881,1.1883333520102979,0.0725534168145613,0.07255341681456114,14.993029819064015,-22.760403702299296
s2,r2,7.341309168093214,4.008445228571881,2.610288920868724,0.7016313411557275,0.7016313411557277,12.38849659834388,-0.1324541982800204
s0,r0,8.783323541384457,3.4676759126183136,3.0536507452728086,0.8294706333976566,0.8294706333976555,12.877682320690075,3.43481938330041
s0,r1,1.0177996582357236,3.4676759126183136,2.2122373597094604,0.1326759104888077,0.13267591048880745,10.95995269762293,-17.466927830172306
s0,r2,0.6276407152733539,3.4676759126183136,2.435259817732309,0.07432369698346103,0.07432369698346089,11.83973224261017,-22.553266743838268
s1,r0,2.753705034087793,2.8312630798534717,3.0536507452728086,0.31850615457905274,0.31850615457905274,9.179325455886378,-9.472499748628584
s1,r1,3.8813208438097493,2.8312630798534717,2.2122373597094604,0.6196801667869916,0.6196801667869913,8.445094436652356,-2.0516014265228586
s1,r2,2.2670715353759667,2.8312630798534717,2.435259817732309,0.32880597095954767,0.3288059709595477,8.251247915934465,-9.163649969619856
s2,r0,2.7265815953955563,4.438652966709644,3.0536507452728086,0.20116292576838105,0.20116292576838085,16.773160467920402,-13.749698536708186
s2,r1,2.367131748217269,4.438652966709644,2.2122373597094604,0.24106797326639928,0.24106797326639892,15.014436042928516,-12.097281386223017
s2,r2,6.786919905614122,4.438652966709644,2.435259817732309,0.6278793930745405,0.6278793930745399,13.270981966334062,-1.8655485395121003
s0,r0,4.09560158126953,2.6825165960600224,2.289193397828845,0.6669492672987294,0.6669492672987297,5.99328510923229,-0.962443630756349
s0,r1,1.8293870099612497,2.6825165960600224,2.126910982068598,0.320637164848896,0.3206371648488954,7.35939413485494,-9.408564150687276
s0,r2,2.5751311268828814,2.6825165960600224,2.9480197891370397,0.32563159495816013,0.3256315949581598,9.611718233631787,-9.258656827694171
s1,r0,1.214108177069001,2.8271358188936984,2.289193397828845,0.18759800967140686,0.18759800967140683,9.487129946295596,-14.379416250285963
s1,r1,3.7792335414049543,2.8271358188936984,2.126910982068598,0.6285035624925511,0.6285035624925497,7.186246363124695,-1.8510371780101071
s1,r2,1.1336161871783683,2.8271358188936984,2.9480197891370397,0.13601567815628263,0.1360156781562824,11.470650579859237,-17.24677140136565
s2,r0,0.8015913919470006,3.7100716469347708,2.289193397828845,0.09438180169492363,0.09438180169492365,15.160507789698507,-20.463878423879073
s2,r1,0.8643675701028732,3.7100716469347708,2.126910982068598,0.10953851630428295,0.10953851630428271,11.39979445145279,-19.15641062117741
s2,r2,8.475963513617277,3.7100716469347708,2.9480197891370397,0.7749548265998065,0.7749548265998059,12.668369594589159,1.7711064818371318
s0,r0,14.713016539382663,4.322156817269331,3.66787187079312,0.9280834903153237,0.928083490315327,16.28251755497136,7.932343174945296
s0,r1,0.39281049914291255,4.322156817269331,2.781784576363741,0.03267074759197416,0.032670747591974234,19.859854718276825,-29.712079143735476
s0,r2,1.6248451678343805,4.322156817269331,2.4036166854597507,0.1564034227798785,0.1564034227798792,18.392866861567192,-16.007511194323545
s1,r0,0.8227390117953884,3.290095163977053,3.66787187079312,0.06817724925343908,0.06817724925343906,19.202604615773698,-23.30725580614969
s1,r1,8.089677854476676,3.290095163977053,2.781784576363741,0.8838921419031363,0.8838921419031346,11.346027587463286,5.528803602535389
s1,r2,0.719059380289621,3.290095163977053,2.4036166854597507,0.09092662810592955,0.09092662810592954,13.532820912466942,-20.790143806686572
s2,r0,1.9528828991398168,4.576454178580457,3.66787187079312,0.1163410363027898,0.11634103630278979,22.282316028679144,-18.626953209289262
s2,r1,0.909949540666442,4.576454178580457,2.781784576363741,0.07147673348909135,0.07147673348909124,24.04450961009965,-22.895097835320918
s2,r2,9.071288691744595,4.576454178580457,2.4036166854597507,0.8246594878380631,0.8246594878380633,18.97478605862862,3.2754636438669196
s0,r0,6.288435691625859,3.0423174035176532,2.224891410391492,0.9290290255402819,0.9290290255402811,8.174246615032834,7.996409758177288
s0,r1,0.06859924239232221,3.0423174035176532,1.592758174936345,0.014156795376489027,0.014156795376488972,9.617104244348992,-36.9827907314133
s0,r2,0.3614157022703889,3.0423174035176532,1.7421569177327094,0.06818914196333868,0.06818914196333853,9.110114653932369,-23.305817210077297
s1,r0,0.15053508925910536,1.4087400568122987,2.224891410391492,0.04802839362833761,0.04802839362833764,4.847028959581636,-26.359929123895757
s1,r1,2.0570547134435233,1.4087400568122987,1.592758174936345,0.9167800132642285,0.916780013264226,2.683960126085442,7.2174542082235975
s1,r2,0.14797388433339986,1.4087400568122987,1.7421569177327094,0.06029300654812247,0.06029300654812244,2.5872656399880496,-24.378786968474618
s2,r0,0.4383796865239333,2.02512551211705,2.224891410391492,0.09729480624960754,0.09729480624960747,5.777726083321584,-20.197216725956128
s2,r1,0.09442174148636709,2.02512551211705,1.592758174936345,0.029273201252353727,0.029273201252353612,4.260518196093976,-30.668608287499836
s2,r2,3.1447347171508597,2.02512551211705,1.7421569177327094,0.8913428818339856,0.8913428818339835,2.83728270076344,5.872648348767622
s0,r0,9.025763142283568,4.671575003727284,3.04685556774732,0.6341160400686334,0.6341160400686342,18.86082390425166,-1.7229005774526127
s0,r1,3.8218419732653706,4.671575003727284,3.457779087513676,0.23659859230981195,0.23659859230981228,18.97685234343399,-12.269592094422483
s0,r2,1.8633062828120255,4.671575003727284,2.599443079767609,0.1534407138431981,0.15344071384319832,18.854411432382665,-16.17779566269955
s1,r0,1.9753079505698201,3.1183536350980092,3.04685556774732,0.20790147936891895,0.20790147936891928,12.65581954282971,-13.45028539553716
s1,r1,8.658609146206079,3.1183536350980092,3.457779087513676,0.8030184578042708,0.8030184578042718,13.307094359237059,2.591120866397592
s1,r2,1.1317721537203471,3.1183536350980092,2.599443079767609,0.1396218305482146,0.1396218305482148,12.9123846917688,-17.014542234711207
s2,r0,4.488094035762021,4.180843214630332,3.04685556774732,0.35232722142168216,0.3523272214216821,17.03762817565525,-8.485323175690807
s2,r1,2.5594585706642166,4.180843214630332,3.457779087513676,0.1770463506438144,0.17704635064381438,21.60066189092996,-14.899822699350063
s2,r2,5.370417720941214,4.180843214630332,2.599443079767609,0.4941557733687365,0.49415577336873634,12.420560748733834,-4.906623225178362
s0,r0,3.992558239311179,3.0390609616407063,2.1426478773271582,0.6131419674315899,0.6131419674315894,9.294023161574291,-2.2009966597802713
s0,r1,3.8163198805631815,3.0390609616407063,3.5856998782054696,0.3502123212330409,0.35021232123304075,14.648426280930062,-8.545105045782833
s0,r2,0.9431840773378576,3.0390609616407063,2.503181325773109,0.12398374159524084,0.12398374159524085,11.512878975386306,-18.06541863763866
s1,r0,1.5765810424821631,4.669477235319946,2.1426478773271582,0.1575785981794602,0.15757859817945996,18.498925029347145,-15.940907993652749
s1,r1,12.397404122053775,4.669477235319946,3.5856998782054696,0.7404377617837969,0.7404377617837963,23.37138301840553,0.8407702573177496
s1,r2,3.649897047321309,4.669477235319946,2.503181325773109,0.3122626505612894,0.3122626505612891,16.84932667820056,-9.664043126728158
s2,r0,1.6443102759066333,4.366451974210505,2.1426478773271582,0.17575361965618724,0.17575361965618702,15.15832999083652,-14.96417372348165
s2,r1,3.69186603412083,4.366451974210505,3.5856998782054696,0.23579973313321198,0.23579973313321173,18.743995096271664,-12.300002912160313
s2,r2,6.448944929620216,4.366451974210505,2.503181325773109,0.5900212730606191,0.5900212730606185,14.035038935277736,-2.7233672570516676
s0,r0,2.005107901754176,3.0149229468801897,1.6822454572029495,0.3953412827061958,0.3953412827061947,6.392404012565351,-7.3217570883867324
s0,r1,0.6059512281918336,3.0149229468801897,2.3499356649771332,0.08552744143124877,0.08552744143124867,9.56602286948651,-21.32502423340988
s0,r2,4.567033031498751,3.0149229468801897,2.4490236782615056,0.6185359570756025,0.6185359570756016,7.488115692196261,-2.07779159038
s1,r0,0.8374017403675755,2.3816405422616658,1.6822454572029495,0.20901058477404605,0.2090105847740453,5.525142012332787,-13.402730047724965
s1,r1,4.392844296107949,2.3816405422616658,2.3499356649771332,0.7848987235252948,0.7848987235252934,6.089960640827167,2.0537148092283672
s1,r2,1.1287381340317555,2.3816405422616658,2.4490236782615056,0.19351917284467754,0.19351917284467707,6.6179107108882755,-14.099795152757709
s2,r0,1.1914174999537501,3.2701116917546504,1.6822454572029495,0.21657684574538252,0.2165768457453819,7.533658629579509,-13.078915860790119
s2,r1,1.8448031555626545,3.2701116917546504,2.3499356649771332,0.2400664519229448,0.24006645192294448,9.074815604873386,-12.135460774131202
s2,r2,3.9090353274999075,3.2701116917546504,2.4490236782615056,0.48810586360234004,0.48810586360233915,9.510252381106385,-5.047768996870027
s0,r0,1.6439061010129097,3.128279334764987,1.412000278973169,0.37216600363937075,0.3721660036393692,10.017664001889806,-7.937776452072739
s0,r1,0.37366694236459946,3.128279334764987,2.9785387570482076,0.0401029108662029,0.04010291086620289,10.43514266523866,-27.929486247979156
s0,r2,4.130467321887556,3.128279334764987,2.602827587150866,0.5072806115057008,0.5072806115057007,5.355293342050405,-4.602970581268
s1,r0,0.37691420975396056,4.361287055925375,1.412000278973169,0.0612058672157548,0.06120586721575448,15.95543827828611,-24.247892111810287
s1,r1,11.9083757432218,4.361287055925375,2.9785387570482076,0.9167155566531437,0.9167155566531426,15.845420566048714,7.213487200226467
s1,r2,0.9828067386891879,4.361287055925375,2.602827587150866,0.08657810024003433,0.0865781002400342,17.40333923030145,-21.21918575355516
s2,r0,0.3676928847592349,3.3096973904321256,1.412000278973169,0.0786796022663025,0.0786796022663021,10.370570216624373,-22.0551562693083
s2,r1,0.9628489085503127,3.3096973904321256,2.9785387570482076,0.09767121704925721,0.09767121704925712,12.29498375464237,-20.162572543076248
s2,r2,2.952873196029013,3.3096973904321256,2.602827587150866,0.3427765544403377,0.34277655444033744,11.588843968593197,-8.756775898739686
s0,r0,18.436803082833094,4.739515714774121,4.237578173247721,0.9179814949049556,0.9179814949049546,15.40723180671746,7.290143809279921
s0,r1,0.31146705615662534,4.739515714774121,2.138430267986122,0.030731450395368846,0.030731450395368815,16.831789243320884,-30.24626631642974
s0,r2,1.1880570261899488,4.739515714774121,1.775865498282135,0.14115401952271162,0.14115401952271128,14.94609134560023,-16.919188801551744
s1,r0,2.186817375083152,2.841855764616079,4.237578173247721,0.1815903479874969,0.18159034798749654,11.904695322930152,-14.671606855095336
s1,r1,4.936606703810705,2.841855764616079,2.138430267986122,0.8123279637242542,0.8123279637242531,7.1454837101275555,2.8802542112063816
s1,r2,0.6368070162346671,2.841855764616079,1.775865498282135,0.12618151514194667,0.12618151514194625,6.658527081433565,-17.90860564967373
s2,r0,2.7051939665215055,2.9100089271650917,4.237578173247721,0.21937461208357842,0.21937461208357784,15.787095631763231,-12.962069832232904
s2,r1,1.1617798658493055,2.9100089271650917,2.138430267986122,0.1866957499253253,0.1866957499253249,7.817232992838773,-14.423408211485055
s2,r2,2.3308668652176974,2.9100089271650917,1.775865498282135,0.451037942123079,0.45103794212307724,6.449744412674907,-5.927969329974422
s0,r0,1.7942334116312033,3.61070383313968,1.310319930093214,0.37923614736319267,0.37923614736319267,13.445047171940274,-7.747432896357753
s0,r1,2.4607758083777522,3.61070383313968,2.823149401522809,0.2414050327598151,0.24140503275981523,14.949286975451644,-12.084302066254558
s0,r2,1.09983375631759,3.61070383313968,0.9685093622697546,0.31450775221960364,0.3145077522196021,11.736431945176795,-9.594981845740916
s1,r0,0.869736315840351,3.5000021723420334,1.310319930093214,0.18964523876902392,0.18964523876902345,10.820123682547697,-14.282039141903685
s1,r1,8.737393165995494,3.5000021723420334,2.823149401522809,0.8842594361617656,0.8842594361617635,7.178884634938363,5.545355964246615
s1,r2,0.2642324496745965,3.5000021723420334,0.9685093622697546,0.07794962207387146,0.0779496220738709,10.817980972474672,-22.13709636704534
s2,r0,0.9764850120481704,3.015769575483527,1.310319930093214,0.24710986274682883,0.24710986274682886,8.552595949149568,-11.867598627265043
s2,r1,1.2316892582509102,3.015769575483527,2.823149401522809,0.14466688714500445,0.14466688714500453,10.629065989366682,-16.700038906963485
s2,r2,1.0777492749492952,3.015769575483527,0.9685093622697546,0.3689909890285937,0.368990989028592,6.763326020511177,-8.022966032652516
s0,r0,13.755989692904544,4.922344004177233,3.2157613492808936,0.8690326012270326,0.8690326012270314,20.149635718553235,4.892918189582244
s0,r1,1.8473694290551663,4.922344004177233,2.375385578675138,0.15799657602126946,0.15799657602126949,20.384592936649327,-15.917291927490473
s0,r2,1.7402051811540002,4.922344004177233,2.9747365908996324,0.11884474418728551,0.11884474418728547,20.306353608967783,-18.438670109102194
s1,r0,0.8294819603676655,2.3090375035586237,3.2157613492808936,0.11171002461920111,0.11171002461920088,11.47985408197738,-18.983415132209945
s1,r1,3.741838166829444,2.3090375035586237,2.375385578675138,0.6822128543629856,0.6822128543629852,4.658951498927643,-0.6016101358462016
s1,r2,0.8995086069186725,2.3090375035586237,2.9747365908996324,0.13095612653009076,0.1309561265300906,10.311055813023902,-17.582073078812286
s2,r0,0.7897467222543834,3.1996919667418453,3.2157613492808936,0.07675308670289134,0.07675308670289117,12.528983033171212,-22.272391067695082
s2,r1,0.9806879995279472,3.1996919667418453,2.375385578675138,0.12902936933077058,0.12902936933077053,10.874387274467622,-17.713284153769383
s2,r2,7.1437978211699145,3.1996919667418453,2.9747365908996324,0.7505376247025035,0.7505376247025025,10.595805504464753,1.1057084567157085
s0,r0,1.6051451481760346,2.395539019689395,1.1871533423696679,0.5644224006053349,0.5644224006053347,4.838258928897081,-3.302218155870565
s0,r1,2.4843258776668398,2.395539019689395,3.7443918267395615,0.27696444802352493,0.27696444802352466,15.909947473934528,-10.804930029883657
s0,r2,0.6843866522230706,2.395539019689395,2.209519622548085,0.1293005638356358,0.12930056383563548,6.916019241624119,-17.69497661816387
s1,r0,0.2045981784738845,3.4775657575302157,1.1871533423696679,0.0495586642617724,0.04955866426177236,12.495262633110489,-26.084924345084325
s1,r1,11.468988319998191,3.4775657575302157,3.7443918267395615,0.8807820818719592,0.8807820818719583,15.594134514783287,5.391018381442949
s1,r2,0.5790684309318859,3.4775657575302157,2.209519622548085,0.07536273922425618,0.07536273922425597,12.49066769602399,-22.431640706028205
s2,r0,0.14538169334574924,3.6623451343948537,1.1871533423696679,0.033438257221992146,0.03343825722199215,13.7461717579184,-29.510114689314364
s2,r1,2.777986696323513,3.6623451343948537,3.7443918267395615,0.20257675207336057,0.20257675207336062,16.937270600374518,-13.686215782747164
s2,r2,6.33669159662331,3.6623451343948537,2.209519622548085,0.7830787496353392,0.7830787496353377,13.819122228002657,2.00139545683186
s0,r0,5.938773956663208,3.661039764668403,2.245787719292448,0.7223100319331696,0.7223100319331711,7.440758882214401,0.3777759141777828
s0,r1,3.0966774241579627,3.661039764668403,4.001340200329502,0.21139078162432917,0.21139078162432945,17.462583797450907,-13.299823788643533
s0,r2,0.5439567735485309,3.661039764668403,1.4846576747144171,0.1000768473068755,0.10007684730687544,10.507840948510758,-19.94998948303623
s1,r0,1.327845764693049,4.185919009709871,2.245787719292448,0.14124988692061957,0.1412498869206197,14.242909336520768,-16.912810380017227
s1,r1,15.411506122959564,4.185919009709871,4.001340200329502,0.9201291395222994,0.9201291395222995,17.77200922614326,7.419788084782649
s1,r2,0.7157078682586051,4.185919009709871,1.4846576747144171,0.11516450436313158,0.11516450436313141,15.016953817631919,-18.715778028440635
s2,r0,2.228279813488552,3.3071894608750414,2.245787719292448,0.30001429473509567,0.30001429473509555,12.447932029351872,-10.047420915976963
s2,r1,1.29365614778888,3.3071894608750414,4.001340200329502,0.09775844933171436,0.09775844933171428,15.841487317225488,-20.155003639116757
s2,r2,3.0024358207653408,3.3071894608750414,1.4846576747144171,0.6114885506939813,0.6114885506939798,7.547968362556955,-2.238432486589792
s0,r0,6.529290490832475,2.718941417829597,3.141387918881748,0.764442055115802,0.7644420551158021,7.450393526385712,1.479988413616654
s0,r1,0.11478757448838475,2.718941417829597,1.0720863178911038,0.0393790536662735,0.039379053666273416,7.251806436231138,-28.089928645470902
s0,r2,2.1155679903442484,2.718941417829597,3.714308751167798,0.20948316908988293,0.20948316908988293,13.312063862666937,-13.38203523904609
s1,r0,2.0407451244366634,2.376869637965436,3.141387918881748,0.2733139730565459,0.27331397305654587,10.403968359404567,-10.929049728107367
s1,r1,0.5983958345567972,2.376869637965436,1.0720863178911038,0.23482992813134848,0.2348299281313479,5.414148073823557,-12.339416319869725
s1,r2,4.408058878163417,2.376869637965436,3.714308751167798,0.49930282374301765,0.49930282374301754,10.949772930115834,-4.786972552723961
s2,r0,2.77501174192364,3.489654990715754,3.141387918881748,0.2531399930861537,0.2531399930861537,10.861592657374393,-11.645252433349553
s2,r1,0.7086081128871795,3.489654990715754,1.0720863178911038,0.18940606206452315,0.1894060620645227,10.358652293009154,-14.291713848841946
s2,r2,9.715770784801228,3.489654990715754,3.714308751167798,0.7495778881882135,0.7495778881882135,9.613133446033961,1.0806723884659302
s0,r0,2.145030282027584,2.69306185522593,1.2341796921484087,0.6453698954873777,0.6453698954873774,6.730006176004164,-1.4634369476058366
s0,r1,0.7847973496600146,2.69306185522593,2.4352838281936777,0.11966347606675347,0.1196634760667531,9.833456938713612,-18.377472932586695
s0,r2,1.2084881377128003,2.69306185522593,1.3117600232616196,0.3420910183680051,0.3420910183680045,7.325710184328563,-8.775961242406161
s1,r0,0.2819251604055867,2.5338854551698797,1.2341796921484087,0.09015056679463962,0.09015056679463979,6.619750851180189,-20.86334881545009
s1,r1,4.424853431777704,2.5338854551698797,2.4352838281936777,0.7170712763504624,0.7170712763504616,6.257933418887096,0.24702437603708774
s1,r2,0.5480292365849201,2.5338854551698797,1.3117600232616196,0.16487786613257716,0.1648778661325772,6.009933052549421,-15.53608998463752
s2,r0,0.13124520252863667,1.6000651085465798,1.2341796921484087,0.06646107878406969,0.0664610787840699,3.1897486300917413,-23.520640036377994
s2,r1,1.747771765312776,1.6000651085465798,2.4352838281936777,0.4485361793802458,0.44853617938024587,6.600969711830217,-5.9862761729809755
s2,r2,0.5728679652345383,1.6000651085465798,1.3117600232616196,0.27293704850706757,0.27293704850706796,3.6505183537676382,-10.939336343294396
s0,r0,3.1566136085175303,3.7905724639213854,1.943564390433146,0.42846730478545875,0.4284673047854587,11.461786154802054,-6.4804934840786705
s0,r1,5.515180376680554,3.7905724639213854,4.0415973440585855,0.35999948039889423,0.3599994803988939,17.780031415036063,-8.270924796909094
s0,r2,2.4640276236928242,3.7905724639213854,3.8369854965397225,0.1694145128396967,0.16941451283969652,17.482942877021603,-15.294212440291664
s1,r0,2.0013769140802924,5.1529722336466754,1.943564390433146,0.1998352739294344,0.19983527392943456,22.659631459923546,-13.809256197532985
s1,r1,15.83749719465026,5.1529722336466754,4.0415973440585855,0.7604588267535222,0.7604588267535218,16.460929722551946,1.3717239284944769
s1,r2,2.3382433045422317,5.1529722336466754,3.8369854965397225,0.11826105241961704,0.118261052419617,21.440163418752135,-18.481671313517133
s2,r0,1.3529139787122562,5.81647407399611,1.943564390433146,0.11967720943698076,0.11967720943698079,27.432528275754095,-18.377322580485824
s2,r1,5.073856111765172,5.81647407399611,4.0415973440585855,0.2158367072523436,0.21583670725234333,25.243790454982264,-13.110379179007412
s2,r2,11.636794268444538,5.81647407399611,3.8369854965397225,0.5214148575346321,0.5214148575346316,21.315403103774006,-4.27840783630731
s0,r0,1.4463442314129376,2.8454892303573036,1.0976012078143471,0.46309505686334074,0.46309505686334096,7.296558689301319,-5.63713477101212
s0,r1,2.7103229249016225,2.8454892303573036,2.091824451997434,0.45534320179489157,0.4553432017948903,7.851790361181978,-5.823333801944155
s0,r2,0.6737093446235172,2.8454892303573036,2.1548663662432466,0.10987408777766397,0.10987408777766348,8.472154113109111,-19.128170453055066
s1,r0,0.154645564683789,1.6483282322157833,1.0976012078143471,0.0854769850430184,0.08547698504301872,2.97785884326229,-21.32866713090265
s1,r1,2.541768782601848,1.6483282322157833,2.091824451997434,0.7371690769915314,0.737169076991532,5.575863529197538,0.7568878362185377
s1,r2,0.3872331067190028,1.6483282322157833,2.1548663662432466,0.10902056807229561,0.10902056807229557,4.721436818466133,-19.197054035731217
s2,r0,0.38636942368017607,2.95992056128395,1.0976012078143471,0.11892635773307725,0.11892635773307741,7.352035981302293,-18.433132529272157
s2,r1,1.0904221998703374,2.95992056128395,2.091824451997434,0.17611218033559536,0.17611218033559517,8.980176636832146,-14.947555926829077
s2,r2,5.472986231700233,2.95992056128395,2.1548663662432466,0.8580724481127866,0.8580724481127843,7.376716271135427,4.459200794271966
s0,r0,15.293506618548415,4.614603012438414,3.881391031769638,0.8538573714076372,0.8538573714076371,8.979582506175383,4.2995387997415175
s0,r1,2.172142826374738,4.614603012438414,3.2946944965559437,0.14286928872712415,0.142869288727124,14.90869631004686,-16.81135800007526
s0,r2,2.123397182518948,4.614603012438414,2.5121992283256245,0.18316513637337428,0.18316513637337442,17.199729614219592,-14.594646385150563
s1,r0,2.9526945937799325,4.360983406070712,3.881391031769638,0.1744402485000046,0.17444024850000456,14.714344070794033,-15.032887666608705
s1,r1,11.186423701492396,4.360983406070712,3.2946944965559437,0.7785592702978553,0.7785592702978544,12.356959808953514,1.872632311675089
s1,r2,2.917404250323349,4.360983406070712,2.5121992283256245,0.26629198764335565,0.2662919876433558,15.12604085457227,-11.173469397130765
s2,r0,3.1243412175231526,4.541835522996705,3.881391031769638,0.17723098756276937,0.1772309875627693,20.179690767110365,-14.890135757708828
s2,r1,3.8801025296741005,4.541835522996705,3.2946944965559437,0.2592964963511327,0.25929649635113244,19.066797560618465,-11.421370619730135
s2,r2,7.0785722408739895,4.541835522996705,2.5121992283256245,0.6203834277800717,0.6203834277800722,21.62865811037594,-2.035496533360144
s0,r0,3.104656411947643,2.314516904459448,2.16559703777826,0.6194061864007431,0.619406186400741,3.659086880514957,-2.058629677834671
s0,r1,1.988656779399177,2.314516904459448,4.140474518050979,0.20751493650750683,0.2075149365075066,12.036797401045515,-13.467968478748613
s0,r2,1.8604372802722853,2.314516904459448,2.5180421861080173,0.3192211623659693,0.31922116236596865,5.73163014127033,-9.45147053406907
s1,r0,1.1829450571018432,4.519124898664741,2.16559703777826,0.12087391277672323,0.12087391277672298,15.502498382917107,-18.289405795602093
s1,r1,15.732284224821882,4.519124898664741,4.140474518050979,0.8407895848463184,0.8407895848463187,18.1149053809452,3.8240655318253607
s1,r2,1.7758807459330974,4.519124898664741,2.5180421861080173,0.15606174275381468,0.15606174275381454,13.19922700742377,-16.026913683204302
s2,r0,1.385369269340361,4.000080956892016,2.16559703777826,0.15992601658380362,0.15992601658380323,15.335421658920097,-15.809089918256896
s2,r1,3.8488305444919813,4.000080956892016,4.140474518050979,0.23238596397282846,0.23238596397282849,19.39984349975639,-12.434827831096904
s2,r2,4.818396899514655,4.000080956892016,2.5180421861080173,0.47837754739192173,0.47837754739192107,11.782293438538737,-5.276032166053756
s0,r0,5.96749604107165,2.4120122843164937,3.1545871800809535,0.7842781038614889,0.784278103861488,6.41766684203995,2.0361790582600707
s0,r1,0.699436867232522,2.4120122843164937,1.864418551489154,0.15553408880390232,0.15553408880390235,6.084100053176949,-16.056416388274258
s0,r2,0.6788911988350708,2.4120122843164937,1.5653257825715103,0.17981086265164978,0.1798108626516498,5.078088591373882,-14.76047540180307
s1,r0,2.987927726324224,2.8388922943900887,3.1545871800809535,0.3336404038799363,0.33364040387993554,9.718416337308996,-9.021901506827252
s1,r1,3.4604130528582444,2.8388922943900887,1.864418551489154,0.6537859900828844,0.6537859900828835,6.325217211720769,-1.2695492678642937
s1,r2,0.3837863928091272,2.8388922943900887,1.5653257825715103,0.08636463026649414,0.08636463026649402,7.119548098727804,-21.240943549388803
s2,r0,2.535362133716636,2.419546045447706,3.1545871800809535,0.33217242288135157,0.3321724228813509,10.475161729122444,-9.06496704563447
s2,r1,0.7103237705941365,2.419546045447706,1.864418551489154,0.15746318849700675,0.15746318849700655,5.213299229335486,-15.947276094516743
s2,r2,2.28354332410893,2.419546045447706,1.5653257825715103,0.6029351811306685,0.6029351811306675,5.148330105294163,-2.432323445942177
s0,r0,4.556321036535435,3.6180193536660923,1.9308655872757212,0.6522159098742913,0.652215909874291,11.42236142834233,-1.305953089292845
s0,r1,1.2932430605254803,3.6180193536660923,3.33774842613082,0.10709166510768252,0.1070916651076825,13.542719055984787,-19.354847433382993
s0,r2,4.591145758272399,3.6180193536660923,2.913622595623904,0.43552882005005683,0.4355288200500566,11.211428871369533,-6.306212000775698
s1,r0,0.6087664379817557,4.039816483246477,1.9308655872757212,0.0780435510512881,0.07804355105128802,11.580482236950502,-22.126820052338157
s1,r1,12.309072483391688,4.039816483246477,3.33774842613082,0.9128724330431811,0.9128724330431803,6.206198472731716,6.9897837766392765
s1,r2,1.0515949514463012,4.039816483246477,2.913622595623904,0.08934156568835888,0.08934156568835883,15.093403676719202,-20.944166503106924
s2,r0,0.7710759103854998,3.4924279408417953,1.9308655872757212,0.11434512109993088,0.11434512109993078,12.045925466087308,-18.77880604444784
s2,r1,1.1583410956745084,3.4924279408417953,3.33774842613082,0.09937002764694254,0.09937002764694251,11.595505428917388,-20.011925559736543
s2,r2,8.279719990165491,3.4924279408417953,2.913622595623904,0.8136823566634972,0.8136823566634968,10.90885305468357,2.9210045384152714
s0,r0,15.167310316750417,4.614025082801607,3.834356493674589,0.8573065323921262,0.8573065323921258,20.63302406224559,4.429843723500541
s0,r1,1.658963293916981,4.614025082801607,2.780077482667898,0.12933019300443196,0.12933019300443188,17.9924872123159,-17.692782498868784
s0,r2,2.4359383417472493,4.614025082801607,2.8324306144350464,0.18639191071776076,0.18639191071776073,19.59001556194302,-14.43791416276562
s1,r0,4.456803599953579,4.1100515148828505,3.834356493674589,0.2828028244744617,0.28280282447446164,17.24021173573594,-10.607953809500314
s1,r1,7.6437176633971475,4.1100515148828505,2.780077482667898,0.6689604951064055,0.668960495106405,14.783070765008796,-0.9147240103470922
s1,r2,4.443048024691919,4.1100515148828505,2.8324306144350464,0.3816580810834984,0.3816580810834984,13.478639496153535,-7.682415075096748
s2,r0,2.027624090523247,4.007865894250314,3.834356493674589,0.13194160807449384,0.1319416080744938,18.148286801739445,-17.515558696353757
s2,r1,2.6930000891544323,4.007865894250314,2.780077482667898,0.24169423207387997,0.2416942320738798,17.179201822718486,-12.072739965820949
s2,r2,6.718386709199276,4.007865894250314,2.8324306144350464,0.5918239509836215,0.5918239509836214,10.808513454094955,-2.683076247659214
s0,r0,17.205010538329955,4.8568064825429005,4.073774177046135,0.8695752944769801,0.8695752944769797,19.73321517766872,4.91511579706161
s0,r1,1.2275799321484318,4.8568064825429005,2.7026975201449375,0.09351936246327745,0.09351936246327718,16.840006327082058,-20.543835177432378
s0,r2,2.7322189854189847,4.8568064825429005,2.933158703222697,0.19179140623407287,0.19179140623407245,20.767178949034065,-14.180666873960664
s1,r0,1.6683755041925863,3.460796729959821,4.073774177046135,0.1183370563794252,0.11833705637942527,17.57023798911377,-18.475940413739007
s1,r1,7.594739492286582,3.460796729959821,2.7026975201449375,0.8119688094472697,0.8119688094472683,9.168407303813334,2.867496426766221
s1,r2,1.5115206218361406,3.460796729959821,2.933158703222697,0.14890264870748454,0.14890264870748443,12.205812309783315,-16.443979188991857
s2,r0,3.178273121946534,4.130195529928783,4.073774177046135,0.1888963872656758,0.18889638726567584,17.157901559097425,-14.317635706410288
s2,r1,1.689619580487914,4.130195529928783,2.7026975201449375,0.15136340132677664,0.15136340132677623,14.785106277967873,-16.29880235255728
s2,r2,8.450331677204431,4.130195529928783,2.933158703222697,0.6975375334243029,0.6975375334243018,11.680733018403446,-0.23342156402373881
s0,r0,0.9305615297982984,2.0343156366415793,0.9861085165162927,0.4638761538025707,0.4638761538025679,4.062188676124761,-5.619691279855252
s0,r1,0.70209606724397,2.0343156366415793,2.180931930274943,0.15824722104622294,0.15824722104622244,6.6841542255562825,-15.903252521326134
s0,r2,1.1106773924482185,2.0343156366415793,2.4763487091191254,0.22047420969651266,0.22047420969651196,6.736797203313424,-12.916534910401248
s1,r0,0.2526568378003921,2.3826352045576202,0.9861085165162927,0.10753474071963515,0.10753474071963467,6.0490961060975295,-19.318099358120318
s1,r1,4.557780114114078,2.3826352045576202,2.180931930274943,0.8771092758805958,0.877109275880595,5.642918020143984,5.231327579516267
s1,r2,0.7893979290437699,2.3826352045576202,2.4763487091191254,0.1337909162966361,0.1337909162966358,9.042547732931276,-17.39266738891557
s2,r0,0.4999027719052107,3.533547307848843,0.9861085165162927,0.14346630897878188,0.14346630897878135,12.556469761994757,-16.775099825624256
s2,r1,0.5660178707737114,3.533547307848843,2.180931930274943,0.0734475176555278,0.07344751765552779,13.673702479424943,-22.65775487074921
s2,r2,7.696742006565816,3.533547307848843,2.4763487091191254,0.8795979712704215,0.8795979712704209,9.91693804276544,5.339000293474369
s0,r0,1.8355390066735469,2.8751139209530647,1.2317004590756842,0.518326552640627,0.5183265526406279,7.3683887406766395,-4.34916466612428
s0,r1,1.4722677544386007,2.8751139209530647,2.586193820797981,0.19800249971153158,0.1980024997115315,8.749003133661242,-13.89301629629887
s0,r2,1.3396373830138666,2.8751139209530647,1.3777548174411456,0.3381896112132103,0.3381896112132112,7.735368568802707,-8.889358840873696
s1,r0,0.508881172656687,3.1725828875477093,1.2317004590756842,0.13022618040251993,0.13022618040251993,8.791421267009575,-17.6323085192137
s1,r1,7.381039997987699,3.1725828875477093,2.586193820797981,0.8995877061385432,0.8995877061385412,9.029072630473681,6.276744051243091
s1,r2,0.3528438663322293,3.1725828875477093,1.3777548174411456,0.08072306745922589,0.08072306745922597,9.685711339200957,-21.832215838758806
s2,r0,0.8480678919044286,2.9834596708957024,1.2317004590756842,0.23078381386442273,0.2307838138644227,8.711762118460253,-12.497490260050723
s2,r1,1.5269855745133252,2.9834596708957024,2.586193820797981,0.19790359934535007,0.19790359934534962,12.429483993194937,-13.896826657110847
s2,r2,2.518359101995592,2.9834596708957024,1.3777548174411456,0.6126684944269701,0.6126684944269708,7.0033469305746445,-2.2112926269206046
s0,r0,26.763998696258813,5.150843354783074,5.501666907060532,0.9444486814557537,0.9444486814557576,22.81207163828514,9.16866824941407
s0,r1,0.5054615739958843,5.150843354783074,2.2263746866759764,0.044076951262400646,0.04407695126240073,24.618511111591022,-27.107591648905295
s0,r2,0.3616843661153069,5.150843354783074,1.393162883484466,0.05040220062102596,0.050402200621026134,24.190546103228893,-25.94032067631388
s1,r0,6.301301991404973,4.823604574509894,5.501666907060532,0.23744569635172974,0.23744569635173,29.83028995343297,-12.236713743376331
s1,r1,7.082836426501359,4.823604574509894,2.2263746866759764,0.6595341051849823,0.6595341051849818,21.631203410134116,-1.135867260260833
s1,r2,0.8175500148350581,4.823604574509894,1.393162883484466,0.12165801801280236,0.12165801801280245,22.25605575424699,-18.23270540677433
s2,r0,3.8482687103468303,5.214763434012083,5.501666907060532,0.13413326160572037,0.1341332616057205,33.83677175439305,-17.370289744641525
s2,r1,3.509361055657996,5.214763434012083,2.2263746866759764,0.30227009684962924,0.302270096849629,19.802116113413156,-9.975848120892367
s2,r2,4.128788431314609,5.214763434012083,1.393162883484466,0.5683110784360658,0.5683110784360664,23.499848452921956,-3.214146011693808
s0,r0,1.5142429684409282,2.2067725281627713,1.4135371388289268,0.4854346506258983,0.4854346506258973,3.006613620019615,-5.109878281428127
s0,r1,1.1026943010008112,2.2067725281627713,3.8008506550398655,0.13146700093171193,0.13146700093171182,10.88455222652212,-17.547409183864833
s0,r2,2.1839737898878013,2.2067725281627713,3.2322788452077496,0.30618297136973577,0.3061829713697357,12.765483370936863,-9.852742629596014
s1,r0,1.10522756081838,5.226034423117804,1.4135371388289268,0.14961399400624553,0.14961399400624534,23.48371761332386,-16.402407737470842
s1,r1,18.176674244316853,5.226034423117804,3.8008506550398655,0.9150848231715187,0.9150848231715187,24.33667302491605,7.117484447258357
s1,r2,2.7253757813031108,5.226034423117804,3.2322788452077496,0.16134120879655922,0.16134120879655936,24.25510564478705,-15.730546107924985
s2,r0,0.9844218521249284,4.608624362267161,1.4135371388289268,0.151113307318095,0.15111330731809472,18.649429403572775,-16.3140701079379
s2,r1,2.1510888837370983,4.608624362267161,3.8008506550398655,0.12280222601408426,0.12280222601408418,21.022004192735363,-18.15016079805168
s2,r2,12.45148702357159,4.608624362267161,3.2322788452077496,0.8358745245803659,0.8358745245803659,13.879056593378044,3.6527896850351027
s0,r0,5.695742402671239,2.5489912589718142,2.8544926911892325,0.7828040393690107,0.7828040393690106,7.867557142262364,1.9936382080497204
s0,r1,0.8671454185387156,2.5489912589718142,2.0804124389050607,0.16352123026881507,0.16352123026881513,8.013766523626428,-15.610647524928023
s0,r2,1.3781791366354743,2.5489912589718142,2.170242007320665,0.24913179635126387,0.24913179635126356,5.386237205057499,-11.793041073611622
s1,r0,1.725006414852475,2.5295127547168996,2.8544926911892325,0.23890481646161446,0.23890481646161454,10.701342499330998,-12.180305242298065
s1,r1,3.6453225484240903,2.5295127547168996,2.0804124389050607,0.692707112011532,0.6927071120115325,6.106035886389561,-0.35035979269366946
s1,r2,0.7817551319697627,2.5295127547168996,2.170242007320665,0.14240515205253798,0.14240515205253784,7.02502827833213,-16.84055889584975
s2,r0,1.3339641842458534,3.3713978799311626,2.8544926911892325,0.1386134026410405,0.13861340264104044,11.527215790083723,-17.079878485476204
s2,r1,1.2947302173308965,3.3713978799311626,2.0804124389050607,0.18459495725100486,0.18459495725100492,10.193477225982598,-14.525197590526876
s2,r2,5.096212304451849,3.3713978799311626,2.170242007320665,0.696513177343301,0.6965131773433002,8.383375522228219,-0.25818953471888195
s0,r0,14.669585814053494,3.978606176521136,4.069400697472063,0.9060589284027374,0.9060589284027368,21.34750706131755,6.613454871309427
s0,r1,1.3755648505338283,3.978606176521136,2.32144960754229,0.14893297219446747,0.14893297219446733,16.301244988189218,-16.442974541408457
s0,r2,0.3987245190994434,3.978606176521136,1.2737093913000044,0.07868132039573522,0.07868132039573504,13.39297824523247,-22.05665219089383
s1,r0,0.9769700958721648,2.469954042679826,4.069400697472063,0.09719903266022889,0.09719903266022877,16.081083244447743,-20.205076940942536
s1,r1,4.389017978956225,2.469954042679826,2.32144960754229,0.7654542285219726,0.7654542285219719,5.557435607111157,1.5080238792004996
s1,r2,0.41527365144225514,2.469954042679826,1.2737093913000044,0.1320003713570002,0.13200037135699988,6.08667818964906,-17.511072163591717
s2,r0,2.499371707741979,3.306485126791917,4.069400697472063,0.18575213780647137,0.18575213780647096,13.031073870533467,-14.46752757238751
s2,r1,0.7329005744672826,3.306485126791917,2.32144960754229,0.09548149885192216,0.09548149885192198,11.654529932530593,-20.35949988386145
s2,r2,2.2312075292555895,3.306485126791917,1.2737093913000044,0.529789128733191,0.5297891287331891,10.723093790887653,-4.085193342583844
s0,r0,1.7420890245625982,3.8259487182805842,1.5659898400250745,0.2907650880966275,0.29076508809662716,12.073356733128518,-10.34566067010681
s0,r1,7.906618253539545,3.8259487182805842,3.354897326008303,0.6159881998250879,0.6159881998250879,16.91195378349104,-2.136327399422168
s0,r2,1.773411226928939,3.8259487182805842,2.627795265130245,0.17639195885824968,0.1763919588582496,16.86748782434754,-14.933326983363889
s1,r0,0.8650556210615914,3.81218608735038,1.5659898400250745,0.1449042089493235,0.14490420894932332,12.74807967375876,-16.686255678186004
s1,r1,8.575574011768087,3.81218608735038,3.354897326008303,0.6705171246152378,0.6705171246152374,18.71315891097004,-0.8786420980438624
s1,r2,2.2169777943191593,3.81218608735038,2.627795265130245,0.2213072926698466,0.22130729266984642,12.713136965808376,-12.882013034482506
s2,r0,0.765134947485089,4.811581277914707,1.5659898400250745,0.10154563795138508,0.1015456379513849,19.4420021750123,-19.82247645499093
s2,r1,3.3258282441217255,4.811581277914707,3.354897326008303,0.20603108866839462,0.20603108866839445,21.630127855974617,-13.5329372358197
s2,r2,9.604040605762137,4.811581277914707,2.627795265130245,0.7595819490148951,0.7595819490148942,14.643304401964688,1.3478693947367457
s0,r0,3.89031222799035,3.3831472406030563,2.0324890334874737,0.565764049877571,0.5657640498775697,11.261808484437337,-3.2711471515631456
s0,r1,4.478590750549768,3.3831472406030563,3.448956575125913,0.3838245532023526,0.3838245532023515,14.998278893722869,-7.624731030652584
s0,r2,1.4903963218656866,3.3831472406030563,2.602468468030483,0.16927600246577465,0.1692760024657743,12.957867991997254,-15.301362610881228
s1,r0,0.9571648200941131,3.042985568784882,2.0324890334874737,0.1547599655310234,0.15475996553102322,11.169550314060729,-16.101297655538065
s1,r1,8.78858476402472,3.042985568784882,3.448956575125913,0.837396857345592,0.8373968573455899,15.06829120355029,3.7054554042121173
s1,r2,0.4204384371945463,3.042985568784882,2.602468468030483,0.05309052795108433,0.05309052795108427,12.531194996892406,-25.487172683700507
s2,r0,0.634239205034731,2.7283465272850593,2.0324890334874737,0.11437348223083334,0.1143734822308333,7.983525047370749,-18.77696885380951
s2,r1,1.1336545506967044,2.7283465272850593,3.448956575125913,0.1204740416235319,0.12047404162353174,13.022590925447215,-18.318857061997857
s2,r2,5.182823153506374,2.7283465272850593,2.602468468030483,0.729930287984491,0.7299302879844909,9.768668423112992,0.5709339795742191
s0,r0,12.74559811854055,4.142041684641392,3.8376706103785097,0.8018221682258775,0.8018221682258775,10.922972904544425,2.5538941333461898
s0,r1,1.8154423982068586,4.142041684641392,3.5695454064157652,0.12278776598323154,0.12278776598323152,18.932503427948504,-18.150924456080133
s0,r2,4.071925939681433,4.142041684641392,4.117266361008564,0.23876817569144054,0.2387681756914405,25.931383465616566,-12.185543216165522
s1,r0,3.080282914769667,6.00947626669206,3.8376706103785097,0.13356303723676943,0.13356303723676943,34.472878149772406,-17.40806745748369
s1,r1,16.756395115846693,6.00947626669206,3.5695454064157652,0.7811439209896173,0.7811439209896168,26.38230814557762,1.946057816125818
s1,r2,6.202838179655471,6.00947626669206,4.117266361008564,0.25069453289330573,0.25069453289330546,34.23760793230826,-11.735177601942608
s2,r0,2.997069852401295,4.87070309178938,3.8376706103785097,0.16033838771104877,0.1603383877110488,22.23847235858844,-15.78619659914072
s2,r1,3.8947610055678528,4.87070309178938,3.5695454064157652,0.22401455958348923,0.22401455958348915,22.208340255149377,-12.77089481088096
s2,r2,14.636999479272285,4.87070309178938,4.117266361008564,0.7298799551851436,0.7298799551851431,22.65551529749546,0.5692940546448707
s0,r0,10.079250124894955,3.742385976007338,3.4664487042052,0.776953214266994,0.7769532142669932,10.197754081164806,1.8271748603547355
s0,r1,1.580388809349966,3.742385976007338,2.4679905072083512,0.1711086180990477,0.17110861809904765,14.048375864803589,-15.20547868479785
s0,r2,0.5813442407127611,3.742385976007338,1.3416735030713605,0.11578117546319966,0.1157811754631994,9.95875313960593,-18.668837258875232
s1,r0,5.663187001794729,3.6973842430865047,3.4664487042052,0.44185679538069444,0.441856795380694,14.352834079396805,-6.150696845137553
s1,r1,5.234063040764422,3.6973842430865047,2.4679905072083512,0.5735890846167437,0.5735890846167437,9.168086601006635,-3.0949609039425505
s1,r2,0.6165140618095553,3.6973842430865047,1.3416735030713605,0.12428008960155103,0.12428008960155082,11.54994229457124,-18.04347799415851
s2,r0,1.7228313486580125,3.0449982217353773,3.4664487042052,0.16321908702054108,0.16321908702054092,13.21438852693107,-15.627146636536192
s2,r1,2.298330528746547,3.0449982217353773,2.4679905072083512,0.3058313188694976,0.3058313188694975,9.421458715849228,-9.862788175617874
s2,r2,2.1736271210511937,3.0449982217353773,1.3416735030713605,0.5320484202468122,0.5320484202468113,8.07862551018802,-4.034946640414396
s0,r0,9.46614378293307,4.512201421698069,2.660696283852322,0.7884775197402076,0.7884775197402067,12.794602832100882,2.157382692837527
s0,r1,2.504732936316153,4.512201421698069,4.059688422546216,0.1367351733155335,0.13673517331553336,19.346914655577127,-17.2004594088249
s0,r2,1.367884069012909,4.512201421698069,1.8636866230870048,0.16266268081797247,0.16266268081797242,16.453898757932873,-15.657815743683875
s1,r0,1.3090654840753404,4.0571935397868,2.660696283852322,0.1212663605478541,0.121266360547854,13.682918625019354,-18.260640355699266
s1,r1,14.900240384278433,4.0571935397868,4.059688422546216,0.9046380412601517,0.9046380412601512,11.189491658783936,6.5379141389861815
s1,r2,0.9020889153676745,4.0571935397868,1.8636866230870048,0.11930282651214083,0.11930282651214089,12.607408539874154,-18.404485406322866
s2,r0,2.140047621001343,3.8536787905825554,2.660696283852322,0.20871449993819718,0.20871449993819707,11.279954392286223,-13.41560136617129
s2,r1,3.892852056826972,3.8536787905825554,4.059688422546216,0.24882824889278035,0.2488282488927802,18.45205187445363,-11.80445990544384
s2,r2,3.839003371154823,3.8536787905825554,1.8636866230870048,0.5345275483630796,0.5345275483630798,12.633134464235807,-3.979240223779485
s0,r0,1.9159581477914152,3.092235724947473,1.218194653082332,0.5086238674748024,0.5086238674748017,8.67616070359079,-4.572089011247595
s0,r1,1.8552238951418252,3.092235724947473,3.1371816723902515,0.19124234787032265,0.1912423478703223,13.014839726054172,-14.206344279428652
s0,r2,1.7367814043251166,3.092235724947473,2.18424940926493,0.25714041486508155,0.2571404148650814,9.820773457538172,-11.499626482206152
s1,r0,0.5601171583663426,3.067316342931368,1.218194653082332,0.14990068564215814,0.14990068564215808,8.603667708451228,-16.3849719024561
s1,r1,7.997200277187085,3.067316342931368,3.1371816723902515,0.8310740744744294,0.8310740744744284,12.715670716464599,3.488804039861623
s1,r2,1.530162369078824,3.067316342931368,2.18424940926493,0.2283898092261532,0.22838980922615326,10.600968267261049,-12.593686094938198
s2,r0,0.5057996181566043,4.002727789464053,1.218194653082332,0.10373032815882018,0.10373032815882006,13.92060531942883,-19.634876820248426
s2,r1,1.8289086926087461,4.002727789464053,3.1371816723902515,0.14564524101253515,0.1456452410125349,18.376070642645566,-16.640955911872364
s2,r2,6.354364739072672,4.002727789464053,2.18424940926493,0.7267982221877619,0.7267982221877617,12.469782202667476,0.4910443129005108
s0,r0,5.560286620057789,3.350112365386266,2.1156473602615797,0.7845028483403733,0.7845028483403718,7.868017250215885,2.0423397335083604
s0,r1,1.1016912994341073,3.350112365386266,3.9386878195321526,0.08349279232100645,0.08349279232100634,18.914836980254268,-21.53662460351284
s0,r2,0.2837754639098675,3.350112365386266,1.1503661203412852,0.07363416828558852,0.07363416828558848,10.442107034366698,-22.63472608279551
s1,r0,0.7594680699892031,4.510333146152788,2.1156473602615797,0.07958983749518861,0.07958983749518858,21.251751470874403,-21.95536608827139
s1,r1,16.41117383099814,4.510333146152788,3.9386878195321526,0.9238032044357988,0.9238032044357992,14.82229895271479,7.650655806999853
s1,r2,0.14489677065039477,4.510333146152788,1.1503661203412852,0.027926338785674215,0.027926338785674236,20.431863090159002,-31.075763047648717
s2,r0,1.101931610226702,5.1291035861836525,2.1156473602615797,0.10154765315885027,0.10154765315885017,27.005874563925996,-19.822103941750967
s2,r1,2.282863495367737,5.1291035861836525,3.9386878195321526,0.11300220383340683,0.1130022038334068,32.15768696927643,-18.882260808533136
s2,r2,2.167798520695469,5.1291035861836525,1.1503661203412852,0.3674018702915795,0.3674018702915794,21.809401301768126,-8.067100549674208
s0,r0,14.560848516605361,4.093159263551544,3.8472713422064078,0.9246454202812397,0.9246454202812386,23.823152689550184,7.704928156090852
s0,r1,1.6525414654099715,4.093159263551544,4.069448820204044,0.09921061262896269,0.09921061262896266,24.56250341204793,-20.026001456126785
s0,r2,0.9365391108120114,4.093159263551544,2.490720100080409,0.09186336502373332,0.09186336502373323,16.03120545302311,-20.700533274145275
s1,r0,1.4931504657638945,4.299609653555759,3.8472713422064078,0.09026548651315221,0.09026548651315211,20.550800507618366,-20.853855937374817
s1,r1,16.034638126389694,4.299609653555759,4.069448820204044,0.9164199666958488,0.9164199666958486,13.74350161233648,7.196122312272775
s1,r2,0.7957061460262909,4.299609653555759,2.490720100080409,0.07430170125593552,0.07430170125593545,13.193876330446749,-22.555756771720368
s2,r0,0.6089501060035051,3.9929556472750765,3.8472713422064078,0.03964006944966859,0.03964006944966861,24.384613406505785,-28.03105780820946
s2,r1,1.4221271305358962,3.9929556472750765,4.069448820204044,0.08752020870466846,0.08752020870466858,19.088073284254648,-21.124624835174732
s2,r2,8.513042941940203,3.9929556472750765,2.490720100080409,0.8559835376700761,0.8559835376700771,14.873720808226533,4.379485093988213
s0,r0,9.006294783697138,4.167674163458356,3.022010312733144,0.7150830073920444,0.7150830073920446,15.412175210100543,0.19710640266287682
s0,r1,3.067269669396602,4.167674163458356,3.163982977722902,0.2326076877277954,0.2326076877277956,15.744256425503382,-12.425893973885719
s0,r2,4.626114271952597,4.167674163458356,3.8951849583162717,0.28496696311901615,0.2849669631190163,18.74088154143573,-10.536261705518717
s1,r0,0.8608242972943215,2.61308260914927,3.022010312733144,0.10900977295066007,0.10900977295066003,12.238807602091914,-19.19862005106562
s1,r1,6.382026360461053,2.61308260914927,3.163982977722902,0.7719182623612928,0.7719182623612935,6.894361544385003,1.686425445401584
s1,r2,1.043670587196883,2.61308260914927,3.8951849583162717,0.1025373809355382,0.10253738093553816,11.779529802021392,-19.736096607808694
s2,r0,1.0446384291904578,3.784496029109411,3.022010312733144,0.09134020926773853,0.09134020926773848,17.92254887543397,-20.750224275127973
s2,r1,1.6175391109899047,3.784496029109411,3.163982977722902,0.13508670176147047,0.13508670176147053,13.593502753602527,-17.30802848318169
s2,r2,12.03433659695916,3.784496029109411,3.8951849583162717,0.8163680811397529,0.8163680811397527,15.687920187458847,3.0069095677498723
s0,r0,8.570451121324894,3.4645759467171313,2.7075604564608287,0.9136406915050647,0.913640691505064,8.566614206005955,7.0338896856497195
s0,r1,0.10000169427230408,3.4645759467171313,1.261682908638936,0.022877420362260644,0.02287742036226061,12.19423572554936,-32.81202364128743
s0,r2,0.7406634850255133,3.4645759467171313,3.3585236566942664,0.06365352173058024,0.0636535217305802,18.325458060849726,-23.90618131564695
s1,r0,0.13118642969305622,1.272507910866993,2.7075604564608287,0.03807590714948481,0.03807590714948485,7.696794145184871,-28.379018253757543
s1,r1,0.9769767300877779,1.272507910866993,1.261682908638936,0.6085181115618709,0.6085181115618707,2.070237248202658,-2.304734207305376
s1,r2,0.09771637883306185,1.272507910866993,3.3585236566942664,0.02286432906596186,0.022864329065961878,11.92503281964344,-32.81103743097973
s2,r0,0.4917719161813398,3.7686042287919927,2.7075604564608287,0.048195337947067145,0.048195337947067186,14.503565826625831,-26.329876213684624
s2,r1,0.12060572104149356,3.7686042287919927,1.261682908638936,0.02536513384948449,0.02536513384948449,13.067967170129705,-31.913193001369116
s2,r2,9.92517741816314,3.7686042287919927,3.3585236566942664,0.7841683974377063,0.7841683974377068,10.493350539101895,2.0326730469327527
s0,r0,18.977901982894583,5.846734350947441,3.8732168714768833,0.8380366698357901,0.8380366698357897,36.59639356532139,3.727565918743871
s0,r1,7.185187190997008,5.846734350947441,5.836690610993908,0.21055136053763673,0.2105513605376366,37.029306424404325,-13.335902759203762
s0,r2,1.178609777420539,5.846734350947441,2.081338083235326,0.09685321619148617,0.096853216191486,32.01047415791179,-20.236766017147477
s1,r0,2.6522664476946467,6.30004664046951,3.8732168714768833,0.108692998998359,0.10869299899835891,35.130846553506856,-19.224468590372236
s1,r1,33.14184044163054,6.30004664046951,5.836690610993908,0.9012933868185172,0.9012933868185176,40.544349432865594,6.363434267055718
s1,r2,1.4621938409967066,6.30004664046951,2.081338083235326,0.11151121680144414,0.11151121680144407,34.056405104236916,-18.99940526944901
s2,r0,1.992615902873869,5.073248942365764,3.8732168714768833,0.10140645566284041,0.10140645566284032,26.586939409441865,-19.83330295541334
s2,r1,6.490426163262324,5.073248942365764,5.836690610993908,0.2191898134972951,0.21918981349729505,42.67706387059535,-12.969496970041785
s2,r2,5.917396786248672,5.073248942365764,2.081338083235326,0.5604048525938947,0.5604048525938938,22.961454661495402,-3.3925751187319904
s0,r0,2.345620639853769,3.3787998712573444,1.5787196982016167,0.43973423423350927,0.4397342342335093,11.178495412408967,-6.202547534726385
s0,r1,1.0692648061263088,3.3787998712573444,2.485409342633377,0.1273282813718984,0.1273282813718982,12.27842799274051,-17.829842559229334
s0,r2,3.915903314690784,3.3787998712573444,2.35610226278665,0.49189833780282877,0.4918983378028283,9.113226423313007,-4.958978319400847
s1,r0,0.4776320379372745,2.8057473399385984,1.5787196982016167,0.10783006386166616,0.107830063861666,6.979108583070789,-19.294513562408714
s1,r1,6.091863849477261,2.8057473399385984,2.485409342633377,0.8735820507437935,0.873582050743791,5.5295502451014,5.081252740619067
s1,r2,0.7097890284135724,2.8057473399385984,2.35610226278665,0.10737089809050591,0.1073708980905057,7.573586873724421,-19.332012931838978
s2,r0,0.7824734946717259,2.796855529532228,1.5787196982016167,0.17721259035427178,0.17721259035427173,7.3885156338771925,-14.891560987744267
s2,r1,1.385777274066262,2.796855529532228,2.485409342633377,0.1993542389736311,0.1993542389736307,7.78144210652275,-13.8313904053579
s2,r2,2.7684785679382733,2.796855529532228,2.35610226278665,0.4201235202112844,0.4201235202112839,7.421442635583246,-6.6890836015271065
s0,r0,14.912875300536697,3.983311004378928,4.113031763607795,0.9102383032030849,0.9102383032030824,6.315801615880933,6.84146236804682
s0,r1,0.8732688070007291,3.983311004378928,2.6141385028489723,0.0838639159829122,0.08386391598291201,13.87404811730851,-21.497910355468
s0,r2,0.08273408653061909,3.983311004378928,1.6626737102333375,0.012492036089558168,0.01249203608955812,14.442472616622112,-38.07117155541812
s1,r0,3.526880316530861,4.569225110783665,4.113031763607795,0.1876662189331539,0.18766621893315388,20.767300878708618,-14.376403829329316
s1,r1,8.233728123244417,4.569225110783665,2.6141385028489723,0.6893271339682,0.6893271339682001,18.72185421987906,-0.43156433875773714
s1,r2,0.43501361330705524,4.569225110783665,1.6626737102333375,0.05726025308485341,0.05726025308485328,17.520209196869814,-24.82765765445248
s2,r0,1.4912177240043345,3.443385922309417,4.113031763607795,0.10529149541612932,0.10529149541612916,17.747447278309885,-19.503298116857213
s2,r1,2.3863614408271623,3.443385922309417,2.6141385028489723,0.2651074483621856,0.2651074483621853,11.280930032720107,-11.21491791283631
s2,r2,1.9511960247824756,3.443385922309417,1.6626737102333375,0.3408067384107478,0.34080673841074666,11.461663534975907,-8.813224102251304
s0,r0,23.482491866782762,4.997403656116919,4.989298218717609,0.9418034720223768,0.9418034720223768,6.166313809691872,8.948183676939617
s0,r1,1.0021012608950333,4.997403656116919,2.4289715513823964,0.08255526011140249,0.08255526011140243,18.37010457161995,-21.635509983451225
s0,r2,0.6133697435130747,4.997403656116919,2.421984203207013,0.05067650003098972,0.050676500030989696,17.910557144658057,-25.892818450728097
s1,r0,4.188819621963358,3.722680098633651,4.989298218717609,0.22552592797085033,0.22552592797085025,22.526374810348592,-12.709322319743096
s1,r1,6.080570505175793,3.722680098633651,2.4289715513823964,0.6724595764235196,0.672459576423519,13.676649417000887,-0.8327832009968008
s1,r2,2.341259264783857,3.722680098633651,2.421984203207013,0.25967042286073616,0.259670422860736,12.16299498628461,-11.4082895745571
s2,r0,2.6537048821798095,4.88493362035962,4.989298218717609,0.10888159986341836,0.10888159986341839,23.063991376826195,-19.208720224004328
s2,r1,1.679108245632497,4.88493362035962,2.4289715513823964,0.14151341107075918,0.14151341107075918,22.285883938337193,-16.895400894889967
s2,r2,8.608823898503733,4.88493362035962,2.421984203207013,0.7276354527766848,0.7276354527766846,17.912561163022318,0.5127834340920914
s0,r0,14.20048027716108,4.012580332519692,3.9061880066245505,0.9059957295027725,0.9059957295027699,14.164839674501797,6.609876008679584
s0,r1,0.3116955058322984,4.012580332519692,1.6783634730494117,0.04628292322093814,0.04628292322093806,15.320752800939518,-26.682150593347338
s0,r2,2.0623149218115966,4.012580332519692,3.132735574668348,0.1640618124695981,0.16406181246959792,16.846600751373337,-15.581310086253382
s1,r0,1.2895784084880726,3.4027517475083173,3.9061880066245505,0.09702068691735498,0.09702068691735484,17.482256642252054,-20.221303839161635
s1,r1,3.0949876047788933,3.4027517475083173,1.6783634730494117,0.5419292961058939,0.5419292961058935,11.389096521250174,-3.8109108081707586
s1,r2,3.080051016196,3.4027517475083173,3.132735574668348,0.28893749642534583,0.2889374964253457,14.342358664119718,-10.405089966418792
s2,r0,2.229743598258786,3.7629829451080945,3.9061880066245505,0.15169439474542398,0.1516943947454238,19.32728979451172,-16.279534036831233
s2,r1,0.1434646108683881,3.7629829451080945,1.6783634730494117,0.02271572045423985,0.02271572045423984,13.039670135621487,-32.872364014456544
s2,r2,9.17472848839265,3.7629829451080945,3.132735574668348,0.7782824404004878,0.7782824404004882,14.570312040297832,1.8649969015135532
s0,r0,7.4727398799807165,2.9550504714365786,3.1332973641447395,0.8070739853892815,0.8070739853892801,7.653110436715282,2.7146212821192623
s0,r1,0.43338589737637395,2.9550504714365786,1.6879448882531867,0.0868863612086251,0.08688636120862506,7.27786004874631,-21.187870516403077
s0,r2,1.1750450223456503,2.9550504714365786,2.2920739356522115,0.17348462097408562,0.1734846209740854,9.35285771594333,-15.081984551897051
s1,r0,2.782417403277498,2.190467202238019,3.1332973641447395,0.4054001572505155,0.4054001572505148,8.438375585659843,-7.06256643690863
s1,r1,2.2307576376030034,2.190467202238019,1.6879448882531867,0.6033334039429029,0.6033334039429029,5.6801658735332685,-2.4233163135399294
s1,r2,0.985210294608639,2.190467202238019,2.2920739356522115,0.19622916855698352,0.19622916855698325,6.264674524259192,-13.974169117317324
s2,r0,1.4527172072065755,2.678927533966975,3.1332973641447395,0.17306868801357558,0.1730686880135753,7.325641485782579,-15.103538217229495
s2,r1,0.4315044932504792,2.678927533966975,1.6879448882531867,0.09542586244477709,0.09542586244477705,5.872246795048059,-20.36755326144556
s2,r2,4.874279020238288,2.678927533966975,2.2920739356522115,0.7938177351603615,0.7938177351603602,6.6504911928805015,2.3142007533119036
s0,r0,19.806695554212805,4.549111217047561,4.948262363981735,0.8798988559805313,0.8798988559805323,24.15206338881531,5.3518843746809655
s0,r1,0.6997111528836231,4.549111217047561,2.2274804766081844,0.06905232969707722,0.06905232969707716,20.726887532109874,-23.195490033403757
s0,r2,1.2869083281022333,4.549111217047561,2.3824739312554595,0.11873886667789431,0.11873886667789409,19.488130030781022,-18.4464324562004
s1,r0,2.328688921992204,3.927688513384799,4.948262363981735,0.11981790453710331,0.11981790453710346,27.578531615496704,-18.366928568607904
s1,r1,6.758615142519926,3.927688513384799,2.2274804766081844,0.7725147354070251,0.7725147354070244,14.902831538639392,1.702692312017729
s1,r2,1.2557490137513878,3.927688513384799,2.3824739312554595,0.13419540636819113,0.1341954063681909,13.27457153615002,-17.366441063537945
s2,r0,5.031352076361257,3.3805789927080925,4.948262363981735,0.3007744227216395,0.30077442272163935,21.333527913083415,-10.02336217472831
s2,r1,0.8185003478269045,3.3805789927080925,2.2274804766081844,0.10869607791209242,0.10869607791209207,11.249323902131282,-19.224035937875918
s2,r2,4.754662330072189,3.3805789927080925,2.3824739312554595,0.5903375840556933,0.5903375840556908,9.131144753257432,-2.7171360716295303
s0,r0,3.287852520509559,2.702981179423653,1.5299122137779972,0.7950652921282589,0.7950652921282553,7.887615947900522,2.3511211055193795
s0,r1,0.7120562462192923,2.702981179423653,2.6899426408139435,0.0979328197749758,0.09793281977497569,8.428486890986585,-20.139604232227278
s0,r2,0.3419396681861529,2.702981179423653,1.0624101971467905,0.11907325719136715,0.11907325719136676,7.284190318930772,-18.42172229895514
s1,r0,0.3655975232214521,2.6794300997356517,1.5299122137779972,0.08918551025457606,0.0891855102545757,7.211598471836665,-20.95988286299728
s1,r1,6.1702094391692395,2.6794300997356517,2.6899426408139435,0.8560802042079375,0.8560802042079371,9.064319837093645,4.383141849766856
s1,r2,0.3709001745497241,2.6794300997356517,1.0624101971467905,0.13029338750880703,0.1302933875088067,6.259113293131274,-17.627800700693005
s2,r0,0.6761806388368514,2.3295496894281897,1.5299122137779972,0.18972486009097753,0.18972486009097672,6.5276305389280695,-14.276371447096475
s2,r1,0.9217679724694006,2.3295496894281897,2.6899426408139435,0.14709794865953799,0.14709794865953787,8.991336119558932,-16.55113436123
s2,r2,1.004602368563622,2.3295496894281897,1.0624101971467905,0.4059102226045621,0.40591022260456106,4.861794274009068,-7.047286503826929
